Id,OrgId,MaterialId,WarehouseId,Quantity,DataVersion,SnapshotDate,CreatedAt
1,1,1,NORTH,7177.0,1,2025-07-16,"2026-07-16 13:58:28"
2,1,1,MAIN,6980.0,2,2025-08-16,"2026-07-16 13:58:28"
3,1,1,EAST,7207.0,3,2025-09-16,"2026-07-16 13:58:28"
4,1,1,WEST,6929.0,4,2025-10-16,"2026-07-16 13:58:28"
5,1,1,WEST,6991.0,5,2025-11-16,"2026-07-16 13:58:28"
6,1,1,MAIN,7280.0,6,2025-12-16,"2026-07-16 13:58:28"
7,1,1,EAST,6919.0,7,2026-01-16,"2026-07-16 13:58:28"
8,1,1,MAIN,7237.0,8,2026-02-16,"2026-07-16 13:58:28"
9,1,1,WEST,6921.0,9,2026-03-16,"2026-07-16 13:58:28"
10,1,1,NORTH,7142.0,10,2026-04-16,"2026-07-16 13:58:28"
11,1,1,NORTH,7084.0,11,2026-05-16,"2026-07-16 13:58:28"
12,1,1,EAST,7302.0,12,2026-06-16,"2026-07-16 13:58:28"
13,1,2,MAIN,906.0,1,2025-07-16,"2026-07-16 13:58:28"
14,1,2,NORTH,1155.0,2,2025-08-16,"2026-07-16 13:58:28"
15,1,2,NORTH,962.0,3,2025-09-16,"2026-07-16 13:58:28"
16,1,2,MAIN,1033.0,4,2025-10-16,"2026-07-16 13:58:28"
17,1,2,MAIN,976.0,5,2025-11-16,"2026-07-16 13:58:28"
18,1,2,EAST,1124.0,6,2025-12-16,"2026-07-16 13:58:28"
19,1,2,EAST,862.0,7,2026-01-16,"2026-07-16 13:58:28"
20,1,2,MAIN,1021.0,8,2026-02-16,"2026-07-16 13:58:28"
21,1,2,MAIN,1114.0,9,2026-03-16,"2026-07-16 13:58:28"
22,1,2,MAIN,993.0,10,2026-04-16,"2026-07-16 13:58:28"
23,1,2,WEST,986.0,11,2026-05-16,"2026-07-16 13:58:28"
24,1,2,WEST,932.0,12,2026-06-16,"2026-07-16 13:58:28"
25,1,3,EAST,5408.0,1,2025-07-16,"2026-07-16 13:58:28"
26,1,3,MAIN,5363.0,2,2025-08-16,"2026-07-16 13:58:28"
27,1,3,NORTH,5179.0,3,2025-09-16,"2026-07-16 13:58:28"
28,1,3,NORTH,5393.0,4,2025-10-16,"2026-07-16 13:58:28"
29,1,3,WEST,5099.0,5,2025-11-16,"2026-07-16 13:58:28"
30,1,3,EAST,5197.0,6,2025-12-16,"2026-07-16 13:58:28"
31,1,3,NORTH,5384.0,7,2026-01-16,"2026-07-16 13:58:28"
32,1,3,EAST,5414.0,8,2026-02-16,"2026-07-16 13:58:28"
33,1,3,WEST,5457.0,9,2026-03-16,"2026-07-16 13:58:28"
34,1,3,MAIN,5171.0,10,2026-04-16,"2026-07-16 13:58:28"
35,1,3,NORTH,5351.0,11,2026-05-16,"2026-07-16 13:58:28"
36,1,3,MAIN,5188.0,12,2026-06-16,"2026-07-16 13:58:28"
37,1,4,NORTH,7588.0,1,2025-07-16,"2026-07-16 13:58:28"
38,1,4,MAIN,7528.0,2,2025-08-16,"2026-07-16 13:58:28"
39,1,4,WEST,7574.0,3,2025-09-16,"2026-07-16 13:58:28"
40,1,4,EAST,7638.0,4,2025-10-16,"2026-07-16 13:58:28"
41,1,4,WEST,7410.0,5,2025-11-16,"2026-07-16 13:58:28"
42,1,4,NORTH,7471.0,6,2025-12-16,"2026-07-16 13:58:28"
43,1,4,MAIN,7372.0,7,2026-01-16,"2026-07-16 13:58:28"
44,1,4,NORTH,7356.0,8,2026-02-16,"2026-07-16 13:58:28"
45,1,4,MAIN,7489.0,9,2026-03-16,"2026-07-16 13:58:28"
46,1,4,MAIN,7602.0,10,2026-04-16,"2026-07-16 13:58:28"
47,1,4,NORTH,7673.0,11,2026-05-16,"2026-07-16 13:58:28"
48,1,4,WEST,7351.0,12,2026-06-16,"2026-07-16 13:58:28"
49,1,5,MAIN,6997.0,1,2025-07-16,"2026-07-16 13:58:28"
50,1,5,EAST,6829.0,2,2025-08-16,"2026-07-16 13:58:28"
51,1,5,NORTH,7157.0,3,2025-09-16,"2026-07-16 13:58:28"
52,1,5,WEST,6847.0,4,2025-10-16,"2026-07-16 13:58:28"
53,1,5,WEST,6934.0,5,2025-11-16,"2026-07-16 13:58:28"
54,1,5,MAIN,6860.0,6,2025-12-16,"2026-07-16 13:58:28"
55,1,5,EAST,7141.0,7,2026-01-16,"2026-07-16 13:58:28"
56,1,5,EAST,6849.0,8,2026-02-16,"2026-07-16 13:58:28"
57,1,5,EAST,7209.0,9,2026-03-16,"2026-07-16 13:58:28"
58,1,5,EAST,6978.0,10,2026-04-16,"2026-07-16 13:58:28"
59,1,5,WEST,7082.0,11,2026-05-16,"2026-07-16 13:58:28"
60,1,5,MAIN,7051.0,12,2026-06-16,"2026-07-16 13:58:28"
61,1,6,NORTH,1550.0,1,2025-07-16,"2026-07-16 13:58:28"
62,1,6,NORTH,1674.0,2,2025-08-16,"2026-07-16 13:58:28"
63,1,6,NORTH,1791.0,3,2025-09-16,"2026-07-16 13:58:28"
64,1,6,MAIN,1725.0,4,2025-10-16,"2026-07-16 13:58:28"
65,1,6,EAST,1645.0,5,2025-11-16,"2026-07-16 13:58:28"
66,1,6,NORTH,1670.0,6,2025-12-16,"2026-07-16 13:58:28"
67,1,6,EAST,1819.0,7,2026-01-16,"2026-07-16 13:58:28"
68,1,6,EAST,1729.0,8,2026-02-16,"2026-07-16 13:58:28"
69,1,6,NORTH,1550.0,9,2026-03-16,"2026-07-16 13:58:28"
70,1,6,MAIN,1709.0,10,2026-04-16,"2026-07-16 13:58:28"
71,1,6,WEST,1769.0,11,2026-05-16,"2026-07-16 13:58:28"
72,1,6,WEST,1741.0,12,2026-06-16,"2026-07-16 13:58:28"
73,1,7,EAST,7603.0,1,2025-07-16,"2026-07-16 13:58:28"
74,1,7,MAIN,7512.0,2,2025-08-16,"2026-07-16 13:58:28"
75,1,7,WEST,7229.0,3,2025-09-16,"2026-07-16 13:58:28"
76,1,7,NORTH,7385.0,4,2025-10-16,"2026-07-16 13:58:28"
77,1,7,WEST,7314.0,5,2025-11-16,"2026-07-16 13:58:28"
78,1,7,WEST,7576.0,6,2025-12-16,"2026-07-16 13:58:28"
79,1,7,EAST,7469.0,7,2026-01-16,"2026-07-16 13:58:28"
80,1,7,EAST,7495.0,8,2026-02-16,"2026-07-16 13:58:28"
81,1,7,EAST,7277.0,9,2026-03-16,"2026-07-16 13:58:28"
82,1,7,WEST,7242.0,10,2026-04-16,"2026-07-16 13:58:28"
83,1,7,MAIN,7444.0,11,2026-05-16,"2026-07-16 13:58:28"
84,1,7,NORTH,7214.0,12,2026-06-16,"2026-07-16 13:58:28"
85,1,8,NORTH,160.0,1,2025-07-16,"2026-07-16 13:58:28"
86,1,8,MAIN,370.0,2,2025-08-16,"2026-07-16 13:58:28"
87,1,8,EAST,145.0,3,2025-09-16,"2026-07-16 13:58:28"
88,1,8,NORTH,88.0,4,2025-10-16,"2026-07-16 13:58:28"
89,1,8,NORTH,61.0,5,2025-11-16,"2026-07-16 13:58:28"
90,1,8,NORTH,111.0,6,2025-12-16,"2026-07-16 13:58:28"
91,1,8,EAST,322.0,7,2026-01-16,"2026-07-16 13:58:28"
92,1,8,MAIN,209.0,8,2026-02-16,"2026-07-16 13:58:28"
93,1,8,WEST,340.0,9,2026-03-16,"2026-07-16 13:58:28"
94,1,8,WEST,303.0,10,2026-04-16,"2026-07-16 13:58:28"
95,1,8,WEST,309.0,11,2026-05-16,"2026-07-16 13:58:28"
96,1,8,NORTH,154.0,12,2026-06-16,"2026-07-16 13:58:28"
97,1,9,EAST,6095.0,1,2025-07-16,"2026-07-16 13:58:28"
98,1,9,MAIN,6103.0,2,2025-08-16,"2026-07-16 13:58:28"
99,1,9,NORTH,5928.0,3,2025-09-16,"2026-07-16 13:58:28"
100,1,9,MAIN,6049.0,4,2025-10-16,"2026-07-16 13:58:28"
101,1,9,WEST,5932.0,5,2025-11-16,"2026-07-16 13:58:28"
102,1,9,EAST,6214.0,6,2025-12-16,"2026-07-16 13:58:28"
103,1,9,NORTH,6243.0,7,2026-01-16,"2026-07-16 13:58:28"
104,1,9,WEST,5928.0,8,2026-02-16,"2026-07-16 13:58:28"
105,1,9,EAST,6176.0,9,2026-03-16,"2026-07-16 13:58:28"
106,1,9,EAST,6139.0,10,2026-04-16,"2026-07-16 13:58:28"
107,1,9,EAST,6107.0,11,2026-05-16,"2026-07-16 13:58:28"
108,1,9,WEST,6264.0,12,2026-06-16,"2026-07-16 13:58:28"
109,1,10,WEST,5339.0,1,2025-07-16,"2026-07-16 13:58:28"
110,1,10,MAIN,5145.0,2,2025-08-16,"2026-07-16 13:58:28"
111,1,10,NORTH,5138.0,3,2025-09-16,"2026-07-16 13:58:28"
112,1,10,MAIN,5219.0,4,2025-10-16,"2026-07-16 13:58:28"
113,1,10,NORTH,5227.0,5,2025-11-16,"2026-07-16 13:58:28"
114,1,10,WEST,5132.0,6,2025-12-16,"2026-07-16 13:58:28"
115,1,10,MAIN,5327.0,7,2026-01-16,"2026-07-16 13:58:28"
116,1,10,NORTH,5434.0,8,2026-02-16,"2026-07-16 13:58:28"
117,1,10,WEST,5410.0,9,2026-03-16,"2026-07-16 13:58:28"
118,1,10,WEST,5379.0,10,2026-04-16,"2026-07-16 13:58:28"
119,1,10,NORTH,5303.0,11,2026-05-16,"2026-07-16 13:58:28"
120,1,10,WEST,5367.0,12,2026-06-16,"2026-07-16 13:58:28"
121,1,11,MAIN,695.0,1,2025-07-16,"2026-07-16 13:58:28"
122,1,11,EAST,977.0,2,2025-08-16,"2026-07-16 13:58:28"
123,1,11,EAST,674.0,3,2025-09-16,"2026-07-16 13:58:28"
124,1,11,MAIN,807.0,4,2025-10-16,"2026-07-16 13:58:28"
125,1,11,EAST,918.0,5,2025-11-16,"2026-07-16 13:58:28"
126,1,11,EAST,824.0,6,2025-12-16,"2026-07-16 13:58:28"
127,1,11,NORTH,1062.0,7,2026-01-16,"2026-07-16 13:58:28"
128,1,11,EAST,942.0,8,2026-02-16,"2026-07-16 13:58:28"
129,1,11,WEST,811.0,9,2026-03-16,"2026-07-16 13:58:28"
130,1,11,NORTH,1069.0,10,2026-04-16,"2026-07-16 13:58:28"
131,1,11,MAIN,1053.0,11,2026-05-16,"2026-07-16 13:58:28"
132,1,11,NORTH,825.0,12,2026-06-16,"2026-07-16 13:58:28"
133,1,12,WEST,5163.0,1,2025-07-16,"2026-07-16 13:58:28"
134,1,12,NORTH,4951.0,2,2025-08-16,"2026-07-16 13:58:28"
135,1,12,WEST,5241.0,3,2025-09-16,"2026-07-16 13:58:28"
136,1,12,WEST,5169.0,4,2025-10-16,"2026-07-16 13:58:28"
137,1,12,MAIN,5251.0,5,2025-11-16,"2026-07-16 13:58:28"
138,1,12,WEST,5197.0,6,2025-12-16,"2026-07-16 13:58:28"
139,1,12,EAST,5118.0,7,2026-01-16,"2026-07-16 13:58:28"
140,1,12,NORTH,5107.0,8,2026-02-16,"2026-07-16 13:58:28"
141,1,12,MAIN,5112.0,9,2026-03-16,"2026-07-16 13:58:28"
142,1,12,WEST,5106.0,10,2026-04-16,"2026-07-16 13:58:28"
143,1,12,NORTH,5121.0,11,2026-05-16,"2026-07-16 13:58:28"
144,1,12,MAIN,5159.0,12,2026-06-16,"2026-07-16 13:58:28"
145,1,13,EAST,2344.0,1,2025-07-16,"2026-07-16 13:58:28"
146,1,13,WEST,2551.0,2,2025-08-16,"2026-07-16 13:58:28"
147,1,13,NORTH,2296.0,3,2025-09-16,"2026-07-16 13:58:28"
148,1,13,MAIN,2532.0,4,2025-10-16,"2026-07-16 13:58:28"
149,1,13,EAST,2641.0,5,2025-11-16,"2026-07-16 13:58:28"
150,1,13,MAIN,2507.0,6,2025-12-16,"2026-07-16 13:58:28"
151,1,13,WEST,2365.0,7,2026-01-16,"2026-07-16 13:58:28"
152,1,13,WEST,2548.0,8,2026-02-16,"2026-07-16 13:58:28"
153,1,13,MAIN,2534.0,9,2026-03-16,"2026-07-16 13:58:28"
154,1,13,NORTH,2589.0,10,2026-04-16,"2026-07-16 13:58:28"
155,1,13,WEST,2589.0,11,2026-05-16,"2026-07-16 13:58:28"
156,1,13,EAST,2300.0,12,2026-06-16,"2026-07-16 13:58:28"
157,1,14,MAIN,1603.0,1,2025-07-16,"2026-07-16 13:58:28"
158,1,14,MAIN,1782.0,2,2025-08-16,"2026-07-16 13:58:28"
159,1,14,NORTH,1814.0,3,2025-09-16,"2026-07-16 13:58:28"
160,1,14,MAIN,1818.0,4,2025-10-16,"2026-07-16 13:58:28"
161,1,14,WEST,1685.0,5,2025-11-16,"2026-07-16 13:58:28"
162,1,14,NORTH,1574.0,6,2025-12-16,"2026-07-16 13:58:28"
163,1,14,NORTH,1806.0,7,2026-01-16,"2026-07-16 13:58:28"
164,1,14,MAIN,1537.0,8,2026-02-16,"2026-07-16 13:58:28"
165,1,14,WEST,1710.0,9,2026-03-16,"2026-07-16 13:58:28"
166,1,14,NORTH,1513.0,10,2026-04-16,"2026-07-16 13:58:28"
167,1,14,EAST,1741.0,11,2026-05-16,"2026-07-16 13:58:28"
168,1,14,NORTH,1605.0,12,2026-06-16,"2026-07-16 13:58:28"
169,1,15,NORTH,9229.0,1,2025-07-16,"2026-07-16 13:58:28"
170,1,15,MAIN,9212.0,2,2025-08-16,"2026-07-16 13:58:28"
171,1,15,WEST,9016.0,3,2025-09-16,"2026-07-16 13:58:28"
172,1,15,EAST,8987.0,4,2025-10-16,"2026-07-16 13:58:28"
173,1,15,NORTH,9074.0,5,2025-11-16,"2026-07-16 13:58:28"
174,1,15,NORTH,9209.0,6,2025-12-16,"2026-07-16 13:58:28"
175,1,15,MAIN,9181.0,7,2026-01-16,"2026-07-16 13:58:28"
176,1,15,NORTH,9036.0,8,2026-02-16,"2026-07-16 13:58:28"
177,1,15,WEST,8880.0,9,2026-03-16,"2026-07-16 13:58:28"
178,1,15,EAST,8865.0,10,2026-04-16,"2026-07-16 13:58:28"
179,1,15,NORTH,9123.0,11,2026-05-16,"2026-07-16 13:58:28"
180,1,15,WEST,8942.0,12,2026-06-16,"2026-07-16 13:58:28"
181,1,16,MAIN,7449.0,1,2025-07-16,"2026-07-16 13:58:28"
182,1,16,EAST,7356.0,2,2025-08-16,"2026-07-16 13:58:28"
183,1,16,MAIN,7538.0,3,2025-09-16,"2026-07-16 13:58:28"
184,1,16,NORTH,7643.0,4,2025-10-16,"2026-07-16 13:58:28"
185,1,16,NORTH,7476.0,5,2025-11-16,"2026-07-16 13:58:28"
186,1,16,MAIN,7744.0,6,2025-12-16,"2026-07-16 13:58:28"
187,1,16,MAIN,7690.0,7,2026-01-16,"2026-07-16 13:58:28"
188,1,16,NORTH,7418.0,8,2026-02-16,"2026-07-16 13:58:28"
189,1,16,EAST,7602.0,9,2026-03-16,"2026-07-16 13:58:28"
190,1,16,EAST,7372.0,10,2026-04-16,"2026-07-16 13:58:28"
191,1,16,NORTH,7426.0,11,2026-05-16,"2026-07-16 13:58:28"
192,1,16,WEST,7561.0,12,2026-06-16,"2026-07-16 13:58:28"
193,1,17,WEST,1909.0,1,2025-07-16,"2026-07-16 13:58:28"
194,1,17,EAST,1787.0,2,2025-08-16,"2026-07-16 13:58:28"
195,1,17,MAIN,1752.0,3,2025-09-16,"2026-07-16 13:58:28"
196,1,17,MAIN,1916.0,4,2025-10-16,"2026-07-16 13:58:28"
197,1,17,MAIN,1846.0,5,2025-11-16,"2026-07-16 13:58:28"
198,1,17,EAST,1818.0,6,2025-12-16,"2026-07-16 13:58:28"
199,1,17,MAIN,2011.0,7,2026-01-16,"2026-07-16 13:58:28"
200,1,17,MAIN,1944.0,8,2026-02-16,"2026-07-16 13:58:28"
201,1,17,EAST,2034.0,9,2026-03-16,"2026-07-16 13:58:28"
202,1,17,EAST,1707.0,10,2026-04-16,"2026-07-16 13:58:28"
203,1,17,MAIN,1948.0,11,2026-05-16,"2026-07-16 13:58:28"
204,1,17,NORTH,1877.0,12,2026-06-16,"2026-07-16 13:58:28"
205,1,18,WEST,4961.0,1,2025-07-16,"2026-07-16 13:58:28"
206,1,18,EAST,5011.0,2,2025-08-16,"2026-07-16 13:58:28"
207,1,18,EAST,5180.0,3,2025-09-16,"2026-07-16 13:58:28"
208,1,18,EAST,5181.0,4,2025-10-16,"2026-07-16 13:58:28"
209,1,18,NORTH,5065.0,5,2025-11-16,"2026-07-16 13:58:28"
210,1,18,EAST,5141.0,6,2025-12-16,"2026-07-16 13:58:28"
211,1,18,MAIN,5190.0,7,2026-01-16,"2026-07-16 13:58:28"
212,1,18,EAST,5321.0,8,2026-02-16,"2026-07-16 13:58:28"
213,1,18,EAST,5283.0,9,2026-03-16,"2026-07-16 13:58:28"
214,1,18,WEST,4967.0,10,2026-04-16,"2026-07-16 13:58:28"
215,1,18,WEST,5223.0,11,2026-05-16,"2026-07-16 13:58:28"
216,1,18,EAST,5063.0,12,2026-06-16,"2026-07-16 13:58:28"
217,1,19,EAST,1808.0,1,2025-07-16,"2026-07-16 13:58:28"
218,1,19,MAIN,1870.0,2,2025-08-16,"2026-07-16 13:58:28"
219,1,19,EAST,1890.0,3,2025-09-16,"2026-07-16 13:58:28"
220,1,19,WEST,2117.0,4,2025-10-16,"2026-07-16 13:58:28"
221,1,19,MAIN,2061.0,5,2025-11-16,"2026-07-16 13:58:28"
222,1,19,WEST,1924.0,6,2025-12-16,"2026-07-16 13:58:28"
223,1,19,NORTH,2053.0,7,2026-01-16,"2026-07-16 13:58:28"
224,1,19,NORTH,2008.0,8,2026-02-16,"2026-07-16 13:58:28"
225,1,19,WEST,2111.0,9,2026-03-16,"2026-07-16 13:58:28"
226,1,19,EAST,1817.0,10,2026-04-16,"2026-07-16 13:58:28"
227,1,19,EAST,2022.0,11,2026-05-16,"2026-07-16 13:58:28"
228,1,19,MAIN,1892.0,12,2026-06-16,"2026-07-16 13:58:28"
229,1,20,NORTH,1625.0,1,2025-07-16,"2026-07-16 13:58:28"
230,1,20,MAIN,1470.0,2,2025-08-16,"2026-07-16 13:58:28"
231,1,20,EAST,1588.0,3,2025-09-16,"2026-07-16 13:58:28"
232,1,20,NORTH,1358.0,4,2025-10-16,"2026-07-16 13:58:28"
233,1,20,EAST,1323.0,5,2025-11-16,"2026-07-16 13:58:28"
234,1,20,MAIN,1283.0,6,2025-12-16,"2026-07-16 13:58:28"
235,1,20,NORTH,1281.0,7,2026-01-16,"2026-07-16 13:58:28"
236,1,20,EAST,1395.0,8,2026-02-16,"2026-07-16 13:58:28"
237,1,20,WEST,1600.0,9,2026-03-16,"2026-07-16 13:58:28"
238,1,20,EAST,1578.0,10,2026-04-16,"2026-07-16 13:58:28"
239,1,20,NORTH,1566.0,11,2026-05-16,"2026-07-16 13:58:28"
240,1,20,EAST,1422.0,12,2026-06-16,"2026-07-16 13:58:28"
241,1,21,MAIN,8946.0,1,2025-07-16,"2026-07-16 13:58:28"
242,1,21,MAIN,8681.0,2,2025-08-16,"2026-07-16 13:58:28"
243,1,21,NORTH,8840.0,3,2025-09-16,"2026-07-16 13:58:28"
244,1,21,MAIN,9034.0,4,2025-10-16,"2026-07-16 13:58:28"
245,1,21,EAST,8712.0,5,2025-11-16,"2026-07-16 13:58:28"
246,1,21,EAST,8916.0,6,2025-12-16,"2026-07-16 13:58:28"
247,1,21,MAIN,8836.0,7,2026-01-16,"2026-07-16 13:58:28"
248,1,21,MAIN,9043.0,8,2026-02-16,"2026-07-16 13:58:28"
249,1,21,WEST,8945.0,9,2026-03-16,"2026-07-16 13:58:28"
250,1,21,WEST,8900.0,10,2026-04-16,"2026-07-16 13:58:28"
251,1,21,NORTH,8931.0,11,2026-05-16,"2026-07-16 13:58:28"
252,1,21,NORTH,8978.0,12,2026-06-16,"2026-07-16 13:58:28"
253,1,22,WEST,8132.0,1,2025-07-16,"2026-07-16 13:58:28"
254,1,22,NORTH,8025.0,2,2025-08-16,"2026-07-16 13:58:28"
255,1,22,NORTH,7920.0,3,2025-09-16,"2026-07-16 13:58:28"
256,1,22,MAIN,7945.0,4,2025-10-16,"2026-07-16 13:58:28"
257,1,22,MAIN,7860.0,5,2025-11-16,"2026-07-16 13:58:28"
258,1,22,MAIN,7863.0,6,2025-12-16,"2026-07-16 13:58:28"
259,1,22,WEST,8097.0,7,2026-01-16,"2026-07-16 13:58:28"
260,1,22,MAIN,7980.0,8,2026-02-16,"2026-07-16 13:58:28"
261,1,22,NORTH,7800.0,9,2026-03-16,"2026-07-16 13:58:28"
262,1,22,WEST,7920.0,10,2026-04-16,"2026-07-16 13:58:28"
263,1,22,EAST,7788.0,11,2026-05-16,"2026-07-16 13:58:28"
264,1,22,NORTH,8069.0,12,2026-06-16,"2026-07-16 13:58:28"
265,1,23,EAST,1523.0,1,2025-07-16,"2026-07-16 13:58:28"
266,1,23,WEST,1825.0,2,2025-08-16,"2026-07-16 13:58:28"
267,1,23,NORTH,1579.0,3,2025-09-16,"2026-07-16 13:58:28"
268,1,23,MAIN,1613.0,4,2025-10-16,"2026-07-16 13:58:28"
269,1,23,WEST,1584.0,5,2025-11-16,"2026-07-16 13:58:28"
270,1,23,EAST,1573.0,6,2025-12-16,"2026-07-16 13:58:28"
271,1,23,NORTH,1616.0,7,2026-01-16,"2026-07-16 13:58:28"
272,1,23,MAIN,1712.0,8,2026-02-16,"2026-07-16 13:58:28"
273,1,23,MAIN,1579.0,9,2026-03-16,"2026-07-16 13:58:28"
274,1,23,WEST,1838.0,10,2026-04-16,"2026-07-16 13:58:28"
275,1,23,NORTH,1496.0,11,2026-05-16,"2026-07-16 13:58:28"
276,1,23,MAIN,1854.0,12,2026-06-16,"2026-07-16 13:58:28"
277,1,24,NORTH,4989.0,1,2025-07-16,"2026-07-16 13:58:28"
278,1,24,MAIN,4915.0,2,2025-08-16,"2026-07-16 13:58:28"
279,1,24,EAST,5056.0,3,2025-09-16,"2026-07-16 13:58:28"
280,1,24,WEST,5109.0,4,2025-10-16,"2026-07-16 13:58:28"
281,1,24,EAST,5013.0,5,2025-11-16,"2026-07-16 13:58:28"
282,1,24,WEST,4988.0,6,2025-12-16,"2026-07-16 13:58:28"
283,1,24,NORTH,4970.0,7,2026-01-16,"2026-07-16 13:58:28"
284,1,24,NORTH,4887.0,8,2026-02-16,"2026-07-16 13:58:28"
285,1,24,WEST,4781.0,9,2026-03-16,"2026-07-16 13:58:28"
286,1,24,EAST,4827.0,10,2026-04-16,"2026-07-16 13:58:28"
287,1,24,WEST,5090.0,11,2026-05-16,"2026-07-16 13:58:28"
288,1,24,NORTH,4829.0,12,2026-06-16,"2026-07-16 13:58:28"
289,1,25,MAIN,5453.0,1,2025-07-16,"2026-07-16 13:58:28"
290,1,25,MAIN,5476.0,2,2025-08-16,"2026-07-16 13:58:28"
291,1,25,MAIN,5190.0,3,2025-09-16,"2026-07-16 13:58:28"
292,1,25,NORTH,5302.0,4,2025-10-16,"2026-07-16 13:58:28"
293,1,25,WEST,5205.0,5,2025-11-16,"2026-07-16 13:58:28"
294,1,25,NORTH,5470.0,6,2025-12-16,"2026-07-16 13:58:28"
295,1,25,EAST,5528.0,7,2026-01-16,"2026-07-16 13:58:28"
296,1,25,EAST,5176.0,8,2026-02-16,"2026-07-16 13:58:28"
297,1,25,WEST,5355.0,9,2026-03-16,"2026-07-16 13:58:28"
298,1,25,NORTH,5328.0,10,2026-04-16,"2026-07-16 13:58:28"
299,1,25,WEST,5383.0,11,2026-05-16,"2026-07-16 13:58:28"
300,1,25,WEST,5226.0,12,2026-06-16,"2026-07-16 13:58:28"
301,1,26,EAST,8421.0,1,2025-07-16,"2026-07-16 13:58:28"
302,1,26,NORTH,8332.0,2,2025-08-16,"2026-07-16 13:58:28"
303,1,26,NORTH,8300.0,3,2025-09-16,"2026-07-16 13:58:28"
304,1,26,WEST,8344.0,4,2025-10-16,"2026-07-16 13:58:28"
305,1,26,NORTH,8298.0,5,2025-11-16,"2026-07-16 13:58:28"
306,1,26,MAIN,8129.0,6,2025-12-16,"2026-07-16 13:58:28"
307,1,26,WEST,8286.0,7,2026-01-16,"2026-07-16 13:58:28"
308,1,26,MAIN,8078.0,8,2026-02-16,"2026-07-16 13:58:28"
309,1,26,EAST,8371.0,9,2026-03-16,"2026-07-16 13:58:28"
310,1,26,WEST,8190.0,10,2026-04-16,"2026-07-16 13:58:28"
311,1,26,MAIN,8050.0,11,2026-05-16,"2026-07-16 13:58:28"
312,1,26,MAIN,8082.0,12,2026-06-16,"2026-07-16 13:58:28"
313,1,27,MAIN,9790.0,1,2025-07-16,"2026-07-16 13:58:28"
314,1,27,NORTH,9956.0,2,2025-08-16,"2026-07-16 13:58:28"
315,1,27,MAIN,10030.0,3,2025-09-16,"2026-07-16 13:58:28"
316,1,27,EAST,9670.0,4,2025-10-16,"2026-07-16 13:58:28"
317,1,27,MAIN,9798.0,5,2025-11-16,"2026-07-16 13:58:28"
318,1,27,WEST,10010.0,6,2025-12-16,"2026-07-16 13:58:28"
319,1,27,WEST,10063.0,7,2026-01-16,"2026-07-16 13:58:28"
320,1,27,MAIN,9971.0,8,2026-02-16,"2026-07-16 13:58:28"
321,1,27,EAST,9777.0,9,2026-03-16,"2026-07-16 13:58:28"
322,1,27,NORTH,9868.0,10,2026-04-16,"2026-07-16 13:58:28"
323,1,27,NORTH,9772.0,11,2026-05-16,"2026-07-16 13:58:28"
324,1,27,EAST,9722.0,12,2026-06-16,"2026-07-16 13:58:28"
325,1,28,EAST,7919.0,1,2025-07-16,"2026-07-16 13:58:28"
326,1,28,MAIN,7942.0,2,2025-08-16,"2026-07-16 13:58:28"
327,1,28,NORTH,7919.0,3,2025-09-16,"2026-07-16 13:58:28"
328,1,28,WEST,7693.0,4,2025-10-16,"2026-07-16 13:58:28"
329,1,28,EAST,7911.0,5,2025-11-16,"2026-07-16 13:58:28"
330,1,28,MAIN,7907.0,6,2025-12-16,"2026-07-16 13:58:28"
331,1,28,WEST,7906.0,7,2026-01-16,"2026-07-16 13:58:28"
332,1,28,MAIN,7930.0,8,2026-02-16,"2026-07-16 13:58:28"
333,1,28,EAST,7880.0,9,2026-03-16,"2026-07-16 13:58:28"
334,1,28,MAIN,7720.0,10,2026-04-16,"2026-07-16 13:58:28"
335,1,28,NORTH,7783.0,11,2026-05-16,"2026-07-16 13:58:28"
336,1,28,WEST,7925.0,12,2026-06-16,"2026-07-16 13:58:28"
337,1,29,WEST,4244.0,1,2025-07-16,"2026-07-16 13:58:28"
338,1,29,MAIN,4185.0,2,2025-08-16,"2026-07-16 13:58:28"
339,1,29,EAST,4240.0,3,2025-09-16,"2026-07-16 13:58:28"
340,1,29,EAST,4328.0,4,2025-10-16,"2026-07-16 13:58:28"
341,1,29,MAIN,3973.0,5,2025-11-16,"2026-07-16 13:58:28"
342,1,29,MAIN,4283.0,6,2025-12-16,"2026-07-16 13:58:28"
343,1,29,WEST,4075.0,7,2026-01-16,"2026-07-16 13:58:28"
344,1,29,WEST,4095.0,8,2026-02-16,"2026-07-16 13:58:28"
345,1,29,MAIN,3984.0,9,2026-03-16,"2026-07-16 13:58:28"
346,1,29,NORTH,4035.0,10,2026-04-16,"2026-07-16 13:58:28"
347,1,29,EAST,3978.0,11,2026-05-16,"2026-07-16 13:58:28"
348,1,29,WEST,4202.0,12,2026-06-16,"2026-07-16 13:58:28"
349,1,30,WEST,7022.0,1,2025-07-16,"2026-07-16 13:58:28"
350,1,30,MAIN,7133.0,2,2025-08-16,"2026-07-16 13:58:28"
351,1,30,NORTH,6927.0,3,2025-09-16,"2026-07-16 13:58:28"
352,1,30,EAST,6991.0,4,2025-10-16,"2026-07-16 13:58:28"
353,1,30,MAIN,7048.0,5,2025-11-16,"2026-07-16 13:58:28"
354,1,30,WEST,6846.0,6,2025-12-16,"2026-07-16 13:58:28"
355,1,30,MAIN,6975.0,7,2026-01-16,"2026-07-16 13:58:28"
356,1,30,NORTH,7198.0,8,2026-02-16,"2026-07-16 13:58:28"
357,1,30,WEST,7091.0,9,2026-03-16,"2026-07-16 13:58:28"
358,1,30,MAIN,7059.0,10,2026-04-16,"2026-07-16 13:58:28"
359,1,30,EAST,6834.0,11,2026-05-16,"2026-07-16 13:58:28"
360,1,30,NORTH,7112.0,12,2026-06-16,"2026-07-16 13:58:28"
361,1,31,WEST,6198.0,1,2025-07-16,"2026-07-16 13:58:28"
362,1,31,WEST,6290.0,2,2025-08-16,"2026-07-16 13:58:28"
363,1,31,EAST,6178.0,3,2025-09-16,"2026-07-16 13:58:28"
364,1,31,NORTH,6085.0,4,2025-10-16,"2026-07-16 13:58:28"
365,1,31,MAIN,6243.0,5,2025-11-16,"2026-07-16 13:58:28"
366,1,31,MAIN,6313.0,6,2025-12-16,"2026-07-16 13:58:28"
367,1,31,NORTH,6096.0,7,2026-01-16,"2026-07-16 13:58:28"
368,1,31,EAST,6086.0,8,2026-02-16,"2026-07-16 13:58:28"
369,1,31,WEST,6390.0,9,2026-03-16,"2026-07-16 13:58:28"
370,1,31,EAST,6219.0,10,2026-04-16,"2026-07-16 13:58:28"
371,1,31,WEST,6423.0,11,2026-05-16,"2026-07-16 13:58:28"
372,1,31,MAIN,6095.0,12,2026-06-16,"2026-07-16 13:58:28"
373,1,32,NORTH,1393.0,1,2025-07-16,"2026-07-16 13:58:28"
374,1,32,WEST,1249.0,2,2025-08-16,"2026-07-16 13:58:28"
375,1,32,MAIN,1499.0,3,2025-09-16,"2026-07-16 13:58:28"
376,1,32,NORTH,1613.0,4,2025-10-16,"2026-07-16 13:58:28"
377,1,32,NORTH,1473.0,5,2025-11-16,"2026-07-16 13:58:28"
378,1,32,NORTH,1390.0,6,2025-12-16,"2026-07-16 13:58:28"
379,1,32,EAST,1502.0,7,2026-01-16,"2026-07-16 13:58:28"
380,1,32,NORTH,1578.0,8,2026-02-16,"2026-07-16 13:58:28"
381,1,32,NORTH,1539.0,9,2026-03-16,"2026-07-16 13:58:28"
382,1,32,EAST,1601.0,10,2026-04-16,"2026-07-16 13:58:28"
383,1,32,WEST,1530.0,11,2026-05-16,"2026-07-16 13:58:28"
384,1,32,WEST,1633.0,12,2026-06-16,"2026-07-16 13:58:28"
385,1,33,WEST,6262.0,1,2025-07-16,"2026-07-16 13:58:28"
386,1,33,WEST,6311.0,2,2025-08-16,"2026-07-16 13:58:28"
387,1,33,WEST,6449.0,3,2025-09-16,"2026-07-16 13:58:28"
388,1,33,EAST,6383.0,4,2025-10-16,"2026-07-16 13:58:28"
389,1,33,NORTH,6378.0,5,2025-11-16,"2026-07-16 13:58:28"
390,1,33,MAIN,6372.0,6,2025-12-16,"2026-07-16 13:58:28"
391,1,33,NORTH,6292.0,7,2026-01-16,"2026-07-16 13:58:28"
392,1,33,NORTH,6198.0,8,2026-02-16,"2026-07-16 13:58:28"
393,1,33,WEST,6285.0,9,2026-03-16,"2026-07-16 13:58:28"
394,1,33,NORTH,6515.0,10,2026-04-16,"2026-07-16 13:58:28"
395,1,33,MAIN,6388.0,11,2026-05-16,"2026-07-16 13:58:28"
396,1,33,WEST,6354.0,12,2026-06-16,"2026-07-16 13:58:28"
397,1,34,WEST,2624.0,1,2025-07-16,"2026-07-16 13:58:28"
398,1,34,NORTH,2634.0,2,2025-08-16,"2026-07-16 13:58:28"
399,1,34,NORTH,2709.0,3,2025-09-16,"2026-07-16 13:58:28"
400,1,34,EAST,2859.0,4,2025-10-16,"2026-07-16 13:58:28"
401,1,34,EAST,2542.0,5,2025-11-16,"2026-07-16 13:58:28"
402,1,34,WEST,2714.0,6,2025-12-16,"2026-07-16 13:58:28"
403,1,34,NORTH,2610.0,7,2026-01-16,"2026-07-16 13:58:28"
404,1,34,NORTH,2615.0,8,2026-02-16,"2026-07-16 13:58:28"
405,1,34,MAIN,2724.0,9,2026-03-16,"2026-07-16 13:58:28"
406,1,34,EAST,2655.0,10,2026-04-16,"2026-07-16 13:58:28"
407,1,34,EAST,2895.0,11,2026-05-16,"2026-07-16 13:58:28"
408,1,34,NORTH,2558.0,12,2026-06-16,"2026-07-16 13:58:28"
409,1,35,MAIN,5508.0,1,2025-07-16,"2026-07-16 13:58:28"
410,1,35,NORTH,5380.0,2,2025-08-16,"2026-07-16 13:58:28"
411,1,35,NORTH,5377.0,3,2025-09-16,"2026-07-16 13:58:28"
412,1,35,WEST,5435.0,4,2025-10-16,"2026-07-16 13:58:28"
413,1,35,EAST,5498.0,5,2025-11-16,"2026-07-16 13:58:28"
414,1,35,EAST,5725.0,6,2025-12-16,"2026-07-16 13:58:28"
415,1,35,MAIN,5512.0,7,2026-01-16,"2026-07-16 13:58:28"
416,1,35,WEST,5411.0,8,2026-02-16,"2026-07-16 13:58:28"
417,1,35,EAST,5583.0,9,2026-03-16,"2026-07-16 13:58:28"
418,1,35,WEST,5511.0,10,2026-04-16,"2026-07-16 13:58:28"
419,1,35,MAIN,5403.0,11,2026-05-16,"2026-07-16 13:58:28"
420,1,35,WEST,5604.0,12,2026-06-16,"2026-07-16 13:58:28"
421,1,36,MAIN,8904.0,1,2025-07-16,"2026-07-16 13:58:28"
422,1,36,EAST,8940.0,2,2025-08-16,"2026-07-16 13:58:28"
423,1,36,NORTH,9032.0,3,2025-09-16,"2026-07-16 13:58:28"
424,1,36,EAST,9157.0,4,2025-10-16,"2026-07-16 13:58:28"
425,1,36,NORTH,9036.0,5,2025-11-16,"2026-07-16 13:58:28"
426,1,36,WEST,9188.0,6,2025-12-16,"2026-07-16 13:58:28"
427,1,36,NORTH,9163.0,7,2026-01-16,"2026-07-16 13:58:28"
428,1,36,MAIN,9063.0,8,2026-02-16,"2026-07-16 13:58:28"
429,1,36,NORTH,9231.0,9,2026-03-16,"2026-07-16 13:58:28"
430,1,36,MAIN,9058.0,10,2026-04-16,"2026-07-16 13:58:28"
431,1,36,MAIN,9117.0,11,2026-05-16,"2026-07-16 13:58:28"
432,1,36,MAIN,8913.0,12,2026-06-16,"2026-07-16 13:58:28"
433,1,37,MAIN,6648.0,1,2025-07-16,"2026-07-16 13:58:28"
434,1,37,MAIN,6782.0,2,2025-08-16,"2026-07-16 13:58:28"
435,1,37,EAST,6688.0,3,2025-09-16,"2026-07-16 13:58:28"
436,1,37,EAST,6674.0,4,2025-10-16,"2026-07-16 13:58:28"
437,1,37,MAIN,6887.0,5,2025-11-16,"2026-07-16 13:58:28"
438,1,37,MAIN,6891.0,6,2025-12-16,"2026-07-16 13:58:28"
439,1,37,MAIN,6718.0,7,2026-01-16,"2026-07-16 13:58:28"
440,1,37,EAST,6811.0,8,2026-02-16,"2026-07-16 13:58:28"
441,1,37,MAIN,6880.0,9,2026-03-16,"2026-07-16 13:58:28"
442,1,37,EAST,6569.0,10,2026-04-16,"2026-07-16 13:58:28"
443,1,37,NORTH,6934.0,11,2026-05-16,"2026-07-16 13:58:28"
444,1,37,MAIN,6683.0,12,2026-06-16,"2026-07-16 13:58:28"
445,1,38,EAST,4098.0,1,2025-07-16,"2026-07-16 13:58:28"
446,1,38,EAST,4073.0,2,2025-08-16,"2026-07-16 13:58:28"
447,1,38,MAIN,4104.0,3,2025-09-16,"2026-07-16 13:58:28"
448,1,38,MAIN,3984.0,4,2025-10-16,"2026-07-16 13:58:28"
449,1,38,MAIN,4213.0,5,2025-11-16,"2026-07-16 13:58:28"
450,1,38,MAIN,4211.0,6,2025-12-16,"2026-07-16 13:58:28"
451,1,38,MAIN,4044.0,7,2026-01-16,"2026-07-16 13:58:28"
452,1,38,EAST,4225.0,8,2026-02-16,"2026-07-16 13:58:28"
453,1,38,NORTH,4056.0,9,2026-03-16,"2026-07-16 13:58:28"
454,1,38,WEST,4309.0,10,2026-04-16,"2026-07-16 13:58:28"
455,1,38,EAST,4001.0,11,2026-05-16,"2026-07-16 13:58:28"
456,1,38,NORTH,4261.0,12,2026-06-16,"2026-07-16 13:58:28"
457,1,39,NORTH,9247.0,1,2025-07-16,"2026-07-16 13:58:28"
458,1,39,WEST,9354.0,2,2025-08-16,"2026-07-16 13:58:28"
459,1,39,EAST,9229.0,3,2025-09-16,"2026-07-16 13:58:28"
460,1,39,WEST,9283.0,4,2025-10-16,"2026-07-16 13:58:28"
461,1,39,MAIN,9284.0,5,2025-11-16,"2026-07-16 13:58:28"
462,1,39,MAIN,8976.0,6,2025-12-16,"2026-07-16 13:58:28"
463,1,39,WEST,8976.0,7,2026-01-16,"2026-07-16 13:58:28"
464,1,39,NORTH,8969.0,8,2026-02-16,"2026-07-16 13:58:28"
465,1,39,NORTH,8987.0,9,2026-03-16,"2026-07-16 13:58:28"
466,1,39,MAIN,9335.0,10,2026-04-16,"2026-07-16 13:58:28"
467,1,39,WEST,9045.0,11,2026-05-16,"2026-07-16 13:58:28"
468,1,39,EAST,8981.0,12,2026-06-16,"2026-07-16 13:58:28"
469,1,40,MAIN,368.0,1,2025-07-16,"2026-07-16 13:58:28"
470,1,40,EAST,264.0,2,2025-08-16,"2026-07-16 13:58:28"
471,1,40,NORTH,194.0,3,2025-09-16,"2026-07-16 13:58:28"
472,1,40,EAST,293.0,4,2025-10-16,"2026-07-16 13:58:28"
473,1,40,WEST,261.0,5,2025-11-16,"2026-07-16 13:58:28"
474,1,40,MAIN,89.0,6,2025-12-16,"2026-07-16 13:58:28"
475,1,40,NORTH,207.0,7,2026-01-16,"2026-07-16 13:58:28"
476,1,40,NORTH,360.0,8,2026-02-16,"2026-07-16 13:58:28"
477,1,40,EAST,245.0,9,2026-03-16,"2026-07-16 13:58:28"
478,1,40,WEST,435.0,10,2026-04-16,"2026-07-16 13:58:28"
479,1,40,MAIN,190.0,11,2026-05-16,"2026-07-16 13:58:28"
480,1,40,NORTH,170.0,12,2026-06-16,"2026-07-16 13:58:28"
481,1,41,WEST,7384.0,1,2025-07-16,"2026-07-16 13:58:28"
482,1,41,WEST,7296.0,2,2025-08-16,"2026-07-16 13:58:28"
483,1,41,MAIN,7265.0,3,2025-09-16,"2026-07-16 13:58:28"
484,1,41,WEST,7341.0,4,2025-10-16,"2026-07-16 13:58:28"
485,1,41,NORTH,7248.0,5,2025-11-16,"2026-07-16 13:58:28"
486,1,41,EAST,7084.0,6,2025-12-16,"2026-07-16 13:58:28"
487,1,41,EAST,7057.0,7,2026-01-16,"2026-07-16 13:58:28"
488,1,41,EAST,7056.0,8,2026-02-16,"2026-07-16 13:58:28"
489,1,41,WEST,7228.0,9,2026-03-16,"2026-07-16 13:58:28"
490,1,41,NORTH,7369.0,10,2026-04-16,"2026-07-16 13:58:28"
491,1,41,WEST,7320.0,11,2026-05-16,"2026-07-16 13:58:28"
492,1,41,MAIN,7364.0,12,2026-06-16,"2026-07-16 13:58:28"
493,1,42,EAST,3276.0,1,2025-07-16,"2026-07-16 13:58:28"
494,1,42,NORTH,3022.0,2,2025-08-16,"2026-07-16 13:58:28"
495,1,42,WEST,3247.0,3,2025-09-16,"2026-07-16 13:58:28"
496,1,42,WEST,3302.0,4,2025-10-16,"2026-07-16 13:58:28"
497,1,42,EAST,3262.0,5,2025-11-16,"2026-07-16 13:58:28"
498,1,42,NORTH,3104.0,6,2025-12-16,"2026-07-16 13:58:28"
499,1,42,NORTH,3303.0,7,2026-01-16,"2026-07-16 13:58:28"
500,1,42,MAIN,3189.0,8,2026-02-16,"2026-07-16 13:58:28"
501,1,42,WEST,3164.0,9,2026-03-16,"2026-07-16 13:58:28"
502,1,42,WEST,2977.0,10,2026-04-16,"2026-07-16 13:58:28"
503,1,42,EAST,3163.0,11,2026-05-16,"2026-07-16 13:58:28"
504,1,42,NORTH,3325.0,12,2026-06-16,"2026-07-16 13:58:28"
505,1,43,WEST,1289.0,1,2025-07-16,"2026-07-16 13:58:28"
506,1,43,NORTH,1128.0,2,2025-08-16,"2026-07-16 13:58:28"
507,1,43,EAST,1350.0,3,2025-09-16,"2026-07-16 13:58:28"
508,1,43,WEST,1247.0,4,2025-10-16,"2026-07-16 13:58:28"
509,1,43,NORTH,1138.0,5,2025-11-16,"2026-07-16 13:58:28"
510,1,43,NORTH,1289.0,6,2025-12-16,"2026-07-16 13:58:28"
511,1,43,NORTH,1267.0,7,2026-01-16,"2026-07-16 13:58:28"
512,1,43,EAST,1106.0,8,2026-02-16,"2026-07-16 13:58:28"
513,1,43,EAST,1228.0,9,2026-03-16,"2026-07-16 13:58:28"
514,1,43,NORTH,1043.0,10,2026-04-16,"2026-07-16 13:58:28"
515,1,43,NORTH,1250.0,11,2026-05-16,"2026-07-16 13:58:28"
516,1,43,EAST,1282.0,12,2026-06-16,"2026-07-16 13:58:28"
517,1,44,NORTH,7483.0,1,2025-07-16,"2026-07-16 13:58:28"
518,1,44,WEST,7715.0,2,2025-08-16,"2026-07-16 13:58:28"
519,1,44,EAST,7678.0,3,2025-09-16,"2026-07-16 13:58:28"
520,1,44,EAST,7520.0,4,2025-10-16,"2026-07-16 13:58:28"
521,1,44,NORTH,7646.0,5,2025-11-16,"2026-07-16 13:58:28"
522,1,44,EAST,7349.0,6,2025-12-16,"2026-07-16 13:58:28"
523,1,44,NORTH,7689.0,7,2026-01-16,"2026-07-16 13:58:28"
524,1,44,WEST,7373.0,8,2026-02-16,"2026-07-16 13:58:28"
525,1,44,EAST,7443.0,9,2026-03-16,"2026-07-16 13:58:28"
526,1,44,NORTH,7697.0,10,2026-04-16,"2026-07-16 13:58:28"
527,1,44,NORTH,7519.0,11,2026-05-16,"2026-07-16 13:58:28"
528,1,44,WEST,7649.0,12,2026-06-16,"2026-07-16 13:58:28"
529,1,45,NORTH,1302.0,1,2025-07-16,"2026-07-16 13:58:28"
530,1,45,NORTH,1248.0,2,2025-08-16,"2026-07-16 13:58:28"
531,1,45,NORTH,1136.0,3,2025-09-16,"2026-07-16 13:58:28"
532,1,45,NORTH,1302.0,4,2025-10-16,"2026-07-16 13:58:28"
533,1,45,WEST,987.0,5,2025-11-16,"2026-07-16 13:58:28"
534,1,45,WEST,1070.0,6,2025-12-16,"2026-07-16 13:58:28"
535,1,45,WEST,1308.0,7,2026-01-16,"2026-07-16 13:58:28"
536,1,45,EAST,1141.0,8,2026-02-16,"2026-07-16 13:58:28"
537,1,45,NORTH,1116.0,9,2026-03-16,"2026-07-16 13:58:28"
538,1,45,EAST,956.0,10,2026-04-16,"2026-07-16 13:58:28"
539,1,45,WEST,1320.0,11,2026-05-16,"2026-07-16 13:58:28"
540,1,45,MAIN,1196.0,12,2026-06-16,"2026-07-16 13:58:28"
541,1,46,EAST,1574.0,1,2025-07-16,"2026-07-16 13:58:28"
542,1,46,WEST,1752.0,2,2025-08-16,"2026-07-16 13:58:28"
543,1,46,WEST,1542.0,3,2025-09-16,"2026-07-16 13:58:28"
544,1,46,MAIN,1502.0,4,2025-10-16,"2026-07-16 13:58:28"
545,1,46,NORTH,1645.0,5,2025-11-16,"2026-07-16 13:58:28"
546,1,46,WEST,1657.0,6,2025-12-16,"2026-07-16 13:58:28"
547,1,46,EAST,1578.0,7,2026-01-16,"2026-07-16 13:58:28"
548,1,46,MAIN,1811.0,8,2026-02-16,"2026-07-16 13:58:28"
549,1,46,NORTH,1643.0,9,2026-03-16,"2026-07-16 13:58:28"
550,1,46,NORTH,1534.0,10,2026-04-16,"2026-07-16 13:58:28"
551,1,46,EAST,1813.0,11,2026-05-16,"2026-07-16 13:58:28"
552,1,46,EAST,1794.0,12,2026-06-16,"2026-07-16 13:58:28"
553,1,47,NORTH,4867.0,1,2025-07-16,"2026-07-16 13:58:28"
554,1,47,EAST,5157.0,2,2025-08-16,"2026-07-16 13:58:28"
555,1,47,MAIN,4928.0,3,2025-09-16,"2026-07-16 13:58:28"
556,1,47,WEST,4952.0,4,2025-10-16,"2026-07-16 13:58:28"
557,1,47,MAIN,5173.0,5,2025-11-16,"2026-07-16 13:58:28"
558,1,47,MAIN,5118.0,6,2025-12-16,"2026-07-16 13:58:28"
559,1,47,NORTH,4981.0,7,2026-01-16,"2026-07-16 13:58:28"
560,1,47,MAIN,5249.0,8,2026-02-16,"2026-07-16 13:58:28"
561,1,47,EAST,5057.0,9,2026-03-16,"2026-07-16 13:58:28"
562,1,47,NORTH,5086.0,10,2026-04-16,"2026-07-16 13:58:28"
563,1,47,MAIN,5101.0,11,2026-05-16,"2026-07-16 13:58:28"
564,1,47,MAIN,5113.0,12,2026-06-16,"2026-07-16 13:58:28"
565,1,48,NORTH,1367.0,1,2025-07-16,"2026-07-16 13:58:28"
566,1,48,EAST,1353.0,2,2025-08-16,"2026-07-16 13:58:28"
567,1,48,MAIN,1287.0,3,2025-09-16,"2026-07-16 13:58:28"
568,1,48,EAST,1370.0,4,2025-10-16,"2026-07-16 13:58:28"
569,1,48,EAST,1265.0,5,2025-11-16,"2026-07-16 13:58:28"
570,1,48,EAST,1499.0,6,2025-12-16,"2026-07-16 13:58:28"
571,1,48,EAST,1519.0,7,2026-01-16,"2026-07-16 13:58:28"
572,1,48,EAST,1535.0,8,2026-02-16,"2026-07-16 13:58:28"
573,1,48,WEST,1614.0,9,2026-03-16,"2026-07-16 13:58:28"
574,1,48,EAST,1303.0,10,2026-04-16,"2026-07-16 13:58:28"
575,1,48,EAST,1251.0,11,2026-05-16,"2026-07-16 13:58:28"
576,1,48,EAST,1611.0,12,2026-06-16,"2026-07-16 13:58:28"
577,1,49,MAIN,6772.0,1,2025-07-16,"2026-07-16 13:58:28"
578,1,49,WEST,6725.0,2,2025-08-16,"2026-07-16 13:58:28"
579,1,49,NORTH,6935.0,3,2025-09-16,"2026-07-16 13:58:28"
580,1,49,WEST,6668.0,4,2025-10-16,"2026-07-16 13:58:28"
581,1,49,NORTH,6707.0,5,2025-11-16,"2026-07-16 13:58:28"
582,1,49,NORTH,6662.0,6,2025-12-16,"2026-07-16 13:58:28"
583,1,49,WEST,6749.0,7,2026-01-16,"2026-07-16 13:58:28"
584,1,49,EAST,6592.0,8,2026-02-16,"2026-07-16 13:58:28"
585,1,49,MAIN,6824.0,9,2026-03-16,"2026-07-16 13:58:28"
586,1,49,EAST,6776.0,10,2026-04-16,"2026-07-16 13:58:28"
587,1,49,WEST,6831.0,11,2026-05-16,"2026-07-16 13:58:28"
588,1,49,NORTH,6954.0,12,2026-06-16,"2026-07-16 13:58:28"
589,1,50,EAST,5365.0,1,2025-07-16,"2026-07-16 13:58:28"
590,1,50,WEST,5288.0,2,2025-08-16,"2026-07-16 13:58:28"
591,1,50,MAIN,5139.0,3,2025-09-16,"2026-07-16 13:58:28"
592,1,50,MAIN,5506.0,4,2025-10-16,"2026-07-16 13:58:28"
593,1,50,WEST,5358.0,5,2025-11-16,"2026-07-16 13:58:28"
594,1,50,MAIN,5128.0,6,2025-12-16,"2026-07-16 13:58:28"
595,1,50,MAIN,5485.0,7,2026-01-16,"2026-07-16 13:58:28"
596,1,50,EAST,5234.0,8,2026-02-16,"2026-07-16 13:58:28"
597,1,50,EAST,5419.0,9,2026-03-16,"2026-07-16 13:58:28"
598,1,50,WEST,5352.0,10,2026-04-16,"2026-07-16 13:58:28"
599,1,50,WEST,5303.0,11,2026-05-16,"2026-07-16 13:58:28"
600,1,50,MAIN,5517.0,12,2026-06-16,"2026-07-16 13:58:28"
601,1,51,MAIN,687.0,1,2025-07-16,"2026-07-16 13:58:28"
602,1,51,MAIN,696.0,2,2025-08-16,"2026-07-16 13:58:28"
603,1,51,WEST,519.0,3,2025-09-16,"2026-07-16 13:58:28"
604,1,51,WEST,532.0,4,2025-10-16,"2026-07-16 13:58:28"
605,1,51,EAST,898.0,5,2025-11-16,"2026-07-16 13:58:28"
606,1,51,NORTH,740.0,6,2025-12-16,"2026-07-16 13:58:28"
607,1,51,EAST,504.0,7,2026-01-16,"2026-07-16 13:58:28"
608,1,51,MAIN,780.0,8,2026-02-16,"2026-07-16 13:58:28"
609,1,51,NORTH,855.0,9,2026-03-16,"2026-07-16 13:58:28"
610,1,51,MAIN,878.0,10,2026-04-16,"2026-07-16 13:58:28"
611,1,51,WEST,610.0,11,2026-05-16,"2026-07-16 13:58:28"
612,1,51,MAIN,893.0,12,2026-06-16,"2026-07-16 13:58:28"
613,1,52,EAST,8234.0,1,2025-07-16,"2026-07-16 13:58:28"
614,1,52,MAIN,8024.0,2,2025-08-16,"2026-07-16 13:58:28"
615,1,52,MAIN,7907.0,3,2025-09-16,"2026-07-16 13:58:28"
616,1,52,EAST,8045.0,4,2025-10-16,"2026-07-16 13:58:28"
617,1,52,WEST,8140.0,5,2025-11-16,"2026-07-16 13:58:28"
618,1,52,EAST,7903.0,6,2025-12-16,"2026-07-16 13:58:28"
619,1,52,WEST,8275.0,7,2026-01-16,"2026-07-16 13:58:28"
620,1,52,NORTH,8259.0,8,2026-02-16,"2026-07-16 13:58:28"
621,1,52,NORTH,8047.0,9,2026-03-16,"2026-07-16 13:58:28"
622,1,52,WEST,8258.0,10,2026-04-16,"2026-07-16 13:58:28"
623,1,52,NORTH,8149.0,11,2026-05-16,"2026-07-16 13:58:28"
624,1,52,NORTH,7941.0,12,2026-06-16,"2026-07-16 13:58:28"
625,1,53,WEST,3433.0,1,2025-07-16,"2026-07-16 13:58:28"
626,1,53,MAIN,3224.0,2,2025-08-16,"2026-07-16 13:58:28"
627,1,53,NORTH,3517.0,3,2025-09-16,"2026-07-16 13:58:28"
628,1,53,EAST,3234.0,4,2025-10-16,"2026-07-16 13:58:28"
629,1,53,MAIN,3291.0,5,2025-11-16,"2026-07-16 13:58:28"
630,1,53,WEST,3363.0,6,2025-12-16,"2026-07-16 13:58:28"
631,1,53,NORTH,3354.0,7,2026-01-16,"2026-07-16 13:58:28"
632,1,53,MAIN,3284.0,8,2026-02-16,"2026-07-16 13:58:28"
633,1,53,EAST,3418.0,9,2026-03-16,"2026-07-16 13:58:28"
634,1,53,WEST,3471.0,10,2026-04-16,"2026-07-16 13:58:28"
635,1,53,NORTH,3499.0,11,2026-05-16,"2026-07-16 13:58:28"
636,1,53,NORTH,3307.0,12,2026-06-16,"2026-07-16 13:58:28"
637,1,54,NORTH,801.0,1,2025-07-16,"2026-07-16 13:58:28"
638,1,54,WEST,472.0,2,2025-08-16,"2026-07-16 13:58:28"
639,1,54,MAIN,515.0,3,2025-09-16,"2026-07-16 13:58:28"
640,1,54,EAST,531.0,4,2025-10-16,"2026-07-16 13:58:28"
641,1,54,EAST,808.0,5,2025-11-16,"2026-07-16 13:58:28"
642,1,54,EAST,595.0,6,2025-12-16,"2026-07-16 13:58:28"
643,1,54,NORTH,500.0,7,2026-01-16,"2026-07-16 13:58:28"
644,1,54,NORTH,793.0,8,2026-02-16,"2026-07-16 13:58:28"
645,1,54,NORTH,547.0,9,2026-03-16,"2026-07-16 13:58:28"
646,1,54,WEST,621.0,10,2026-04-16,"2026-07-16 13:58:28"
647,1,54,MAIN,557.0,11,2026-05-16,"2026-07-16 13:58:28"
648,1,54,WEST,464.0,12,2026-06-16,"2026-07-16 13:58:28"
649,1,55,EAST,5092.0,1,2025-07-16,"2026-07-16 13:58:28"
650,1,55,EAST,5231.0,2,2025-08-16,"2026-07-16 13:58:28"
651,1,55,WEST,5276.0,3,2025-09-16,"2026-07-16 13:58:28"
652,1,55,MAIN,5225.0,4,2025-10-16,"2026-07-16 13:58:28"
653,1,55,NORTH,5083.0,5,2025-11-16,"2026-07-16 13:58:28"
654,1,55,MAIN,5440.0,6,2025-12-16,"2026-07-16 13:58:28"
655,1,55,MAIN,5349.0,7,2026-01-16,"2026-07-16 13:58:28"
656,1,55,MAIN,5054.0,8,2026-02-16,"2026-07-16 13:58:28"
657,1,55,WEST,5143.0,9,2026-03-16,"2026-07-16 13:58:28"
658,1,55,NORTH,5220.0,10,2026-04-16,"2026-07-16 13:58:28"
659,1,55,EAST,5376.0,11,2026-05-16,"2026-07-16 13:58:28"
660,1,55,NORTH,5244.0,12,2026-06-16,"2026-07-16 13:58:28"
661,1,56,MAIN,6768.0,1,2025-07-16,"2026-07-16 13:58:28"
662,1,56,EAST,6901.0,2,2025-08-16,"2026-07-16 13:58:28"
663,1,56,NORTH,6881.0,3,2025-09-16,"2026-07-16 13:58:28"
664,1,56,EAST,6858.0,4,2025-10-16,"2026-07-16 13:58:28"
665,1,56,MAIN,6950.0,5,2025-11-16,"2026-07-16 13:58:28"
666,1,56,WEST,6848.0,6,2025-12-16,"2026-07-16 13:58:28"
667,1,56,EAST,6637.0,7,2026-01-16,"2026-07-16 13:58:28"
668,1,56,NORTH,6871.0,8,2026-02-16,"2026-07-16 13:58:28"
669,1,56,NORTH,6668.0,9,2026-03-16,"2026-07-16 13:58:28"
670,1,56,NORTH,6920.0,10,2026-04-16,"2026-07-16 13:58:28"
671,1,56,EAST,6920.0,11,2026-05-16,"2026-07-16 13:58:28"
672,1,56,EAST,6820.0,12,2026-06-16,"2026-07-16 13:58:28"
673,1,57,WEST,3284.0,1,2025-07-16,"2026-07-16 13:58:28"
674,1,57,NORTH,3115.0,2,2025-08-16,"2026-07-16 13:58:28"
675,1,57,WEST,3162.0,3,2025-09-16,"2026-07-16 13:58:28"
676,1,57,WEST,3244.0,4,2025-10-16,"2026-07-16 13:58:28"
677,1,57,MAIN,3121.0,5,2025-11-16,"2026-07-16 13:58:28"
678,1,57,WEST,3107.0,6,2025-12-16,"2026-07-16 13:58:28"
679,1,57,EAST,3131.0,7,2026-01-16,"2026-07-16 13:58:28"
680,1,57,MAIN,2933.0,8,2026-02-16,"2026-07-16 13:58:28"
681,1,57,NORTH,3189.0,9,2026-03-16,"2026-07-16 13:58:28"
682,1,57,EAST,2918.0,10,2026-04-16,"2026-07-16 13:58:28"
683,1,57,MAIN,3098.0,11,2026-05-16,"2026-07-16 13:58:28"
684,1,57,WEST,2979.0,12,2026-06-16,"2026-07-16 13:58:28"
685,1,58,EAST,9903.0,1,2025-07-16,"2026-07-16 13:58:28"
686,1,58,MAIN,9920.0,2,2025-08-16,"2026-07-16 13:58:28"
687,1,58,MAIN,9987.0,3,2025-09-16,"2026-07-16 13:58:28"
688,1,58,EAST,9874.0,4,2025-10-16,"2026-07-16 13:58:28"
689,1,58,NORTH,9746.0,5,2025-11-16,"2026-07-16 13:58:28"
690,1,58,MAIN,9809.0,6,2025-12-16,"2026-07-16 13:58:28"
691,1,58,EAST,9859.0,7,2026-01-16,"2026-07-16 13:58:28"
692,1,58,NORTH,9817.0,8,2026-02-16,"2026-07-16 13:58:28"
693,1,58,WEST,9713.0,9,2026-03-16,"2026-07-16 13:58:28"
694,1,58,MAIN,9777.0,10,2026-04-16,"2026-07-16 13:58:28"
695,1,58,WEST,9799.0,11,2026-05-16,"2026-07-16 13:58:28"
696,1,58,NORTH,9968.0,12,2026-06-16,"2026-07-16 13:58:28"
697,1,59,WEST,5940.0,1,2025-07-16,"2026-07-16 13:58:28"
698,1,59,MAIN,6111.0,2,2025-08-16,"2026-07-16 13:58:28"
699,1,59,NORTH,6188.0,3,2025-09-16,"2026-07-16 13:58:28"
700,1,59,NORTH,5990.0,4,2025-10-16,"2026-07-16 13:58:28"
701,1,59,MAIN,6226.0,5,2025-11-16,"2026-07-16 13:58:28"
702,1,59,EAST,5971.0,6,2025-12-16,"2026-07-16 13:58:28"
703,1,59,NORTH,6128.0,7,2026-01-16,"2026-07-16 13:58:28"
704,1,59,MAIN,6266.0,8,2026-02-16,"2026-07-16 13:58:28"
705,1,59,EAST,5919.0,9,2026-03-16,"2026-07-16 13:58:28"
706,1,59,NORTH,6063.0,10,2026-04-16,"2026-07-16 13:58:28"
707,1,59,EAST,5898.0,11,2026-05-16,"2026-07-16 13:58:28"
708,1,59,WEST,6069.0,12,2026-06-16,"2026-07-16 13:58:28"
709,1,60,EAST,4588.0,1,2025-07-16,"2026-07-16 13:58:28"
710,1,60,EAST,4805.0,2,2025-08-16,"2026-07-16 13:58:28"
711,1,60,NORTH,4687.0,3,2025-09-16,"2026-07-16 13:58:28"
712,1,60,NORTH,4701.0,4,2025-10-16,"2026-07-16 13:58:28"
713,1,60,WEST,4568.0,5,2025-11-16,"2026-07-16 13:58:28"
714,1,60,NORTH,4572.0,6,2025-12-16,"2026-07-16 13:58:28"
715,1,60,EAST,4573.0,7,2026-01-16,"2026-07-16 13:58:28"
716,1,60,MAIN,4760.0,8,2026-02-16,"2026-07-16 13:58:28"
717,1,60,WEST,4517.0,9,2026-03-16,"2026-07-16 13:58:28"
718,1,60,MAIN,4475.0,10,2026-04-16,"2026-07-16 13:58:28"
719,1,60,EAST,4626.0,11,2026-05-16,"2026-07-16 13:58:28"
720,1,60,EAST,4727.0,12,2026-06-16,"2026-07-16 13:58:28"
721,1,61,MAIN,1635.0,1,2025-07-16,"2026-07-16 13:58:28"
722,1,61,MAIN,1660.0,2,2025-08-16,"2026-07-16 13:58:28"
723,1,61,NORTH,1781.0,3,2025-09-16,"2026-07-16 13:58:28"
724,1,61,NORTH,1637.0,4,2025-10-16,"2026-07-16 13:58:28"
725,1,61,EAST,1809.0,5,2025-11-16,"2026-07-16 13:58:28"
726,1,61,EAST,1766.0,6,2025-12-16,"2026-07-16 13:58:28"
727,1,61,MAIN,1760.0,7,2026-01-16,"2026-07-16 13:58:28"
728,1,61,WEST,1662.0,8,2026-02-16,"2026-07-16 13:58:28"
729,1,61,MAIN,1759.0,9,2026-03-16,"2026-07-16 13:58:28"
730,1,61,WEST,1647.0,10,2026-04-16,"2026-07-16 13:58:28"
731,1,61,WEST,1631.0,11,2026-05-16,"2026-07-16 13:58:28"
732,1,61,WEST,1587.0,12,2026-06-16,"2026-07-16 13:58:28"
733,1,62,WEST,7741.0,1,2025-07-16,"2026-07-16 13:58:28"
734,1,62,WEST,7555.0,2,2025-08-16,"2026-07-16 13:58:28"
735,1,62,NORTH,7794.0,3,2025-09-16,"2026-07-16 13:58:28"
736,1,62,WEST,7682.0,4,2025-10-16,"2026-07-16 13:58:28"
737,1,62,WEST,7528.0,5,2025-11-16,"2026-07-16 13:58:28"
738,1,62,EAST,7692.0,6,2025-12-16,"2026-07-16 13:58:28"
739,1,62,NORTH,7749.0,7,2026-01-16,"2026-07-16 13:58:28"
740,1,62,MAIN,7733.0,8,2026-02-16,"2026-07-16 13:58:28"
741,1,62,NORTH,7449.0,9,2026-03-16,"2026-07-16 13:58:28"
742,1,62,EAST,7451.0,10,2026-04-16,"2026-07-16 13:58:28"
743,1,62,NORTH,7728.0,11,2026-05-16,"2026-07-16 13:58:28"
744,1,62,NORTH,7588.0,12,2026-06-16,"2026-07-16 13:58:28"
745,1,63,MAIN,5864.0,1,2025-07-16,"2026-07-16 13:58:28"
746,1,63,WEST,6076.0,2,2025-08-16,"2026-07-16 13:58:28"
747,1,63,EAST,6241.0,3,2025-09-16,"2026-07-16 13:58:28"
748,1,63,WEST,5907.0,4,2025-10-16,"2026-07-16 13:58:28"
749,1,63,NORTH,5941.0,5,2025-11-16,"2026-07-16 13:58:28"
750,1,63,NORTH,5887.0,6,2025-12-16,"2026-07-16 13:58:28"
751,1,63,WEST,5928.0,7,2026-01-16,"2026-07-16 13:58:28"
752,1,63,NORTH,5977.0,8,2026-02-16,"2026-07-16 13:58:28"
753,1,63,EAST,6070.0,9,2026-03-16,"2026-07-16 13:58:28"
754,1,63,WEST,6111.0,10,2026-04-16,"2026-07-16 13:58:28"
755,1,63,WEST,5854.0,11,2026-05-16,"2026-07-16 13:58:28"
756,1,63,EAST,5999.0,12,2026-06-16,"2026-07-16 13:58:28"
757,1,64,NORTH,3373.0,1,2025-07-16,"2026-07-16 13:58:28"
758,1,64,MAIN,3327.0,2,2025-08-16,"2026-07-16 13:58:28"
759,1,64,MAIN,3327.0,3,2025-09-16,"2026-07-16 13:58:28"
760,1,64,EAST,3460.0,4,2025-10-16,"2026-07-16 13:58:28"
761,1,64,NORTH,3336.0,5,2025-11-16,"2026-07-16 13:58:28"
762,1,64,MAIN,3632.0,6,2025-12-16,"2026-07-16 13:58:28"
763,1,64,EAST,3332.0,7,2026-01-16,"2026-07-16 13:58:28"
764,1,64,WEST,3327.0,8,2026-02-16,"2026-07-16 13:58:28"
765,1,64,WEST,3646.0,9,2026-03-16,"2026-07-16 13:58:28"
766,1,64,WEST,3350.0,10,2026-04-16,"2026-07-16 13:58:28"
767,1,64,NORTH,3457.0,11,2026-05-16,"2026-07-16 13:58:28"
768,1,64,WEST,3352.0,12,2026-06-16,"2026-07-16 13:58:28"
769,1,65,WEST,4713.0,1,2025-07-16,"2026-07-16 13:58:28"
770,1,65,EAST,4932.0,2,2025-08-16,"2026-07-16 13:58:28"
771,1,65,EAST,4871.0,3,2025-09-16,"2026-07-16 13:58:28"
772,1,65,MAIN,4974.0,4,2025-10-16,"2026-07-16 13:58:28"
773,1,65,NORTH,4782.0,5,2025-11-16,"2026-07-16 13:58:28"
774,1,65,MAIN,4876.0,6,2025-12-16,"2026-07-16 13:58:28"
775,1,65,MAIN,4819.0,7,2026-01-16,"2026-07-16 13:58:28"
776,1,65,NORTH,4945.0,8,2026-02-16,"2026-07-16 13:58:28"
777,1,65,MAIN,4830.0,9,2026-03-16,"2026-07-16 13:58:28"
778,1,65,WEST,4978.0,10,2026-04-16,"2026-07-16 13:58:28"
779,1,65,WEST,4971.0,11,2026-05-16,"2026-07-16 13:58:28"
780,1,65,WEST,5038.0,12,2026-06-16,"2026-07-16 13:58:28"
781,1,66,MAIN,923.0,1,2025-07-16,"2026-07-16 13:58:28"
782,1,66,NORTH,964.0,2,2025-08-16,"2026-07-16 13:58:28"
783,1,66,EAST,843.0,3,2025-09-16,"2026-07-16 13:58:28"
784,1,66,EAST,1171.0,4,2025-10-16,"2026-07-16 13:58:28"
785,1,66,NORTH,1136.0,5,2025-11-16,"2026-07-16 13:58:28"
786,1,66,WEST,1036.0,6,2025-12-16,"2026-07-16 13:58:28"
787,1,66,EAST,876.0,7,2026-01-16,"2026-07-16 13:58:28"
788,1,66,NORTH,1048.0,8,2026-02-16,"2026-07-16 13:58:28"
789,1,66,WEST,1215.0,9,2026-03-16,"2026-07-16 13:58:28"
790,1,66,EAST,999.0,10,2026-04-16,"2026-07-16 13:58:28"
791,1,66,EAST,985.0,11,2026-05-16,"2026-07-16 13:58:28"
792,1,66,EAST,973.0,12,2026-06-16,"2026-07-16 13:58:28"
793,1,67,WEST,9162.0,1,2025-07-16,"2026-07-16 13:58:28"
794,1,67,MAIN,8909.0,2,2025-08-16,"2026-07-16 13:58:28"
795,1,67,WEST,9077.0,3,2025-09-16,"2026-07-16 13:58:28"
796,1,67,MAIN,9026.0,4,2025-10-16,"2026-07-16 13:58:28"
797,1,67,EAST,8905.0,5,2025-11-16,"2026-07-16 13:58:28"
798,1,67,WEST,8898.0,6,2025-12-16,"2026-07-16 13:58:28"
799,1,67,EAST,8942.0,7,2026-01-16,"2026-07-16 13:58:28"
800,1,67,NORTH,9047.0,8,2026-02-16,"2026-07-16 13:58:28"
801,1,67,WEST,9157.0,9,2026-03-16,"2026-07-16 13:58:28"
802,1,67,EAST,8975.0,10,2026-04-16,"2026-07-16 13:58:28"
803,1,67,EAST,8873.0,11,2026-05-16,"2026-07-16 13:58:28"
804,1,67,EAST,9101.0,12,2026-06-16,"2026-07-16 13:58:28"
805,1,68,NORTH,6321.0,1,2025-07-16,"2026-07-16 13:58:28"
806,1,68,MAIN,6204.0,2,2025-08-16,"2026-07-16 13:58:28"
807,1,68,NORTH,6257.0,3,2025-09-16,"2026-07-16 13:58:28"
808,1,68,MAIN,6289.0,4,2025-10-16,"2026-07-16 13:58:28"
809,1,68,MAIN,6326.0,5,2025-11-16,"2026-07-16 13:58:28"
810,1,68,WEST,6209.0,6,2025-12-16,"2026-07-16 13:58:28"
811,1,68,MAIN,6012.0,7,2026-01-16,"2026-07-16 13:58:28"
812,1,68,NORTH,6038.0,8,2026-02-16,"2026-07-16 13:58:28"
813,1,68,NORTH,6179.0,9,2026-03-16,"2026-07-16 13:58:28"
814,1,68,EAST,6001.0,10,2026-04-16,"2026-07-16 13:58:28"
815,1,68,WEST,6130.0,11,2026-05-16,"2026-07-16 13:58:28"
816,1,68,NORTH,6092.0,12,2026-06-16,"2026-07-16 13:58:28"
817,1,69,WEST,6670.0,1,2025-07-16,"2026-07-16 13:58:28"
818,1,69,MAIN,6840.0,2,2025-08-16,"2026-07-16 13:58:28"
819,1,69,EAST,6769.0,3,2025-09-16,"2026-07-16 13:58:28"
820,1,69,NORTH,6850.0,4,2025-10-16,"2026-07-16 13:58:28"
821,1,69,NORTH,6688.0,5,2025-11-16,"2026-07-16 13:58:28"
822,1,69,NORTH,6776.0,6,2025-12-16,"2026-07-16 13:58:28"
823,1,69,EAST,6806.0,7,2026-01-16,"2026-07-16 13:58:28"
824,1,69,EAST,6674.0,8,2026-02-16,"2026-07-16 13:58:28"
825,1,69,EAST,6674.0,9,2026-03-16,"2026-07-16 13:58:28"
826,1,69,NORTH,6545.0,10,2026-04-16,"2026-07-16 13:58:28"
827,1,69,WEST,6529.0,11,2026-05-16,"2026-07-16 13:58:28"
828,1,69,MAIN,6710.0,12,2026-06-16,"2026-07-16 13:58:28"
829,1,70,WEST,3108.0,1,2025-07-16,"2026-07-16 13:58:28"
830,1,70,MAIN,3114.0,2,2025-08-16,"2026-07-16 13:58:28"
831,1,70,EAST,2946.0,3,2025-09-16,"2026-07-16 13:58:28"
832,1,70,NORTH,3086.0,4,2025-10-16,"2026-07-16 13:58:28"
833,1,70,MAIN,3092.0,5,2025-11-16,"2026-07-16 13:58:28"
834,1,70,NORTH,2942.0,6,2025-12-16,"2026-07-16 13:58:28"
835,1,70,MAIN,3253.0,7,2026-01-16,"2026-07-16 13:58:28"
836,1,70,WEST,3134.0,8,2026-02-16,"2026-07-16 13:58:28"
837,1,70,WEST,3145.0,9,2026-03-16,"2026-07-16 13:58:28"
838,1,70,EAST,3000.0,10,2026-04-16,"2026-07-16 13:58:28"
839,1,70,WEST,2887.0,11,2026-05-16,"2026-07-16 13:58:28"
840,1,70,WEST,3022.0,12,2026-06-16,"2026-07-16 13:58:28"
841,1,71,MAIN,9429.0,1,2025-07-16,"2026-07-16 13:58:28"
842,1,71,NORTH,9119.0,2,2025-08-16,"2026-07-16 13:58:28"
843,1,71,NORTH,9274.0,3,2025-09-16,"2026-07-16 13:58:28"
844,1,71,WEST,9090.0,4,2025-10-16,"2026-07-16 13:58:28"
845,1,71,MAIN,9367.0,5,2025-11-16,"2026-07-16 13:58:28"
846,1,71,EAST,9458.0,6,2025-12-16,"2026-07-16 13:58:28"
847,1,71,EAST,9432.0,7,2026-01-16,"2026-07-16 13:58:28"
848,1,71,MAIN,9270.0,8,2026-02-16,"2026-07-16 13:58:28"
849,1,71,EAST,9131.0,9,2026-03-16,"2026-07-16 13:58:28"
850,1,71,EAST,9179.0,10,2026-04-16,"2026-07-16 13:58:28"
851,1,71,WEST,9281.0,11,2026-05-16,"2026-07-16 13:58:28"
852,1,71,WEST,9179.0,12,2026-06-16,"2026-07-16 13:58:28"
853,1,72,MAIN,3198.0,1,2025-07-16,"2026-07-16 13:58:28"
854,1,72,NORTH,3125.0,2,2025-08-16,"2026-07-16 13:58:28"
855,1,72,NORTH,3112.0,3,2025-09-16,"2026-07-16 13:58:28"
856,1,72,MAIN,3062.0,4,2025-10-16,"2026-07-16 13:58:28"
857,1,72,EAST,3044.0,5,2025-11-16,"2026-07-16 13:58:28"
858,1,72,EAST,3032.0,6,2025-12-16,"2026-07-16 13:58:28"
859,1,72,MAIN,3377.0,7,2026-01-16,"2026-07-16 13:58:28"
860,1,72,MAIN,3187.0,8,2026-02-16,"2026-07-16 13:58:28"
861,1,72,MAIN,3069.0,9,2026-03-16,"2026-07-16 13:58:28"
862,1,72,WEST,3407.0,10,2026-04-16,"2026-07-16 13:58:28"
863,1,72,NORTH,3133.0,11,2026-05-16,"2026-07-16 13:58:28"
864,1,72,NORTH,3093.0,12,2026-06-16,"2026-07-16 13:58:28"
865,1,73,EAST,2019.0,1,2025-07-16,"2026-07-16 13:58:28"
866,1,73,MAIN,1706.0,2,2025-08-16,"2026-07-16 13:58:28"
867,1,73,EAST,1820.0,3,2025-09-16,"2026-07-16 13:58:28"
868,1,73,WEST,2037.0,4,2025-10-16,"2026-07-16 13:58:28"
869,1,73,MAIN,1877.0,5,2025-11-16,"2026-07-16 13:58:28"
870,1,73,NORTH,1903.0,6,2025-12-16,"2026-07-16 13:58:28"
871,1,73,EAST,2028.0,7,2026-01-16,"2026-07-16 13:58:28"
872,1,73,NORTH,1751.0,8,2026-02-16,"2026-07-16 13:58:28"
873,1,73,NORTH,1775.0,9,2026-03-16,"2026-07-16 13:58:28"
874,1,73,EAST,1679.0,10,2026-04-16,"2026-07-16 13:58:28"
875,1,73,MAIN,1976.0,11,2026-05-16,"2026-07-16 13:58:28"
876,1,73,NORTH,1749.0,12,2026-06-16,"2026-07-16 13:58:28"
877,1,74,EAST,1945.0,1,2025-07-16,"2026-07-16 13:58:28"
878,1,74,NORTH,1906.0,2,2025-08-16,"2026-07-16 13:58:28"
879,1,74,WEST,1799.0,3,2025-09-16,"2026-07-16 13:58:28"
880,1,74,EAST,2181.0,4,2025-10-16,"2026-07-16 13:58:28"
881,1,74,EAST,2044.0,5,2025-11-16,"2026-07-16 13:58:28"
882,1,74,MAIN,2005.0,6,2025-12-16,"2026-07-16 13:58:28"
883,1,74,WEST,2122.0,7,2026-01-16,"2026-07-16 13:58:28"
884,1,74,MAIN,2182.0,8,2026-02-16,"2026-07-16 13:58:28"
885,1,74,EAST,2133.0,9,2026-03-16,"2026-07-16 13:58:28"
886,1,74,NORTH,1802.0,10,2026-04-16,"2026-07-16 13:58:28"
887,1,74,MAIN,1946.0,11,2026-05-16,"2026-07-16 13:58:28"
888,1,74,NORTH,2090.0,12,2026-06-16,"2026-07-16 13:58:28"
889,1,75,NORTH,8459.0,1,2025-07-16,"2026-07-16 13:58:28"
890,1,75,EAST,8515.0,2,2025-08-16,"2026-07-16 13:58:28"
891,1,75,WEST,8608.0,3,2025-09-16,"2026-07-16 13:58:28"
892,1,75,EAST,8521.0,4,2025-10-16,"2026-07-16 13:58:28"
893,1,75,MAIN,8471.0,5,2025-11-16,"2026-07-16 13:58:28"
894,1,75,WEST,8459.0,6,2025-12-16,"2026-07-16 13:58:28"
895,1,75,WEST,8758.0,7,2026-01-16,"2026-07-16 13:58:28"
896,1,75,WEST,8605.0,8,2026-02-16,"2026-07-16 13:58:28"
897,1,75,EAST,8585.0,9,2026-03-16,"2026-07-16 13:58:28"
898,1,75,WEST,8512.0,10,2026-04-16,"2026-07-16 13:58:28"
899,1,75,EAST,8791.0,11,2026-05-16,"2026-07-16 13:58:28"
900,1,75,MAIN,8513.0,12,2026-06-16,"2026-07-16 13:58:28"
901,1,76,NORTH,3706.0,1,2025-07-16,"2026-07-16 13:58:28"
902,1,76,MAIN,3409.0,2,2025-08-16,"2026-07-16 13:58:28"
903,1,76,MAIN,3650.0,3,2025-09-16,"2026-07-16 13:58:28"
904,1,76,WEST,3561.0,4,2025-10-16,"2026-07-16 13:58:28"
905,1,76,MAIN,3712.0,5,2025-11-16,"2026-07-16 13:58:28"
906,1,76,NORTH,3601.0,6,2025-12-16,"2026-07-16 13:58:28"
907,1,76,MAIN,3343.0,7,2026-01-16,"2026-07-16 13:58:28"
908,1,76,EAST,3598.0,8,2026-02-16,"2026-07-16 13:58:28"
909,1,76,NORTH,3610.0,9,2026-03-16,"2026-07-16 13:58:28"
910,1,76,NORTH,3586.0,10,2026-04-16,"2026-07-16 13:58:28"
911,1,76,MAIN,3499.0,11,2026-05-16,"2026-07-16 13:58:28"
912,1,76,WEST,3657.0,12,2026-06-16,"2026-07-16 13:58:28"
913,1,77,NORTH,1667.0,1,2025-07-16,"2026-07-16 13:58:28"
914,1,77,MAIN,1885.0,2,2025-08-16,"2026-07-16 13:58:28"
915,1,77,WEST,1655.0,3,2025-09-16,"2026-07-16 13:58:28"
916,1,77,MAIN,1979.0,4,2025-10-16,"2026-07-16 13:58:28"
917,1,77,EAST,1665.0,5,2025-11-16,"2026-07-16 13:58:28"
918,1,77,NORTH,1962.0,6,2025-12-16,"2026-07-16 13:58:28"
919,1,77,MAIN,1759.0,7,2026-01-16,"2026-07-16 13:58:28"
920,1,77,EAST,1989.0,8,2026-02-16,"2026-07-16 13:58:28"
921,1,77,NORTH,1699.0,9,2026-03-16,"2026-07-16 13:58:28"
922,1,77,WEST,1857.0,10,2026-04-16,"2026-07-16 13:58:28"
923,1,77,EAST,1975.0,11,2026-05-16,"2026-07-16 13:58:28"
924,1,77,EAST,1667.0,12,2026-06-16,"2026-07-16 13:58:28"
925,1,78,WEST,3298.0,1,2025-07-16,"2026-07-16 13:58:28"
926,1,78,MAIN,3445.0,2,2025-08-16,"2026-07-16 13:58:28"
927,1,78,NORTH,3613.0,3,2025-09-16,"2026-07-16 13:58:28"
928,1,78,WEST,3265.0,4,2025-10-16,"2026-07-16 13:58:28"
929,1,78,NORTH,3579.0,5,2025-11-16,"2026-07-16 13:58:28"
930,1,78,NORTH,3347.0,6,2025-12-16,"2026-07-16 13:58:28"
931,1,78,NORTH,3441.0,7,2026-01-16,"2026-07-16 13:58:28"
932,1,78,NORTH,3433.0,8,2026-02-16,"2026-07-16 13:58:28"
933,1,78,NORTH,3548.0,9,2026-03-16,"2026-07-16 13:58:28"
934,1,78,NORTH,3571.0,10,2026-04-16,"2026-07-16 13:58:28"
935,1,78,EAST,3411.0,11,2026-05-16,"2026-07-16 13:58:28"
936,1,78,NORTH,3467.0,12,2026-06-16,"2026-07-16 13:58:28"
937,1,79,EAST,5379.0,1,2025-07-16,"2026-07-16 13:58:28"
938,1,79,NORTH,5378.0,2,2025-08-16,"2026-07-16 13:58:28"
939,1,79,NORTH,5401.0,3,2025-09-16,"2026-07-16 13:58:28"
940,1,79,MAIN,5603.0,4,2025-10-16,"2026-07-16 13:58:28"
941,1,79,NORTH,5543.0,5,2025-11-16,"2026-07-16 13:58:28"
942,1,79,EAST,5600.0,6,2025-12-16,"2026-07-16 13:58:28"
943,1,79,MAIN,5639.0,7,2026-01-16,"2026-07-16 13:58:28"
944,1,79,WEST,5491.0,8,2026-02-16,"2026-07-16 13:58:28"
945,1,79,EAST,5420.0,9,2026-03-16,"2026-07-16 13:58:28"
946,1,79,WEST,5452.0,10,2026-04-16,"2026-07-16 13:58:28"
947,1,79,WEST,5435.0,11,2026-05-16,"2026-07-16 13:58:28"
948,1,79,MAIN,5602.0,12,2026-06-16,"2026-07-16 13:58:28"
949,1,80,EAST,8207.0,1,2025-07-16,"2026-07-16 13:58:28"
950,1,80,WEST,8276.0,2,2025-08-16,"2026-07-16 13:58:28"
951,1,80,WEST,8550.0,3,2025-09-16,"2026-07-16 13:58:28"
952,1,80,WEST,8234.0,4,2025-10-16,"2026-07-16 13:58:28"
953,1,80,WEST,8409.0,5,2025-11-16,"2026-07-16 13:58:28"
954,1,80,NORTH,8400.0,6,2025-12-16,"2026-07-16 13:58:28"
955,1,80,EAST,8416.0,7,2026-01-16,"2026-07-16 13:58:28"
956,1,80,EAST,8570.0,8,2026-02-16,"2026-07-16 13:58:28"
957,1,80,NORTH,8518.0,9,2026-03-16,"2026-07-16 13:58:28"
958,1,80,WEST,8194.0,10,2026-04-16,"2026-07-16 13:58:28"
959,1,80,NORTH,8382.0,11,2026-05-16,"2026-07-16 13:58:28"
960,1,80,MAIN,8521.0,12,2026-06-16,"2026-07-16 13:58:28"
961,1,81,NORTH,1246.0,1,2025-07-16,"2026-07-16 13:58:28"
962,1,81,MAIN,1271.0,2,2025-08-16,"2026-07-16 13:58:28"
963,1,81,WEST,1284.0,3,2025-09-16,"2026-07-16 13:58:28"
964,1,81,MAIN,1421.0,4,2025-10-16,"2026-07-16 13:58:28"
965,1,81,EAST,1292.0,5,2025-11-16,"2026-07-16 13:58:28"
966,1,81,WEST,1435.0,6,2025-12-16,"2026-07-16 13:58:28"
967,1,81,NORTH,1466.0,7,2026-01-16,"2026-07-16 13:58:28"
968,1,81,WEST,1320.0,8,2026-02-16,"2026-07-16 13:58:28"
969,1,81,EAST,1495.0,9,2026-03-16,"2026-07-16 13:58:28"
970,1,81,MAIN,1448.0,10,2026-04-16,"2026-07-16 13:58:28"
971,1,81,NORTH,1641.0,11,2026-05-16,"2026-07-16 13:58:28"
972,1,81,WEST,1631.0,12,2026-06-16,"2026-07-16 13:58:28"
973,1,82,NORTH,2244.0,1,2025-07-16,"2026-07-16 13:58:28"
974,1,82,EAST,2334.0,2,2025-08-16,"2026-07-16 13:58:28"
975,1,82,EAST,2139.0,3,2025-09-16,"2026-07-16 13:58:28"
976,1,82,MAIN,2183.0,4,2025-10-16,"2026-07-16 13:58:28"
977,1,82,NORTH,2185.0,5,2025-11-16,"2026-07-16 13:58:28"
978,1,82,MAIN,2302.0,6,2025-12-16,"2026-07-16 13:58:28"
979,1,82,EAST,2220.0,7,2026-01-16,"2026-07-16 13:58:28"
980,1,82,MAIN,2398.0,8,2026-02-16,"2026-07-16 13:58:28"
981,1,82,EAST,2218.0,9,2026-03-16,"2026-07-16 13:58:28"
982,1,82,EAST,2089.0,10,2026-04-16,"2026-07-16 13:58:28"
983,1,82,EAST,2322.0,11,2026-05-16,"2026-07-16 13:58:28"
984,1,82,NORTH,2009.0,12,2026-06-16,"2026-07-16 13:58:28"
985,1,83,EAST,9248.0,1,2025-07-16,"2026-07-16 13:58:28"
986,1,83,MAIN,9033.0,2,2025-08-16,"2026-07-16 13:58:28"
987,1,83,MAIN,8952.0,3,2025-09-16,"2026-07-16 13:58:28"
988,1,83,WEST,9295.0,4,2025-10-16,"2026-07-16 13:58:28"
989,1,83,WEST,9284.0,5,2025-11-16,"2026-07-16 13:58:28"
990,1,83,WEST,9209.0,6,2025-12-16,"2026-07-16 13:58:28"
991,1,83,NORTH,9209.0,7,2026-01-16,"2026-07-16 13:58:28"
992,1,83,MAIN,8904.0,8,2026-02-16,"2026-07-16 13:58:28"
993,1,83,MAIN,9138.0,9,2026-03-16,"2026-07-16 13:58:28"
994,1,83,EAST,9243.0,10,2026-04-16,"2026-07-16 13:58:28"
995,1,83,MAIN,9155.0,11,2026-05-16,"2026-07-16 13:58:28"
996,1,83,WEST,9257.0,12,2026-06-16,"2026-07-16 13:58:28"
997,1,84,EAST,9165.0,1,2025-07-16,"2026-07-16 13:58:28"
998,1,84,MAIN,9284.0,2,2025-08-16,"2026-07-16 13:58:28"
999,1,84,EAST,9146.0,3,2025-09-16,"2026-07-16 13:58:28"
1000,1,84,NORTH,9322.0,4,2025-10-16,"2026-07-16 13:58:28"
1001,1,84,EAST,9191.0,5,2025-11-16,"2026-07-16 13:58:28"
1002,1,84,MAIN,9305.0,6,2025-12-16,"2026-07-16 13:58:28"
1003,1,84,EAST,9293.0,7,2026-01-16,"2026-07-16 13:58:28"
1004,1,84,WEST,9258.0,8,2026-02-16,"2026-07-16 13:58:28"
1005,1,84,WEST,9172.0,9,2026-03-16,"2026-07-16 13:58:28"
1006,1,84,MAIN,9356.0,10,2026-04-16,"2026-07-16 13:58:28"
1007,1,84,WEST,9163.0,11,2026-05-16,"2026-07-16 13:58:28"
1008,1,84,MAIN,9242.0,12,2026-06-16,"2026-07-16 13:58:28"
1009,1,85,MAIN,4408.0,1,2025-07-16,"2026-07-16 13:58:28"
1010,1,85,EAST,4390.0,2,2025-08-16,"2026-07-16 13:58:28"
1011,1,85,NORTH,4442.0,3,2025-09-16,"2026-07-16 13:58:28"
1012,1,85,NORTH,4551.0,4,2025-10-16,"2026-07-16 13:58:28"
1013,1,85,WEST,4454.0,5,2025-11-16,"2026-07-16 13:58:28"
1014,1,85,MAIN,4684.0,6,2025-12-16,"2026-07-16 13:58:28"
1015,1,85,WEST,4562.0,7,2026-01-16,"2026-07-16 13:58:28"
1016,1,85,NORTH,4422.0,8,2026-02-16,"2026-07-16 13:58:28"
1017,1,85,MAIN,4601.0,9,2026-03-16,"2026-07-16 13:58:28"
1018,1,85,MAIN,4475.0,10,2026-04-16,"2026-07-16 13:58:28"
1019,1,85,NORTH,4715.0,11,2026-05-16,"2026-07-16 13:58:28"
1020,1,85,MAIN,4661.0,12,2026-06-16,"2026-07-16 13:58:28"
1021,1,86,WEST,7102.0,1,2025-07-16,"2026-07-16 13:58:28"
1022,1,86,EAST,7420.0,2,2025-08-16,"2026-07-16 13:58:28"
1023,1,86,WEST,7221.0,3,2025-09-16,"2026-07-16 13:58:28"
1024,1,86,WEST,7310.0,4,2025-10-16,"2026-07-16 13:58:28"
1025,1,86,MAIN,7266.0,5,2025-11-16,"2026-07-16 13:58:28"
1026,1,86,WEST,7095.0,6,2025-12-16,"2026-07-16 13:58:28"
1027,1,86,EAST,7277.0,7,2026-01-16,"2026-07-16 13:58:28"
1028,1,86,EAST,7315.0,8,2026-02-16,"2026-07-16 13:58:28"
1029,1,86,EAST,7163.0,9,2026-03-16,"2026-07-16 13:58:28"
1030,1,86,NORTH,7300.0,10,2026-04-16,"2026-07-16 13:58:28"
1031,1,86,NORTH,7250.0,11,2026-05-16,"2026-07-16 13:58:28"
1032,1,86,WEST,7052.0,12,2026-06-16,"2026-07-16 13:58:28"
1033,1,87,WEST,3049.0,1,2025-07-16,"2026-07-16 13:58:28"
1034,1,87,NORTH,2855.0,2,2025-08-16,"2026-07-16 13:58:28"
1035,1,87,EAST,2926.0,3,2025-09-16,"2026-07-16 13:58:28"
1036,1,87,NORTH,2869.0,4,2025-10-16,"2026-07-16 13:58:28"
1037,1,87,MAIN,2991.0,5,2025-11-16,"2026-07-16 13:58:28"
1038,1,87,WEST,2817.0,6,2025-12-16,"2026-07-16 13:58:28"
1039,1,87,NORTH,2906.0,7,2026-01-16,"2026-07-16 13:58:28"
1040,1,87,MAIN,3099.0,8,2026-02-16,"2026-07-16 13:58:28"
1041,1,87,MAIN,2979.0,9,2026-03-16,"2026-07-16 13:58:28"
1042,1,87,MAIN,2843.0,10,2026-04-16,"2026-07-16 13:58:28"
1043,1,87,MAIN,2797.0,11,2026-05-16,"2026-07-16 13:58:28"
1044,1,87,WEST,3112.0,12,2026-06-16,"2026-07-16 13:58:28"
1045,1,88,EAST,9069.0,1,2025-07-16,"2026-07-16 13:58:28"
1046,1,88,EAST,8877.0,2,2025-08-16,"2026-07-16 13:58:28"
1047,1,88,MAIN,8891.0,3,2025-09-16,"2026-07-16 13:58:28"
1048,1,88,MAIN,9017.0,4,2025-10-16,"2026-07-16 13:58:28"
1049,1,88,WEST,8834.0,5,2025-11-16,"2026-07-16 13:58:28"
1050,1,88,EAST,8899.0,6,2025-12-16,"2026-07-16 13:58:28"
1051,1,88,MAIN,9047.0,7,2026-01-16,"2026-07-16 13:58:28"
1052,1,88,NORTH,9158.0,8,2026-02-16,"2026-07-16 13:58:28"
1053,1,88,NORTH,9110.0,9,2026-03-16,"2026-07-16 13:58:28"
1054,1,88,EAST,8873.0,10,2026-04-16,"2026-07-16 13:58:28"
1055,1,88,NORTH,9088.0,11,2026-05-16,"2026-07-16 13:58:28"
1056,1,88,WEST,9069.0,12,2026-06-16,"2026-07-16 13:58:28"
1057,1,89,NORTH,6537.0,1,2025-07-16,"2026-07-16 13:58:28"
1058,1,89,WEST,6475.0,2,2025-08-16,"2026-07-16 13:58:28"
1059,1,89,WEST,6225.0,3,2025-09-16,"2026-07-16 13:58:28"
1060,1,89,WEST,6399.0,4,2025-10-16,"2026-07-16 13:58:28"
1061,1,89,NORTH,6220.0,5,2025-11-16,"2026-07-16 13:58:28"
1062,1,89,MAIN,6209.0,6,2025-12-16,"2026-07-16 13:58:28"
1063,1,89,EAST,6446.0,7,2026-01-16,"2026-07-16 13:58:28"
1064,1,89,WEST,6539.0,8,2026-02-16,"2026-07-16 13:58:28"
1065,1,89,EAST,6337.0,9,2026-03-16,"2026-07-16 13:58:28"
1066,1,89,WEST,6267.0,10,2026-04-16,"2026-07-16 13:58:28"
1067,1,89,MAIN,6523.0,11,2026-05-16,"2026-07-16 13:58:28"
1068,1,89,EAST,6562.0,12,2026-06-16,"2026-07-16 13:58:28"
1069,1,90,MAIN,3151.0,1,2025-07-16,"2026-07-16 13:58:28"
1070,1,90,MAIN,3303.0,2,2025-08-16,"2026-07-16 13:58:28"
1071,1,90,NORTH,3062.0,3,2025-09-16,"2026-07-16 13:58:28"
1072,1,90,EAST,3244.0,4,2025-10-16,"2026-07-16 13:58:28"
1073,1,90,EAST,3254.0,5,2025-11-16,"2026-07-16 13:58:28"
1074,1,90,NORTH,3103.0,6,2025-12-16,"2026-07-16 13:58:28"
1075,1,90,NORTH,3201.0,7,2026-01-16,"2026-07-16 13:58:28"
1076,1,90,WEST,3344.0,8,2026-02-16,"2026-07-16 13:58:28"
1077,1,90,EAST,3258.0,9,2026-03-16,"2026-07-16 13:58:28"
1078,1,90,NORTH,3064.0,10,2026-04-16,"2026-07-16 13:58:28"
1079,1,90,MAIN,3215.0,11,2026-05-16,"2026-07-16 13:58:28"
1080,1,90,EAST,3167.0,12,2026-06-16,"2026-07-16 13:58:28"
1081,1,91,EAST,7443.0,1,2025-07-16,"2026-07-16 13:58:28"
1082,1,91,MAIN,7494.0,2,2025-08-16,"2026-07-16 13:58:28"
1083,1,91,NORTH,7633.0,3,2025-09-16,"2026-07-16 13:58:28"
1084,1,91,EAST,7707.0,4,2025-10-16,"2026-07-16 13:58:28"
1085,1,91,WEST,7458.0,5,2025-11-16,"2026-07-16 13:58:28"
1086,1,91,WEST,7552.0,6,2025-12-16,"2026-07-16 13:58:28"
1087,1,91,NORTH,7498.0,7,2026-01-16,"2026-07-16 13:58:28"
1088,1,91,EAST,7342.0,8,2026-02-16,"2026-07-16 13:58:28"
1089,1,91,NORTH,7613.0,9,2026-03-16,"2026-07-16 13:58:28"
1090,1,91,WEST,7378.0,10,2026-04-16,"2026-07-16 13:58:28"
1091,1,91,NORTH,7688.0,11,2026-05-16,"2026-07-16 13:58:28"
1092,1,91,EAST,7494.0,12,2026-06-16,"2026-07-16 13:58:28"
1093,1,92,WEST,217.0,1,2025-07-16,"2026-07-16 13:58:28"
1094,1,92,WEST,451.0,2,2025-08-16,"2026-07-16 13:58:28"
1095,1,92,EAST,444.0,3,2025-09-16,"2026-07-16 13:58:28"
1096,1,92,WEST,428.0,4,2025-10-16,"2026-07-16 13:58:28"
1097,1,92,NORTH,338.0,5,2025-11-16,"2026-07-16 13:58:28"
1098,1,92,MAIN,286.0,6,2025-12-16,"2026-07-16 13:58:28"
1099,1,92,NORTH,333.0,7,2026-01-16,"2026-07-16 13:58:28"
1100,1,92,EAST,339.0,8,2026-02-16,"2026-07-16 13:58:28"
1101,1,92,MAIN,343.0,9,2026-03-16,"2026-07-16 13:58:28"
1102,1,92,EAST,261.0,10,2026-04-16,"2026-07-16 13:58:28"
1103,1,92,EAST,531.0,11,2026-05-16,"2026-07-16 13:58:28"
1104,1,92,MAIN,397.0,12,2026-06-16,"2026-07-16 13:58:28"
1105,1,93,MAIN,4122.0,1,2025-07-16,"2026-07-16 13:58:28"
1106,1,93,WEST,3910.0,2,2025-08-16,"2026-07-16 13:58:28"
1107,1,93,EAST,4113.0,3,2025-09-16,"2026-07-16 13:58:28"
1108,1,93,MAIN,3793.0,4,2025-10-16,"2026-07-16 13:58:28"
1109,1,93,WEST,4173.0,5,2025-11-16,"2026-07-16 13:58:28"
1110,1,93,MAIN,3906.0,6,2025-12-16,"2026-07-16 13:58:28"
1111,1,93,WEST,4058.0,7,2026-01-16,"2026-07-16 13:58:28"
1112,1,93,NORTH,3920.0,8,2026-02-16,"2026-07-16 13:58:28"
1113,1,93,NORTH,3859.0,9,2026-03-16,"2026-07-16 13:58:28"
1114,1,93,WEST,4178.0,10,2026-04-16,"2026-07-16 13:58:28"
1115,1,93,EAST,3855.0,11,2026-05-16,"2026-07-16 13:58:28"
1116,1,93,WEST,3811.0,12,2026-06-16,"2026-07-16 13:58:28"
1117,1,94,WEST,2518.0,1,2025-07-16,"2026-07-16 13:58:28"
1118,1,94,NORTH,2406.0,2,2025-08-16,"2026-07-16 13:58:28"
1119,1,94,NORTH,2374.0,3,2025-09-16,"2026-07-16 13:58:28"
1120,1,94,WEST,2712.0,4,2025-10-16,"2026-07-16 13:58:28"
1121,1,94,NORTH,2431.0,5,2025-11-16,"2026-07-16 13:58:28"
1122,1,94,EAST,2430.0,6,2025-12-16,"2026-07-16 13:58:28"
1123,1,94,WEST,2686.0,7,2026-01-16,"2026-07-16 13:58:28"
1124,1,94,EAST,2511.0,8,2026-02-16,"2026-07-16 13:58:28"
1125,1,94,EAST,2378.0,9,2026-03-16,"2026-07-16 13:58:28"
1126,1,94,MAIN,2454.0,10,2026-04-16,"2026-07-16 13:58:28"
1127,1,94,NORTH,2387.0,11,2026-05-16,"2026-07-16 13:58:28"
1128,1,94,NORTH,2577.0,12,2026-06-16,"2026-07-16 13:58:28"
1129,1,95,EAST,4538.0,1,2025-07-16,"2026-07-16 13:58:28"
1130,1,95,EAST,4485.0,2,2025-08-16,"2026-07-16 13:58:28"
1131,1,95,WEST,4322.0,3,2025-09-16,"2026-07-16 13:58:28"
1132,1,95,WEST,4254.0,4,2025-10-16,"2026-07-16 13:58:28"
1133,1,95,EAST,4412.0,5,2025-11-16,"2026-07-16 13:58:28"
1134,1,95,NORTH,4576.0,6,2025-12-16,"2026-07-16 13:58:28"
1135,1,95,NORTH,4302.0,7,2026-01-16,"2026-07-16 13:58:28"
1136,1,95,EAST,4525.0,8,2026-02-16,"2026-07-16 13:58:28"
1137,1,95,EAST,4493.0,9,2026-03-16,"2026-07-16 13:58:28"
1138,1,95,MAIN,4538.0,10,2026-04-16,"2026-07-16 13:58:28"
1139,1,95,EAST,4451.0,11,2026-05-16,"2026-07-16 13:58:28"
1140,1,95,WEST,4380.0,12,2026-06-16,"2026-07-16 13:58:28"
1141,1,96,NORTH,4149.0,1,2025-07-16,"2026-07-16 13:58:28"
1142,1,96,WEST,4430.0,2,2025-08-16,"2026-07-16 13:58:28"
1143,1,96,WEST,4164.0,3,2025-09-16,"2026-07-16 13:58:28"
1144,1,96,MAIN,4128.0,4,2025-10-16,"2026-07-16 13:58:28"
1145,1,96,EAST,4327.0,5,2025-11-16,"2026-07-16 13:58:28"
1146,1,96,EAST,4367.0,6,2025-12-16,"2026-07-16 13:58:28"
1147,1,96,MAIN,4177.0,7,2026-01-16,"2026-07-16 13:58:28"
1148,1,96,MAIN,4233.0,8,2026-02-16,"2026-07-16 13:58:28"
1149,1,96,EAST,4400.0,9,2026-03-16,"2026-07-16 13:58:28"
1150,1,96,WEST,4211.0,10,2026-04-16,"2026-07-16 13:58:28"
1151,1,96,NORTH,4284.0,11,2026-05-16,"2026-07-16 13:58:28"
1152,1,96,WEST,4340.0,12,2026-06-16,"2026-07-16 13:58:28"
1153,1,97,EAST,7655.0,1,2025-07-16,"2026-07-16 13:58:28"
1154,1,97,NORTH,7799.0,2,2025-08-16,"2026-07-16 13:58:28"
1155,1,97,EAST,7825.0,3,2025-09-16,"2026-07-16 13:58:28"
1156,1,97,MAIN,7829.0,4,2025-10-16,"2026-07-16 13:58:28"
1157,1,97,MAIN,7463.0,5,2025-11-16,"2026-07-16 13:58:28"
1158,1,97,MAIN,7762.0,6,2025-12-16,"2026-07-16 13:58:28"
1159,1,97,EAST,7507.0,7,2026-01-16,"2026-07-16 13:58:28"
1160,1,97,NORTH,7750.0,8,2026-02-16,"2026-07-16 13:58:28"
1161,1,97,WEST,7712.0,9,2026-03-16,"2026-07-16 13:58:28"
1162,1,97,MAIN,7686.0,10,2026-04-16,"2026-07-16 13:58:28"
1163,1,97,EAST,7490.0,11,2026-05-16,"2026-07-16 13:58:28"
1164,1,97,EAST,7640.0,12,2026-06-16,"2026-07-16 13:58:28"
1165,1,98,NORTH,9474.0,1,2025-07-16,"2026-07-16 13:58:28"
1166,1,98,NORTH,9192.0,2,2025-08-16,"2026-07-16 13:58:28"
1167,1,98,MAIN,9548.0,3,2025-09-16,"2026-07-16 13:58:28"
1168,1,98,MAIN,9249.0,4,2025-10-16,"2026-07-16 13:58:28"
1169,1,98,WEST,9456.0,5,2025-11-16,"2026-07-16 13:58:28"
1170,1,98,MAIN,9289.0,6,2025-12-16,"2026-07-16 13:58:28"
1171,1,98,WEST,9327.0,7,2026-01-16,"2026-07-16 13:58:28"
1172,1,98,WEST,9519.0,8,2026-02-16,"2026-07-16 13:58:28"
1173,1,98,MAIN,9256.0,9,2026-03-16,"2026-07-16 13:58:28"
1174,1,98,WEST,9511.0,10,2026-04-16,"2026-07-16 13:58:28"
1175,1,98,WEST,9528.0,11,2026-05-16,"2026-07-16 13:58:28"
1176,1,98,WEST,9202.0,12,2026-06-16,"2026-07-16 13:58:28"
1177,1,99,EAST,7994.0,1,2025-07-16,"2026-07-16 13:58:28"
1178,1,99,EAST,7676.0,2,2025-08-16,"2026-07-16 13:58:28"
1179,1,99,MAIN,7950.0,3,2025-09-16,"2026-07-16 13:58:28"
1180,1,99,EAST,8021.0,4,2025-10-16,"2026-07-16 13:58:28"
1181,1,99,MAIN,8019.0,5,2025-11-16,"2026-07-16 13:58:28"
1182,1,99,NORTH,7880.0,6,2025-12-16,"2026-07-16 13:58:28"
1183,1,99,MAIN,7701.0,7,2026-01-16,"2026-07-16 13:58:28"
1184,1,99,WEST,8058.0,8,2026-02-16,"2026-07-16 13:58:28"
1185,1,99,EAST,7682.0,9,2026-03-16,"2026-07-16 13:58:28"
1186,1,99,EAST,7936.0,10,2026-04-16,"2026-07-16 13:58:28"
1187,1,99,MAIN,7916.0,11,2026-05-16,"2026-07-16 13:58:28"
1188,1,99,WEST,8071.0,12,2026-06-16,"2026-07-16 13:58:28"
1189,1,100,EAST,3768.0,1,2025-07-16,"2026-07-16 13:58:28"
1190,1,100,NORTH,3662.0,2,2025-08-16,"2026-07-16 13:58:28"
1191,1,100,MAIN,3841.0,3,2025-09-16,"2026-07-16 13:58:28"
1192,1,100,WEST,3752.0,4,2025-10-16,"2026-07-16 13:58:28"
1193,1,100,MAIN,3523.0,5,2025-11-16,"2026-07-16 13:58:28"
1194,1,100,MAIN,3780.0,6,2025-12-16,"2026-07-16 13:58:28"
1195,1,100,MAIN,3737.0,7,2026-01-16,"2026-07-16 13:58:28"
1196,1,100,EAST,3699.0,8,2026-02-16,"2026-07-16 13:58:28"
1197,1,100,WEST,3763.0,9,2026-03-16,"2026-07-16 13:58:28"
1198,1,100,EAST,3657.0,10,2026-04-16,"2026-07-16 13:58:28"
1199,1,100,MAIN,3807.0,11,2026-05-16,"2026-07-16 13:58:28"
1200,1,100,NORTH,3506.0,12,2026-06-16,"2026-07-16 13:58:28"
1201,1,101,EAST,735.0,1,2025-07-16,"2026-07-16 13:58:28"
1202,1,101,MAIN,555.0,2,2025-08-16,"2026-07-16 13:58:28"
1203,1,101,WEST,436.0,3,2025-09-16,"2026-07-16 13:58:28"
1204,1,101,EAST,494.0,4,2025-10-16,"2026-07-16 13:58:28"
1205,1,101,NORTH,419.0,5,2025-11-16,"2026-07-16 13:58:28"
1206,1,101,EAST,643.0,6,2025-12-16,"2026-07-16 13:58:28"
1207,1,101,NORTH,568.0,7,2026-01-16,"2026-07-16 13:58:28"
1208,1,101,WEST,721.0,8,2026-02-16,"2026-07-16 13:58:28"
1209,1,101,NORTH,458.0,9,2026-03-16,"2026-07-16 13:58:28"
1210,1,101,MAIN,690.0,10,2026-04-16,"2026-07-16 13:58:28"
1211,1,101,EAST,469.0,11,2026-05-16,"2026-07-16 13:58:28"
1212,1,101,MAIN,474.0,12,2026-06-16,"2026-07-16 13:58:28"
1213,1,102,WEST,9082.0,1,2025-07-16,"2026-07-16 13:58:28"
1214,1,102,MAIN,8942.0,2,2025-08-16,"2026-07-16 13:58:28"
1215,1,102,WEST,8939.0,3,2025-09-16,"2026-07-16 13:58:28"
1216,1,102,WEST,8822.0,4,2025-10-16,"2026-07-16 13:58:28"
1217,1,102,MAIN,9095.0,5,2025-11-16,"2026-07-16 13:58:28"
1218,1,102,EAST,9137.0,6,2025-12-16,"2026-07-16 13:58:28"
1219,1,102,MAIN,8929.0,7,2026-01-16,"2026-07-16 13:58:28"
1220,1,102,WEST,8986.0,8,2026-02-16,"2026-07-16 13:58:28"
1221,1,102,WEST,9106.0,9,2026-03-16,"2026-07-16 13:58:28"
1222,1,102,NORTH,8832.0,10,2026-04-16,"2026-07-16 13:58:28"
1223,1,102,EAST,8817.0,11,2026-05-16,"2026-07-16 13:58:28"
1224,1,102,WEST,9039.0,12,2026-06-16,"2026-07-16 13:58:28"
1225,1,103,EAST,6686.0,1,2025-07-16,"2026-07-16 13:58:28"
1226,1,103,NORTH,6553.0,2,2025-08-16,"2026-07-16 13:58:28"
1227,1,103,WEST,6733.0,3,2025-09-16,"2026-07-16 13:58:28"
1228,1,103,EAST,6811.0,4,2025-10-16,"2026-07-16 13:58:28"
1229,1,103,EAST,6521.0,5,2025-11-16,"2026-07-16 13:58:28"
1230,1,103,NORTH,6425.0,6,2025-12-16,"2026-07-16 13:58:28"
1231,1,103,WEST,6473.0,7,2026-01-16,"2026-07-16 13:58:28"
1232,1,103,WEST,6529.0,8,2026-02-16,"2026-07-16 13:58:28"
1233,1,103,WEST,6711.0,9,2026-03-16,"2026-07-16 13:58:28"
1234,1,103,NORTH,6744.0,10,2026-04-16,"2026-07-16 13:58:28"
1235,1,103,NORTH,6602.0,11,2026-05-16,"2026-07-16 13:58:28"
1236,1,103,MAIN,6761.0,12,2026-06-16,"2026-07-16 13:58:28"
1237,1,104,WEST,6124.0,1,2025-07-16,"2026-07-16 13:58:28"
1238,1,104,MAIN,6004.0,2,2025-08-16,"2026-07-16 13:58:28"
1239,1,104,WEST,6267.0,3,2025-09-16,"2026-07-16 13:58:28"
1240,1,104,NORTH,6329.0,4,2025-10-16,"2026-07-16 13:58:28"
1241,1,104,NORTH,6198.0,5,2025-11-16,"2026-07-16 13:58:28"
1242,1,104,NORTH,6083.0,6,2025-12-16,"2026-07-16 13:58:28"
1243,1,104,MAIN,6282.0,7,2026-01-16,"2026-07-16 13:58:28"
1244,1,104,NORTH,6140.0,8,2026-02-16,"2026-07-16 13:58:28"
1245,1,104,MAIN,6303.0,9,2026-03-16,"2026-07-16 13:58:28"
1246,1,104,WEST,6231.0,10,2026-04-16,"2026-07-16 13:58:28"
1247,1,104,WEST,6230.0,11,2026-05-16,"2026-07-16 13:58:28"
1248,1,104,NORTH,6335.0,12,2026-06-16,"2026-07-16 13:58:28"
1249,1,105,WEST,4090.0,1,2025-07-16,"2026-07-16 13:58:28"
1250,1,105,WEST,4279.0,2,2025-08-16,"2026-07-16 13:58:28"
1251,1,105,NORTH,4002.0,3,2025-09-16,"2026-07-16 13:58:28"
1252,1,105,MAIN,4110.0,4,2025-10-16,"2026-07-16 13:58:28"
1253,1,105,EAST,4004.0,5,2025-11-16,"2026-07-16 13:58:28"
1254,1,105,NORTH,4298.0,6,2025-12-16,"2026-07-16 13:58:28"
1255,1,105,WEST,4071.0,7,2026-01-16,"2026-07-16 13:58:28"
1256,1,105,MAIN,4256.0,8,2026-02-16,"2026-07-16 13:58:28"
1257,1,105,WEST,3937.0,9,2026-03-16,"2026-07-16 13:58:28"
1258,1,105,NORTH,4280.0,10,2026-04-16,"2026-07-16 13:58:28"
1259,1,105,NORTH,4204.0,11,2026-05-16,"2026-07-16 13:58:28"
1260,1,105,EAST,4163.0,12,2026-06-16,"2026-07-16 13:58:28"
1261,1,106,WEST,9713.0,1,2025-07-16,"2026-07-16 13:58:28"
1262,1,106,WEST,9543.0,2,2025-08-16,"2026-07-16 13:58:28"
1263,1,106,WEST,9847.0,3,2025-09-16,"2026-07-16 13:58:28"
1264,1,106,MAIN,9776.0,4,2025-10-16,"2026-07-16 13:58:28"
1265,1,106,EAST,9733.0,5,2025-11-16,"2026-07-16 13:58:28"
1266,1,106,MAIN,9826.0,6,2025-12-16,"2026-07-16 13:58:28"
1267,1,106,EAST,9512.0,7,2026-01-16,"2026-07-16 13:58:28"
1268,1,106,NORTH,9830.0,8,2026-02-16,"2026-07-16 13:58:28"
1269,1,106,WEST,9754.0,9,2026-03-16,"2026-07-16 13:58:28"
1270,1,106,EAST,9726.0,10,2026-04-16,"2026-07-16 13:58:28"
1271,1,106,EAST,9494.0,11,2026-05-16,"2026-07-16 13:58:28"
1272,1,106,NORTH,9728.0,12,2026-06-16,"2026-07-16 13:58:28"
1273,1,107,MAIN,4495.0,1,2025-07-16,"2026-07-16 13:58:28"
1274,1,107,NORTH,4256.0,2,2025-08-16,"2026-07-16 13:58:28"
1275,1,107,EAST,4530.0,3,2025-09-16,"2026-07-16 13:58:28"
1276,1,107,WEST,4256.0,4,2025-10-16,"2026-07-16 13:58:28"
1277,1,107,WEST,4543.0,5,2025-11-16,"2026-07-16 13:58:28"
1278,1,107,EAST,4345.0,6,2025-12-16,"2026-07-16 13:58:28"
1279,1,107,MAIN,4416.0,7,2026-01-16,"2026-07-16 13:58:28"
1280,1,107,MAIN,4549.0,8,2026-02-16,"2026-07-16 13:58:28"
1281,1,107,WEST,4537.0,9,2026-03-16,"2026-07-16 13:58:28"
1282,1,107,NORTH,4323.0,10,2026-04-16,"2026-07-16 13:58:28"
1283,1,107,NORTH,4294.0,11,2026-05-16,"2026-07-16 13:58:28"
1284,1,107,NORTH,4325.0,12,2026-06-16,"2026-07-16 13:58:28"
1285,1,108,EAST,2072.0,1,2025-07-16,"2026-07-16 13:58:28"
1286,1,108,NORTH,2059.0,2,2025-08-16,"2026-07-16 13:58:28"
1287,1,108,MAIN,2038.0,3,2025-09-16,"2026-07-16 13:58:28"
1288,1,108,EAST,2068.0,4,2025-10-16,"2026-07-16 13:58:28"
1289,1,108,EAST,1779.0,5,2025-11-16,"2026-07-16 13:58:28"
1290,1,108,NORTH,1874.0,6,2025-12-16,"2026-07-16 13:58:28"
1291,1,108,NORTH,1785.0,7,2026-01-16,"2026-07-16 13:58:28"
1292,1,108,NORTH,2024.0,8,2026-02-16,"2026-07-16 13:58:28"
1293,1,108,EAST,1882.0,9,2026-03-16,"2026-07-16 13:58:28"
1294,1,108,WEST,2003.0,10,2026-04-16,"2026-07-16 13:58:28"
1295,1,108,EAST,1901.0,11,2026-05-16,"2026-07-16 13:58:28"
1296,1,108,NORTH,1816.0,12,2026-06-16,"2026-07-16 13:58:28"
1297,1,109,NORTH,3330.0,1,2025-07-16,"2026-07-16 13:58:28"
1298,1,109,NORTH,3379.0,2,2025-08-16,"2026-07-16 13:58:28"
1299,1,109,WEST,3318.0,3,2025-09-16,"2026-07-16 13:58:28"
1300,1,109,MAIN,3579.0,4,2025-10-16,"2026-07-16 13:58:28"
1301,1,109,WEST,3483.0,5,2025-11-16,"2026-07-16 13:58:28"
1302,1,109,MAIN,3226.0,6,2025-12-16,"2026-07-16 13:58:28"
1303,1,109,NORTH,3431.0,7,2026-01-16,"2026-07-16 13:58:28"
1304,1,109,EAST,3351.0,8,2026-02-16,"2026-07-16 13:58:28"
1305,1,109,MAIN,3542.0,9,2026-03-16,"2026-07-16 13:58:28"
1306,1,109,EAST,3547.0,10,2026-04-16,"2026-07-16 13:58:28"
1307,1,109,EAST,3344.0,11,2026-05-16,"2026-07-16 13:58:28"
1308,1,109,EAST,3476.0,12,2026-06-16,"2026-07-16 13:58:28"
1309,1,110,WEST,501.0,1,2025-07-16,"2026-07-16 13:58:28"
1310,1,110,EAST,412.0,2,2025-08-16,"2026-07-16 13:58:28"
1311,1,110,WEST,509.0,3,2025-09-16,"2026-07-16 13:58:28"
1312,1,110,MAIN,272.0,4,2025-10-16,"2026-07-16 13:58:28"
1313,1,110,WEST,482.0,5,2025-11-16,"2026-07-16 13:58:28"
1314,1,110,EAST,415.0,6,2025-12-16,"2026-07-16 13:58:28"
1315,1,110,NORTH,450.0,7,2026-01-16,"2026-07-16 13:58:28"
1316,1,110,EAST,512.0,8,2026-02-16,"2026-07-16 13:58:28"
1317,1,110,WEST,544.0,9,2026-03-16,"2026-07-16 13:58:28"
1318,1,110,NORTH,354.0,10,2026-04-16,"2026-07-16 13:58:28"
1319,1,110,NORTH,580.0,11,2026-05-16,"2026-07-16 13:58:28"
1320,1,110,EAST,471.0,12,2026-06-16,"2026-07-16 13:58:28"
1321,1,111,MAIN,4123.0,1,2025-07-16,"2026-07-16 13:58:28"
1322,1,111,WEST,4032.0,2,2025-08-16,"2026-07-16 13:58:28"
1323,1,111,NORTH,4234.0,3,2025-09-16,"2026-07-16 13:58:28"
1324,1,111,MAIN,3876.0,4,2025-10-16,"2026-07-16 13:58:28"
1325,1,111,WEST,4203.0,5,2025-11-16,"2026-07-16 13:58:28"
1326,1,111,WEST,3929.0,6,2025-12-16,"2026-07-16 13:58:28"
1327,1,111,MAIN,4156.0,7,2026-01-16,"2026-07-16 13:58:28"
1328,1,111,MAIN,3883.0,8,2026-02-16,"2026-07-16 13:58:28"
1329,1,111,MAIN,3877.0,9,2026-03-16,"2026-07-16 13:58:28"
1330,1,111,MAIN,3985.0,10,2026-04-16,"2026-07-16 13:58:28"
1331,1,111,EAST,4176.0,11,2026-05-16,"2026-07-16 13:58:28"
1332,1,111,EAST,3964.0,12,2026-06-16,"2026-07-16 13:58:28"
1333,1,112,NORTH,7823.0,1,2025-07-16,"2026-07-16 13:58:28"
1334,1,112,WEST,7744.0,2,2025-08-16,"2026-07-16 13:58:28"
1335,1,112,WEST,7645.0,3,2025-09-16,"2026-07-16 13:58:28"
1336,1,112,NORTH,7949.0,4,2025-10-16,"2026-07-16 13:58:28"
1337,1,112,NORTH,7914.0,5,2025-11-16,"2026-07-16 13:58:28"
1338,1,112,WEST,7768.0,6,2025-12-16,"2026-07-16 13:58:28"
1339,1,112,WEST,7712.0,7,2026-01-16,"2026-07-16 13:58:28"
1340,1,112,EAST,7810.0,8,2026-02-16,"2026-07-16 13:58:28"
1341,1,112,WEST,7690.0,9,2026-03-16,"2026-07-16 13:58:28"
1342,1,112,EAST,7636.0,10,2026-04-16,"2026-07-16 13:58:28"
1343,1,112,NORTH,7918.0,11,2026-05-16,"2026-07-16 13:58:28"
1344,1,112,MAIN,7719.0,12,2026-06-16,"2026-07-16 13:58:28"
1345,1,113,NORTH,7175.0,1,2025-07-16,"2026-07-16 13:58:28"
1346,1,113,EAST,6958.0,2,2025-08-16,"2026-07-16 13:58:28"
1347,1,113,EAST,7111.0,3,2025-09-16,"2026-07-16 13:58:28"
1348,1,113,MAIN,7216.0,4,2025-10-16,"2026-07-16 13:58:28"
1349,1,113,EAST,7214.0,5,2025-11-16,"2026-07-16 13:58:28"
1350,1,113,WEST,7246.0,6,2025-12-16,"2026-07-16 13:58:28"
1351,1,113,WEST,7097.0,7,2026-01-16,"2026-07-16 13:58:28"
1352,1,113,MAIN,7263.0,8,2026-02-16,"2026-07-16 13:58:28"
1353,1,113,NORTH,7104.0,9,2026-03-16,"2026-07-16 13:58:28"
1354,1,113,WEST,6922.0,10,2026-04-16,"2026-07-16 13:58:28"
1355,1,113,WEST,7047.0,11,2026-05-16,"2026-07-16 13:58:28"
1356,1,113,WEST,7035.0,12,2026-06-16,"2026-07-16 13:58:28"
1357,1,114,NORTH,6576.0,1,2025-07-16,"2026-07-16 13:58:28"
1358,1,114,NORTH,6419.0,2,2025-08-16,"2026-07-16 13:58:28"
1359,1,114,WEST,6740.0,3,2025-09-16,"2026-07-16 13:58:28"
1360,1,114,EAST,6609.0,4,2025-10-16,"2026-07-16 13:58:28"
1361,1,114,EAST,6742.0,5,2025-11-16,"2026-07-16 13:58:28"
1362,1,114,NORTH,6745.0,6,2025-12-16,"2026-07-16 13:58:28"
1363,1,114,EAST,6642.0,7,2026-01-16,"2026-07-16 13:58:28"
1364,1,114,WEST,6679.0,8,2026-02-16,"2026-07-16 13:58:28"
1365,1,114,WEST,6567.0,9,2026-03-16,"2026-07-16 13:58:28"
1366,1,114,WEST,6538.0,10,2026-04-16,"2026-07-16 13:58:28"
1367,1,114,NORTH,6708.0,11,2026-05-16,"2026-07-16 13:58:28"
1368,1,114,MAIN,6791.0,12,2026-06-16,"2026-07-16 13:58:28"
1369,1,115,MAIN,2754.0,1,2025-07-16,"2026-07-16 13:58:28"
1370,1,115,WEST,2737.0,2,2025-08-16,"2026-07-16 13:58:28"
1371,1,115,MAIN,2728.0,3,2025-09-16,"2026-07-16 13:58:28"
1372,1,115,WEST,2798.0,4,2025-10-16,"2026-07-16 13:58:28"
1373,1,115,MAIN,2916.0,5,2025-11-16,"2026-07-16 13:58:28"
1374,1,115,NORTH,2820.0,6,2025-12-16,"2026-07-16 13:58:28"
1375,1,115,MAIN,2779.0,7,2026-01-16,"2026-07-16 13:58:28"
1376,1,115,EAST,2855.0,8,2026-02-16,"2026-07-16 13:58:28"
1377,1,115,WEST,2737.0,9,2026-03-16,"2026-07-16 13:58:28"
1378,1,115,MAIN,2695.0,10,2026-04-16,"2026-07-16 13:58:28"
1379,1,115,NORTH,2796.0,11,2026-05-16,"2026-07-16 13:58:28"
1380,1,115,EAST,2847.0,12,2026-06-16,"2026-07-16 13:58:28"
1381,1,116,MAIN,8445.0,1,2025-07-16,"2026-07-16 13:58:28"
1382,1,116,NORTH,8462.0,2,2025-08-16,"2026-07-16 13:58:28"
1383,1,116,WEST,8787.0,3,2025-09-16,"2026-07-16 13:58:28"
1384,1,116,NORTH,8752.0,4,2025-10-16,"2026-07-16 13:58:28"
1385,1,116,WEST,8645.0,5,2025-11-16,"2026-07-16 13:58:28"
1386,1,116,EAST,8664.0,6,2025-12-16,"2026-07-16 13:58:28"
1387,1,116,WEST,8693.0,7,2026-01-16,"2026-07-16 13:58:28"
1388,1,116,EAST,8577.0,8,2026-02-16,"2026-07-16 13:58:28"
1389,1,116,NORTH,8526.0,9,2026-03-16,"2026-07-16 13:58:28"
1390,1,116,MAIN,8494.0,10,2026-04-16,"2026-07-16 13:58:28"
1391,1,116,MAIN,8782.0,11,2026-05-16,"2026-07-16 13:58:28"
1392,1,116,NORTH,8650.0,12,2026-06-16,"2026-07-16 13:58:28"
1393,1,117,MAIN,2934.0,1,2025-07-16,"2026-07-16 13:58:28"
1394,1,117,MAIN,3058.0,2,2025-08-16,"2026-07-16 13:58:28"
1395,1,117,EAST,3071.0,3,2025-09-16,"2026-07-16 13:58:28"
1396,1,117,NORTH,2962.0,4,2025-10-16,"2026-07-16 13:58:28"
1397,1,117,MAIN,3049.0,5,2025-11-16,"2026-07-16 13:58:28"
1398,1,117,EAST,3129.0,6,2025-12-16,"2026-07-16 13:58:28"
1399,1,117,NORTH,2957.0,7,2026-01-16,"2026-07-16 13:58:28"
1400,1,117,WEST,2919.0,8,2026-02-16,"2026-07-16 13:58:28"
1401,1,117,NORTH,3117.0,9,2026-03-16,"2026-07-16 13:58:28"
1402,1,117,MAIN,2915.0,10,2026-04-16,"2026-07-16 13:58:28"
1403,1,117,WEST,2792.0,11,2026-05-16,"2026-07-16 13:58:28"
1404,1,117,NORTH,2768.0,12,2026-06-16,"2026-07-16 13:58:28"
1405,1,118,MAIN,6558.0,1,2025-07-16,"2026-07-16 13:58:28"
1406,1,118,MAIN,6641.0,2,2025-08-16,"2026-07-16 13:58:28"
1407,1,118,NORTH,6476.0,3,2025-09-16,"2026-07-16 13:58:28"
1408,1,118,EAST,6712.0,4,2025-10-16,"2026-07-16 13:58:28"
1409,1,118,EAST,6753.0,5,2025-11-16,"2026-07-16 13:58:28"
1410,1,118,NORTH,6723.0,6,2025-12-16,"2026-07-16 13:58:28"
1411,1,118,WEST,6770.0,7,2026-01-16,"2026-07-16 13:58:28"
1412,1,118,NORTH,6551.0,8,2026-02-16,"2026-07-16 13:58:28"
1413,1,118,NORTH,6634.0,9,2026-03-16,"2026-07-16 13:58:28"
1414,1,118,EAST,6623.0,10,2026-04-16,"2026-07-16 13:58:28"
1415,1,118,WEST,6505.0,11,2026-05-16,"2026-07-16 13:58:28"
1416,1,118,WEST,6490.0,12,2026-06-16,"2026-07-16 13:58:28"
1417,1,119,MAIN,5410.0,1,2025-07-16,"2026-07-16 13:58:28"
1418,1,119,NORTH,5079.0,2,2025-08-16,"2026-07-16 13:58:28"
1419,1,119,NORTH,5105.0,3,2025-09-16,"2026-07-16 13:58:28"
1420,1,119,NORTH,5441.0,4,2025-10-16,"2026-07-16 13:58:28"
1421,1,119,WEST,5228.0,5,2025-11-16,"2026-07-16 13:58:28"
1422,1,119,MAIN,5160.0,6,2025-12-16,"2026-07-16 13:58:28"
1423,1,119,NORTH,5314.0,7,2026-01-16,"2026-07-16 13:58:28"
1424,1,119,EAST,5160.0,8,2026-02-16,"2026-07-16 13:58:28"
1425,1,119,NORTH,5090.0,9,2026-03-16,"2026-07-16 13:58:28"
1426,1,119,NORTH,5247.0,10,2026-04-16,"2026-07-16 13:58:28"
1427,1,119,MAIN,5345.0,11,2026-05-16,"2026-07-16 13:58:28"
1428,1,119,EAST,5131.0,12,2026-06-16,"2026-07-16 13:58:28"
1429,1,120,NORTH,392.0,1,2025-07-16,"2026-07-16 13:58:28"
1430,1,120,EAST,379.0,2,2025-08-16,"2026-07-16 13:58:28"
1431,1,120,WEST,327.0,3,2025-09-16,"2026-07-16 13:58:28"
1432,1,120,WEST,107.0,4,2025-10-16,"2026-07-16 13:58:28"
1433,1,120,MAIN,363.0,5,2025-11-16,"2026-07-16 13:58:28"
1434,1,120,WEST,407.0,6,2025-12-16,"2026-07-16 13:58:28"
1435,1,120,WEST,291.0,7,2026-01-16,"2026-07-16 13:58:28"
1436,1,120,WEST,292.0,8,2026-02-16,"2026-07-16 13:58:28"
1437,1,120,EAST,485.0,9,2026-03-16,"2026-07-16 13:58:28"
1438,1,120,NORTH,102.0,10,2026-04-16,"2026-07-16 13:58:28"
1439,1,120,WEST,423.0,11,2026-05-16,"2026-07-16 13:58:28"
1440,1,120,MAIN,113.0,12,2026-06-16,"2026-07-16 13:58:28"
1441,1,121,NORTH,9701.0,1,2025-07-16,"2026-07-16 13:58:28"
1442,1,121,NORTH,9529.0,2,2025-08-16,"2026-07-16 13:58:28"
1443,1,121,WEST,9623.0,3,2025-09-16,"2026-07-16 13:58:28"
1444,1,121,NORTH,9700.0,4,2025-10-16,"2026-07-16 13:58:28"
1445,1,121,EAST,9611.0,5,2025-11-16,"2026-07-16 13:58:28"
1446,1,121,EAST,9334.0,6,2025-12-16,"2026-07-16 13:58:28"
1447,1,121,NORTH,9511.0,7,2026-01-16,"2026-07-16 13:58:28"
1448,1,121,MAIN,9343.0,8,2026-02-16,"2026-07-16 13:58:28"
1449,1,121,NORTH,9473.0,9,2026-03-16,"2026-07-16 13:58:28"
1450,1,121,EAST,9581.0,10,2026-04-16,"2026-07-16 13:58:28"
1451,1,121,WEST,9659.0,11,2026-05-16,"2026-07-16 13:58:28"
1452,1,121,NORTH,9430.0,12,2026-06-16,"2026-07-16 13:58:28"
1453,1,122,NORTH,2180.0,1,2025-07-16,"2026-07-16 13:58:28"
1454,1,122,EAST,1950.0,2,2025-08-16,"2026-07-16 13:58:28"
1455,1,122,MAIN,1957.0,3,2025-09-16,"2026-07-16 13:58:28"
1456,1,122,WEST,2179.0,4,2025-10-16,"2026-07-16 13:58:28"
1457,1,122,WEST,2092.0,5,2025-11-16,"2026-07-16 13:58:28"
1458,1,122,EAST,2187.0,6,2025-12-16,"2026-07-16 13:58:28"
1459,1,122,NORTH,2250.0,7,2026-01-16,"2026-07-16 13:58:28"
1460,1,122,NORTH,2055.0,8,2026-02-16,"2026-07-16 13:58:28"
1461,1,122,WEST,2169.0,9,2026-03-16,"2026-07-16 13:58:28"
1462,1,122,EAST,1953.0,10,2026-04-16,"2026-07-16 13:58:28"
1463,1,122,EAST,2037.0,11,2026-05-16,"2026-07-16 13:58:28"
1464,1,122,NORTH,2058.0,12,2026-06-16,"2026-07-16 13:58:28"
1465,1,123,NORTH,6857.0,1,2025-07-16,"2026-07-16 13:58:28"
1466,1,123,WEST,6840.0,2,2025-08-16,"2026-07-16 13:58:28"
1467,1,123,EAST,6720.0,3,2025-09-16,"2026-07-16 13:58:28"
1468,1,123,WEST,6885.0,4,2025-10-16,"2026-07-16 13:58:28"
1469,1,123,MAIN,6940.0,5,2025-11-16,"2026-07-16 13:58:28"
1470,1,123,NORTH,6988.0,6,2025-12-16,"2026-07-16 13:58:28"
1471,1,123,WEST,6872.0,7,2026-01-16,"2026-07-16 13:58:28"
1472,1,123,EAST,6840.0,8,2026-02-16,"2026-07-16 13:58:28"
1473,1,123,NORTH,6945.0,9,2026-03-16,"2026-07-16 13:58:28"
1474,1,123,EAST,6789.0,10,2026-04-16,"2026-07-16 13:58:28"
1475,1,123,EAST,6989.0,11,2026-05-16,"2026-07-16 13:58:28"
1476,1,123,MAIN,6725.0,12,2026-06-16,"2026-07-16 13:58:28"
1477,1,124,NORTH,6619.0,1,2025-07-16,"2026-07-16 13:58:28"
1478,1,124,WEST,6606.0,2,2025-08-16,"2026-07-16 13:58:28"
1479,1,124,EAST,6880.0,3,2025-09-16,"2026-07-16 13:58:28"
1480,1,124,MAIN,6750.0,4,2025-10-16,"2026-07-16 13:58:28"
1481,1,124,NORTH,6821.0,5,2025-11-16,"2026-07-16 13:58:28"
1482,1,124,EAST,6654.0,6,2025-12-16,"2026-07-16 13:58:28"
1483,1,124,EAST,6557.0,7,2026-01-16,"2026-07-16 13:58:28"
1484,1,124,EAST,6645.0,8,2026-02-16,"2026-07-16 13:58:28"
1485,1,124,EAST,6926.0,9,2026-03-16,"2026-07-16 13:58:28"
1486,1,124,WEST,6899.0,10,2026-04-16,"2026-07-16 13:58:28"
1487,1,124,EAST,6558.0,11,2026-05-16,"2026-07-16 13:58:28"
1488,1,124,NORTH,6626.0,12,2026-06-16,"2026-07-16 13:58:28"
1489,1,125,EAST,1398.0,1,2025-07-16,"2026-07-16 13:58:28"
1490,1,125,WEST,1175.0,2,2025-08-16,"2026-07-16 13:58:28"
1491,1,125,NORTH,1473.0,3,2025-09-16,"2026-07-16 13:58:28"
1492,1,125,MAIN,1368.0,4,2025-10-16,"2026-07-16 13:58:28"
1493,1,125,NORTH,1474.0,5,2025-11-16,"2026-07-16 13:58:28"
1494,1,125,EAST,1308.0,6,2025-12-16,"2026-07-16 13:58:28"
1495,1,125,NORTH,1103.0,7,2026-01-16,"2026-07-16 13:58:28"
1496,1,125,EAST,1402.0,8,2026-02-16,"2026-07-16 13:58:28"
1497,1,125,NORTH,1326.0,9,2026-03-16,"2026-07-16 13:58:28"
1498,1,125,MAIN,1414.0,10,2026-04-16,"2026-07-16 13:58:28"
1499,1,125,WEST,1474.0,11,2026-05-16,"2026-07-16 13:58:28"
1500,1,125,MAIN,1306.0,12,2026-06-16,"2026-07-16 13:58:28"
1501,1,126,MAIN,625.0,1,2025-07-16,"2026-07-16 13:58:28"
1502,1,126,WEST,388.0,2,2025-08-16,"2026-07-16 13:58:28"
1503,1,126,NORTH,564.0,3,2025-09-16,"2026-07-16 13:58:28"
1504,1,126,EAST,569.0,4,2025-10-16,"2026-07-16 13:58:28"
1505,1,126,MAIN,467.0,5,2025-11-16,"2026-07-16 13:58:28"
1506,1,126,EAST,607.0,6,2025-12-16,"2026-07-16 13:58:28"
1507,1,126,WEST,541.0,7,2026-01-16,"2026-07-16 13:58:28"
1508,1,126,WEST,634.0,8,2026-02-16,"2026-07-16 13:58:28"
1509,1,126,MAIN,394.0,9,2026-03-16,"2026-07-16 13:58:28"
1510,1,126,WEST,511.0,10,2026-04-16,"2026-07-16 13:58:28"
1511,1,126,NORTH,664.0,11,2026-05-16,"2026-07-16 13:58:28"
1512,1,126,MAIN,492.0,12,2026-06-16,"2026-07-16 13:58:28"
1513,1,127,EAST,4329.0,1,2025-07-16,"2026-07-16 13:58:28"
1514,1,127,WEST,4310.0,2,2025-08-16,"2026-07-16 13:58:28"
1515,1,127,MAIN,4228.0,3,2025-09-16,"2026-07-16 13:58:28"
1516,1,127,MAIN,4547.0,4,2025-10-16,"2026-07-16 13:58:28"
1517,1,127,MAIN,4389.0,5,2025-11-16,"2026-07-16 13:58:28"
1518,1,127,EAST,4454.0,6,2025-12-16,"2026-07-16 13:58:28"
1519,1,127,EAST,4388.0,7,2026-01-16,"2026-07-16 13:58:28"
1520,1,127,NORTH,4169.0,8,2026-02-16,"2026-07-16 13:58:28"
1521,1,127,WEST,4176.0,9,2026-03-16,"2026-07-16 13:58:28"
1522,1,127,NORTH,4461.0,10,2026-04-16,"2026-07-16 13:58:28"
1523,1,127,NORTH,4548.0,11,2026-05-16,"2026-07-16 13:58:28"
1524,1,127,NORTH,4186.0,12,2026-06-16,"2026-07-16 13:58:28"
1525,1,128,WEST,5766.0,1,2025-07-16,"2026-07-16 13:58:28"
1526,1,128,EAST,5880.0,2,2025-08-16,"2026-07-16 13:58:28"
1527,1,128,NORTH,5534.0,3,2025-09-16,"2026-07-16 13:58:28"
1528,1,128,MAIN,5765.0,4,2025-10-16,"2026-07-16 13:58:28"
1529,1,128,MAIN,5534.0,5,2025-11-16,"2026-07-16 13:58:28"
1530,1,128,EAST,5651.0,6,2025-12-16,"2026-07-16 13:58:28"
1531,1,128,EAST,5740.0,7,2026-01-16,"2026-07-16 13:58:28"
1532,1,128,NORTH,5859.0,8,2026-02-16,"2026-07-16 13:58:28"
1533,1,128,MAIN,5531.0,9,2026-03-16,"2026-07-16 13:58:28"
1534,1,128,MAIN,5726.0,10,2026-04-16,"2026-07-16 13:58:28"
1535,1,128,WEST,5531.0,11,2026-05-16,"2026-07-16 13:58:28"
1536,1,128,WEST,5798.0,12,2026-06-16,"2026-07-16 13:58:28"
1537,1,129,EAST,8604.0,1,2025-07-16,"2026-07-16 13:58:28"
1538,1,129,MAIN,8547.0,2,2025-08-16,"2026-07-16 13:58:28"
1539,1,129,EAST,8437.0,3,2025-09-16,"2026-07-16 13:58:28"
1540,1,129,EAST,8417.0,4,2025-10-16,"2026-07-16 13:58:28"
1541,1,129,EAST,8301.0,5,2025-11-16,"2026-07-16 13:58:28"
1542,1,129,NORTH,8473.0,6,2025-12-16,"2026-07-16 13:58:28"
1543,1,129,EAST,8591.0,7,2026-01-16,"2026-07-16 13:58:28"
1544,1,129,MAIN,8339.0,8,2026-02-16,"2026-07-16 13:58:28"
1545,1,129,EAST,8380.0,9,2026-03-16,"2026-07-16 13:58:28"
1546,1,129,WEST,8270.0,10,2026-04-16,"2026-07-16 13:58:28"
1547,1,129,EAST,8474.0,11,2026-05-16,"2026-07-16 13:58:28"
1548,1,129,NORTH,8390.0,12,2026-06-16,"2026-07-16 13:58:28"
1549,1,130,NORTH,2079.0,1,2025-07-16,"2026-07-16 13:58:28"
1550,1,130,NORTH,1922.0,2,2025-08-16,"2026-07-16 13:58:28"
1551,1,130,MAIN,1913.0,3,2025-09-16,"2026-07-16 13:58:28"
1552,1,130,EAST,2051.0,4,2025-10-16,"2026-07-16 13:58:28"
1553,1,130,EAST,1929.0,5,2025-11-16,"2026-07-16 13:58:28"
1554,1,130,NORTH,1969.0,6,2025-12-16,"2026-07-16 13:58:28"
1555,1,130,WEST,1747.0,7,2026-01-16,"2026-07-16 13:58:28"
1556,1,130,MAIN,2043.0,8,2026-02-16,"2026-07-16 13:58:28"
1557,1,130,WEST,2082.0,9,2026-03-16,"2026-07-16 13:58:28"
1558,1,130,EAST,2043.0,10,2026-04-16,"2026-07-16 13:58:28"
1559,1,130,EAST,2060.0,11,2026-05-16,"2026-07-16 13:58:28"
1560,1,130,EAST,1963.0,12,2026-06-16,"2026-07-16 13:58:28"
1561,1,131,MAIN,795.0,1,2025-07-16,"2026-07-16 13:58:28"
1562,1,131,NORTH,772.0,2,2025-08-16,"2026-07-16 13:58:28"
1563,1,131,EAST,592.0,3,2025-09-16,"2026-07-16 13:58:28"
1564,1,131,NORTH,867.0,4,2025-10-16,"2026-07-16 13:58:28"
1565,1,131,WEST,841.0,5,2025-11-16,"2026-07-16 13:58:28"
1566,1,131,NORTH,687.0,6,2025-12-16,"2026-07-16 13:58:28"
1567,1,131,WEST,706.0,7,2026-01-16,"2026-07-16 13:58:28"
1568,1,131,NORTH,651.0,8,2026-02-16,"2026-07-16 13:58:28"
1569,1,131,EAST,676.0,9,2026-03-16,"2026-07-16 13:58:28"
1570,1,131,WEST,557.0,10,2026-04-16,"2026-07-16 13:58:28"
1571,1,131,EAST,503.0,11,2026-05-16,"2026-07-16 13:58:28"
1572,1,131,EAST,788.0,12,2026-06-16,"2026-07-16 13:58:28"
1573,1,132,NORTH,6160.0,1,2025-07-16,"2026-07-16 13:58:28"
1574,1,132,EAST,6115.0,2,2025-08-16,"2026-07-16 13:58:28"
1575,1,132,WEST,6037.0,3,2025-09-16,"2026-07-16 13:58:28"
1576,1,132,MAIN,6032.0,4,2025-10-16,"2026-07-16 13:58:28"
1577,1,132,WEST,6206.0,5,2025-11-16,"2026-07-16 13:58:28"
1578,1,132,MAIN,6218.0,6,2025-12-16,"2026-07-16 13:58:28"
1579,1,132,MAIN,6124.0,7,2026-01-16,"2026-07-16 13:58:28"
1580,1,132,WEST,6206.0,8,2026-02-16,"2026-07-16 13:58:28"
1581,1,132,MAIN,5915.0,9,2026-03-16,"2026-07-16 13:58:28"
1582,1,132,MAIN,5921.0,10,2026-04-16,"2026-07-16 13:58:28"
1583,1,132,EAST,5921.0,11,2026-05-16,"2026-07-16 13:58:28"
1584,1,132,EAST,6232.0,12,2026-06-16,"2026-07-16 13:58:28"
1585,1,133,NORTH,6355.0,1,2025-07-16,"2026-07-16 13:58:28"
1586,1,133,NORTH,6378.0,2,2025-08-16,"2026-07-16 13:58:28"
1587,1,133,WEST,6625.0,3,2025-09-16,"2026-07-16 13:58:28"
1588,1,133,EAST,6401.0,4,2025-10-16,"2026-07-16 13:58:28"
1589,1,133,WEST,6346.0,5,2025-11-16,"2026-07-16 13:58:28"
1590,1,133,EAST,6459.0,6,2025-12-16,"2026-07-16 13:58:28"
1591,1,133,WEST,6420.0,7,2026-01-16,"2026-07-16 13:58:28"
1592,1,133,MAIN,6233.0,8,2026-02-16,"2026-07-16 13:58:28"
1593,1,133,NORTH,6572.0,9,2026-03-16,"2026-07-16 13:58:28"
1594,1,133,WEST,6239.0,10,2026-04-16,"2026-07-16 13:58:28"
1595,1,133,NORTH,6513.0,11,2026-05-16,"2026-07-16 13:58:28"
1596,1,133,EAST,6294.0,12,2026-06-16,"2026-07-16 13:58:28"
1597,1,134,MAIN,44.0,1,2025-07-16,"2026-07-16 13:58:28"
1598,1,134,MAIN,324.0,2,2025-08-16,"2026-07-16 13:58:28"
1599,1,134,EAST,251.0,3,2025-09-16,"2026-07-16 13:58:28"
1600,1,134,MAIN,54.0,4,2025-10-16,"2026-07-16 13:58:28"
1601,1,134,MAIN,358.0,5,2025-11-16,"2026-07-16 13:58:28"
1602,1,134,NORTH,305.0,6,2025-12-16,"2026-07-16 13:58:28"
1603,1,134,NORTH,164.0,7,2026-01-16,"2026-07-16 13:58:28"
1604,1,134,EAST,89.0,8,2026-02-16,"2026-07-16 13:58:28"
1605,1,134,EAST,264.0,9,2026-03-16,"2026-07-16 13:58:28"
1606,1,134,MAIN,269.0,10,2026-04-16,"2026-07-16 13:58:28"
1607,1,134,WEST,114.0,11,2026-05-16,"2026-07-16 13:58:28"
1608,1,134,MAIN,267.0,12,2026-06-16,"2026-07-16 13:58:28"
1609,1,135,EAST,608.0,1,2025-07-16,"2026-07-16 13:58:28"
1610,1,135,WEST,851.0,2,2025-08-16,"2026-07-16 13:58:28"
1611,1,135,EAST,891.0,3,2025-09-16,"2026-07-16 13:58:28"
1612,1,135,NORTH,824.0,4,2025-10-16,"2026-07-16 13:58:28"
1613,1,135,NORTH,819.0,5,2025-11-16,"2026-07-16 13:58:28"
1614,1,135,WEST,662.0,6,2025-12-16,"2026-07-16 13:58:28"
1615,1,135,NORTH,703.0,7,2026-01-16,"2026-07-16 13:58:28"
1616,1,135,WEST,610.0,8,2026-02-16,"2026-07-16 13:58:28"
1617,1,135,WEST,593.0,9,2026-03-16,"2026-07-16 13:58:28"
1618,1,135,EAST,713.0,10,2026-04-16,"2026-07-16 13:58:28"
1619,1,135,WEST,591.0,11,2026-05-16,"2026-07-16 13:58:28"
1620,1,135,NORTH,911.0,12,2026-06-16,"2026-07-16 13:58:28"
1621,1,136,WEST,2152.0,1,2025-07-16,"2026-07-16 13:58:28"
1622,1,136,MAIN,2329.0,2,2025-08-16,"2026-07-16 13:58:28"
1623,1,136,EAST,2427.0,3,2025-09-16,"2026-07-16 13:58:28"
1624,1,136,WEST,2333.0,4,2025-10-16,"2026-07-16 13:58:28"
1625,1,136,EAST,2478.0,5,2025-11-16,"2026-07-16 13:58:28"
1626,1,136,MAIN,2451.0,6,2025-12-16,"2026-07-16 13:58:28"
1627,1,136,NORTH,2302.0,7,2026-01-16,"2026-07-16 13:58:28"
1628,1,136,NORTH,2362.0,8,2026-02-16,"2026-07-16 13:58:28"
1629,1,136,WEST,2111.0,9,2026-03-16,"2026-07-16 13:58:28"
1630,1,136,NORTH,2427.0,10,2026-04-16,"2026-07-16 13:58:28"
1631,1,136,MAIN,2368.0,11,2026-05-16,"2026-07-16 13:58:28"
1632,1,136,EAST,2310.0,12,2026-06-16,"2026-07-16 13:58:28"
1633,1,137,NORTH,7083.0,1,2025-07-16,"2026-07-16 13:58:28"
1634,1,137,WEST,6717.0,2,2025-08-16,"2026-07-16 13:58:28"
1635,1,137,WEST,7037.0,3,2025-09-16,"2026-07-16 13:58:28"
1636,1,137,NORTH,6890.0,4,2025-10-16,"2026-07-16 13:58:28"
1637,1,137,NORTH,6883.0,5,2025-11-16,"2026-07-16 13:58:28"
1638,1,137,MAIN,6994.0,6,2025-12-16,"2026-07-16 13:58:28"
1639,1,137,NORTH,6988.0,7,2026-01-16,"2026-07-16 13:58:28"
1640,1,137,NORTH,6910.0,8,2026-02-16,"2026-07-16 13:58:28"
1641,1,137,WEST,6718.0,9,2026-03-16,"2026-07-16 13:58:28"
1642,1,137,EAST,6872.0,10,2026-04-16,"2026-07-16 13:58:28"
1643,1,137,WEST,6822.0,11,2026-05-16,"2026-07-16 13:58:28"
1644,1,137,NORTH,7013.0,12,2026-06-16,"2026-07-16 13:58:28"
1645,1,138,NORTH,4393.0,1,2025-07-16,"2026-07-16 13:58:28"
1646,1,138,MAIN,4397.0,2,2025-08-16,"2026-07-16 13:58:28"
1647,1,138,MAIN,4550.0,3,2025-09-16,"2026-07-16 13:58:28"
1648,1,138,MAIN,4368.0,4,2025-10-16,"2026-07-16 13:58:28"
1649,1,138,NORTH,4540.0,5,2025-11-16,"2026-07-16 13:58:28"
1650,1,138,WEST,4535.0,6,2025-12-16,"2026-07-16 13:58:28"
1651,1,138,MAIN,4696.0,7,2026-01-16,"2026-07-16 13:58:28"
1652,1,138,EAST,4581.0,8,2026-02-16,"2026-07-16 13:58:28"
1653,1,138,MAIN,4439.0,9,2026-03-16,"2026-07-16 13:58:28"
1654,1,138,NORTH,4363.0,10,2026-04-16,"2026-07-16 13:58:28"
1655,1,138,EAST,4620.0,11,2026-05-16,"2026-07-16 13:58:28"
1656,1,138,EAST,4585.0,12,2026-06-16,"2026-07-16 13:58:28"
1657,1,139,WEST,9916.0,1,2025-07-16,"2026-07-16 13:58:28"
1658,1,139,NORTH,9704.0,2,2025-08-16,"2026-07-16 13:58:28"
1659,1,139,EAST,9813.0,3,2025-09-16,"2026-07-16 13:58:28"
1660,1,139,EAST,9714.0,4,2025-10-16,"2026-07-16 13:58:28"
1661,1,139,WEST,9788.0,5,2025-11-16,"2026-07-16 13:58:28"
1662,1,139,EAST,9950.0,6,2025-12-16,"2026-07-16 13:58:28"
1663,1,139,NORTH,9992.0,7,2026-01-16,"2026-07-16 13:58:28"
1664,1,139,WEST,9969.0,8,2026-02-16,"2026-07-16 13:58:28"
1665,1,139,MAIN,10047.0,9,2026-03-16,"2026-07-16 13:58:28"
1666,1,139,MAIN,9709.0,10,2026-04-16,"2026-07-16 13:58:28"
1667,1,139,MAIN,9773.0,11,2026-05-16,"2026-07-16 13:58:28"
1668,1,139,NORTH,9844.0,12,2026-06-16,"2026-07-16 13:58:28"
1669,1,140,WEST,9419.0,1,2025-07-16,"2026-07-16 13:58:28"
1670,1,140,NORTH,9687.0,2,2025-08-16,"2026-07-16 13:58:28"
1671,1,140,NORTH,9682.0,3,2025-09-16,"2026-07-16 13:58:28"
1672,1,140,NORTH,9535.0,4,2025-10-16,"2026-07-16 13:58:28"
1673,1,140,NORTH,9449.0,5,2025-11-16,"2026-07-16 13:58:28"
1674,1,140,MAIN,9574.0,6,2025-12-16,"2026-07-16 13:58:28"
1675,1,140,MAIN,9487.0,7,2026-01-16,"2026-07-16 13:58:28"
1676,1,140,EAST,9595.0,8,2026-02-16,"2026-07-16 13:58:28"
1677,1,140,WEST,9493.0,9,2026-03-16,"2026-07-16 13:58:28"
1678,1,140,NORTH,9528.0,10,2026-04-16,"2026-07-16 13:58:28"
1679,1,140,EAST,9398.0,11,2026-05-16,"2026-07-16 13:58:28"
1680,1,140,EAST,9418.0,12,2026-06-16,"2026-07-16 13:58:28"
1681,1,141,MAIN,2299.0,1,2025-07-16,"2026-07-16 13:58:28"
1682,1,141,MAIN,2203.0,2,2025-08-16,"2026-07-16 13:58:28"
1683,1,141,EAST,2284.0,3,2025-09-16,"2026-07-16 13:58:28"
1684,1,141,MAIN,2052.0,4,2025-10-16,"2026-07-16 13:58:28"
1685,1,141,EAST,2004.0,5,2025-11-16,"2026-07-16 13:58:28"
1686,1,141,EAST,2259.0,6,2025-12-16,"2026-07-16 13:58:28"
1687,1,141,WEST,2122.0,7,2026-01-16,"2026-07-16 13:58:28"
1688,1,141,EAST,2340.0,8,2026-02-16,"2026-07-16 13:58:28"
1689,1,141,WEST,2179.0,9,2026-03-16,"2026-07-16 13:58:28"
1690,1,141,EAST,1997.0,10,2026-04-16,"2026-07-16 13:58:28"
1691,1,141,WEST,2262.0,11,2026-05-16,"2026-07-16 13:58:28"
1692,1,141,WEST,2020.0,12,2026-06-16,"2026-07-16 13:58:28"
1693,1,142,WEST,6843.0,1,2025-07-16,"2026-07-16 13:58:28"
1694,1,142,NORTH,6480.0,2,2025-08-16,"2026-07-16 13:58:28"
1695,1,142,WEST,6822.0,3,2025-09-16,"2026-07-16 13:58:28"
1696,1,142,EAST,6677.0,4,2025-10-16,"2026-07-16 13:58:28"
1697,1,142,NORTH,6733.0,5,2025-11-16,"2026-07-16 13:58:28"
1698,1,142,NORTH,6772.0,6,2025-12-16,"2026-07-16 13:58:28"
1699,1,142,EAST,6716.0,7,2026-01-16,"2026-07-16 13:58:28"
1700,1,142,EAST,6651.0,8,2026-02-16,"2026-07-16 13:58:28"
1701,1,142,MAIN,6760.0,9,2026-03-16,"2026-07-16 13:58:28"
1702,1,142,NORTH,6807.0,10,2026-04-16,"2026-07-16 13:58:28"
1703,1,142,NORTH,6468.0,11,2026-05-16,"2026-07-16 13:58:28"
1704,1,142,EAST,6477.0,12,2026-06-16,"2026-07-16 13:58:28"
1705,1,143,NORTH,6032.0,1,2025-07-16,"2026-07-16 13:58:28"
1706,1,143,MAIN,5835.0,2,2025-08-16,"2026-07-16 13:58:28"
1707,1,143,MAIN,6023.0,3,2025-09-16,"2026-07-16 13:58:28"
1708,1,143,NORTH,6200.0,4,2025-10-16,"2026-07-16 13:58:28"
1709,1,143,NORTH,6034.0,5,2025-11-16,"2026-07-16 13:58:28"
1710,1,143,MAIN,6160.0,6,2025-12-16,"2026-07-16 13:58:28"
1711,1,143,MAIN,5933.0,7,2026-01-16,"2026-07-16 13:58:28"
1712,1,143,MAIN,6073.0,8,2026-02-16,"2026-07-16 13:58:28"
1713,1,143,WEST,6184.0,9,2026-03-16,"2026-07-16 13:58:28"
1714,1,143,MAIN,6047.0,10,2026-04-16,"2026-07-16 13:58:28"
1715,1,143,NORTH,6010.0,11,2026-05-16,"2026-07-16 13:58:28"
1716,1,143,WEST,5903.0,12,2026-06-16,"2026-07-16 13:58:28"
1717,1,144,EAST,9836.0,1,2025-07-16,"2026-07-16 13:58:28"
1718,1,144,WEST,9547.0,2,2025-08-16,"2026-07-16 13:58:28"
1719,1,144,MAIN,9718.0,3,2025-09-16,"2026-07-16 13:58:28"
1720,1,144,WEST,9669.0,4,2025-10-16,"2026-07-16 13:58:28"
1721,1,144,EAST,9604.0,5,2025-11-16,"2026-07-16 13:58:28"
1722,1,144,WEST,9792.0,6,2025-12-16,"2026-07-16 13:58:28"
1723,1,144,MAIN,9619.0,7,2026-01-16,"2026-07-16 13:58:28"
1724,1,144,NORTH,9821.0,8,2026-02-16,"2026-07-16 13:58:28"
1725,1,144,MAIN,9819.0,9,2026-03-16,"2026-07-16 13:58:28"
1726,1,144,WEST,9738.0,10,2026-04-16,"2026-07-16 13:58:28"
1727,1,144,EAST,9562.0,11,2026-05-16,"2026-07-16 13:58:28"
1728,1,144,MAIN,9514.0,12,2026-06-16,"2026-07-16 13:58:28"
1729,1,145,EAST,7212.0,1,2025-07-16,"2026-07-16 13:58:28"
1730,1,145,EAST,7358.0,2,2025-08-16,"2026-07-16 13:58:28"
1731,1,145,WEST,7207.0,3,2025-09-16,"2026-07-16 13:58:28"
1732,1,145,WEST,7403.0,4,2025-10-16,"2026-07-16 13:58:28"
1733,1,145,WEST,7201.0,5,2025-11-16,"2026-07-16 13:58:28"
1734,1,145,NORTH,7412.0,6,2025-12-16,"2026-07-16 13:58:28"
1735,1,145,NORTH,7261.0,7,2026-01-16,"2026-07-16 13:58:28"
1736,1,145,EAST,7445.0,8,2026-02-16,"2026-07-16 13:58:28"
1737,1,145,NORTH,7358.0,9,2026-03-16,"2026-07-16 13:58:28"
1738,1,145,NORTH,7455.0,10,2026-04-16,"2026-07-16 13:58:28"
1739,1,145,WEST,7404.0,11,2026-05-16,"2026-07-16 13:58:28"
1740,1,145,WEST,7343.0,12,2026-06-16,"2026-07-16 13:58:28"
1741,1,146,WEST,2455.0,1,2025-07-16,"2026-07-16 13:58:28"
1742,1,146,NORTH,2430.0,2,2025-08-16,"2026-07-16 13:58:28"
1743,1,146,EAST,2502.0,3,2025-09-16,"2026-07-16 13:58:28"
1744,1,146,NORTH,2353.0,4,2025-10-16,"2026-07-16 13:58:28"
1745,1,146,EAST,2602.0,5,2025-11-16,"2026-07-16 13:58:28"
1746,1,146,MAIN,2505.0,6,2025-12-16,"2026-07-16 13:58:28"
1747,1,146,MAIN,2285.0,7,2026-01-16,"2026-07-16 13:58:28"
1748,1,146,MAIN,2462.0,8,2026-02-16,"2026-07-16 13:58:28"
1749,1,146,EAST,2595.0,9,2026-03-16,"2026-07-16 13:58:28"
1750,1,146,EAST,2431.0,10,2026-04-16,"2026-07-16 13:58:28"
1751,1,146,WEST,2226.0,11,2026-05-16,"2026-07-16 13:58:28"
1752,1,146,NORTH,2274.0,12,2026-06-16,"2026-07-16 13:58:28"
1753,1,147,WEST,2773.0,1,2025-07-16,"2026-07-16 13:58:28"
1754,1,147,EAST,2627.0,2,2025-08-16,"2026-07-16 13:58:28"
1755,1,147,WEST,2531.0,3,2025-09-16,"2026-07-16 13:58:28"
1756,1,147,NORTH,2820.0,4,2025-10-16,"2026-07-16 13:58:28"
1757,1,147,EAST,2543.0,5,2025-11-16,"2026-07-16 13:58:28"
1758,1,147,MAIN,2491.0,6,2025-12-16,"2026-07-16 13:58:28"
1759,1,147,EAST,2738.0,7,2026-01-16,"2026-07-16 13:58:28"
1760,1,147,MAIN,2549.0,8,2026-02-16,"2026-07-16 13:58:28"
1761,1,147,MAIN,2812.0,9,2026-03-16,"2026-07-16 13:58:28"
1762,1,147,NORTH,2652.0,10,2026-04-16,"2026-07-16 13:58:28"
1763,1,147,EAST,2622.0,11,2026-05-16,"2026-07-16 13:58:28"
1764,1,147,MAIN,2774.0,12,2026-06-16,"2026-07-16 13:58:28"
1765,1,148,EAST,6574.0,1,2025-07-16,"2026-07-16 13:58:28"
1766,1,148,EAST,6676.0,2,2025-08-16,"2026-07-16 13:58:28"
1767,1,148,NORTH,6397.0,3,2025-09-16,"2026-07-16 13:58:28"
1768,1,148,WEST,6535.0,4,2025-10-16,"2026-07-16 13:58:28"
1769,1,148,MAIN,6574.0,5,2025-11-16,"2026-07-16 13:58:28"
1770,1,148,NORTH,6698.0,6,2025-12-16,"2026-07-16 13:58:28"
1771,1,148,NORTH,6547.0,7,2026-01-16,"2026-07-16 13:58:28"
1772,1,148,NORTH,6703.0,8,2026-02-16,"2026-07-16 13:58:28"
1773,1,148,MAIN,6422.0,9,2026-03-16,"2026-07-16 13:58:28"
1774,1,148,WEST,6624.0,10,2026-04-16,"2026-07-16 13:58:28"
1775,1,148,EAST,6395.0,11,2026-05-16,"2026-07-16 13:58:28"
1776,1,148,EAST,6700.0,12,2026-06-16,"2026-07-16 13:58:28"
1777,1,149,EAST,104.0,1,2025-07-16,"2026-07-16 13:58:28"
1778,1,149,MAIN,312.0,2,2025-08-16,"2026-07-16 13:58:28"
1779,1,149,EAST,376.0,3,2025-09-16,"2026-07-16 13:58:28"
1780,1,149,EAST,321.0,4,2025-10-16,"2026-07-16 13:58:28"
1781,1,149,WEST,314.0,5,2025-11-16,"2026-07-16 13:58:28"
1782,1,149,NORTH,126.0,6,2025-12-16,"2026-07-16 13:58:28"
1783,1,149,NORTH,142.0,7,2026-01-16,"2026-07-16 13:58:28"
1784,1,149,WEST,211.0,8,2026-02-16,"2026-07-16 13:58:28"
1785,1,149,MAIN,191.0,9,2026-03-16,"2026-07-16 13:58:28"
1786,1,149,EAST,155.0,10,2026-04-16,"2026-07-16 13:58:28"
1787,1,149,EAST,119.0,11,2026-05-16,"2026-07-16 13:58:28"
1788,1,149,EAST,174.0,12,2026-06-16,"2026-07-16 13:58:28"
1789,1,150,MAIN,535.0,1,2025-07-16,"2026-07-16 13:58:28"
1790,1,150,EAST,486.0,2,2025-08-16,"2026-07-16 13:58:28"
1791,1,150,EAST,676.0,3,2025-09-16,"2026-07-16 13:58:28"
1792,1,150,EAST,625.0,4,2025-10-16,"2026-07-16 13:58:28"
1793,1,150,NORTH,664.0,5,2025-11-16,"2026-07-16 13:58:28"
1794,1,150,NORTH,730.0,6,2025-12-16,"2026-07-16 13:58:28"
1795,1,150,WEST,719.0,7,2026-01-16,"2026-07-16 13:58:28"
1796,1,150,MAIN,700.0,8,2026-02-16,"2026-07-16 13:58:28"
1797,1,150,NORTH,763.0,9,2026-03-16,"2026-07-16 13:58:28"
1798,1,150,WEST,620.0,10,2026-04-16,"2026-07-16 13:58:28"
1799,1,150,NORTH,847.0,11,2026-05-16,"2026-07-16 13:58:28"
1800,1,150,EAST,503.0,12,2026-06-16,"2026-07-16 13:58:28"
1801,1,151,EAST,1089.0,1,2025-07-16,"2026-07-16 13:58:28"
1802,1,151,MAIN,1029.0,2,2025-08-16,"2026-07-16 13:58:28"
1803,1,151,NORTH,1096.0,3,2025-09-16,"2026-07-16 13:58:28"
1804,1,151,MAIN,1190.0,4,2025-10-16,"2026-07-16 13:58:28"
1805,1,151,NORTH,1174.0,5,2025-11-16,"2026-07-16 13:58:28"
1806,1,151,NORTH,879.0,6,2025-12-16,"2026-07-16 13:58:28"
1807,1,151,EAST,1121.0,7,2026-01-16,"2026-07-16 13:58:28"
1808,1,151,NORTH,879.0,8,2026-02-16,"2026-07-16 13:58:28"
1809,1,151,NORTH,987.0,9,2026-03-16,"2026-07-16 13:58:28"
1810,1,151,NORTH,802.0,10,2026-04-16,"2026-07-16 13:58:28"
1811,1,151,NORTH,1081.0,11,2026-05-16,"2026-07-16 13:58:28"
1812,1,151,NORTH,914.0,12,2026-06-16,"2026-07-16 13:58:28"
1813,1,152,EAST,901.0,1,2025-07-16,"2026-07-16 13:58:28"
1814,1,152,NORTH,699.0,2,2025-08-16,"2026-07-16 13:58:28"
1815,1,152,MAIN,740.0,3,2025-09-16,"2026-07-16 13:58:28"
1816,1,152,WEST,759.0,4,2025-10-16,"2026-07-16 13:58:28"
1817,1,152,WEST,832.0,5,2025-11-16,"2026-07-16 13:58:28"
1818,1,152,NORTH,685.0,6,2025-12-16,"2026-07-16 13:58:28"
1819,1,152,WEST,825.0,7,2026-01-16,"2026-07-16 13:58:28"
1820,1,152,WEST,694.0,8,2026-02-16,"2026-07-16 13:58:28"
1821,1,152,WEST,901.0,9,2026-03-16,"2026-07-16 13:58:28"
1822,1,152,EAST,1060.0,10,2026-04-16,"2026-07-16 13:58:28"
1823,1,152,NORTH,846.0,11,2026-05-16,"2026-07-16 13:58:28"
1824,1,152,MAIN,898.0,12,2026-06-16,"2026-07-16 13:58:28"
1825,1,153,MAIN,7508.0,1,2025-07-16,"2026-07-16 13:58:28"
1826,1,153,EAST,7349.0,2,2025-08-16,"2026-07-16 13:58:28"
1827,1,153,NORTH,7488.0,3,2025-09-16,"2026-07-16 13:58:28"
1828,1,153,NORTH,7733.0,4,2025-10-16,"2026-07-16 13:58:28"
1829,1,153,MAIN,7362.0,5,2025-11-16,"2026-07-16 13:58:28"
1830,1,153,NORTH,7523.0,6,2025-12-16,"2026-07-16 13:58:28"
1831,1,153,NORTH,7505.0,7,2026-01-16,"2026-07-16 13:58:28"
1832,1,153,MAIN,7575.0,8,2026-02-16,"2026-07-16 13:58:28"
1833,1,153,EAST,7350.0,9,2026-03-16,"2026-07-16 13:58:28"
1834,1,153,MAIN,7555.0,10,2026-04-16,"2026-07-16 13:58:28"
1835,1,153,MAIN,7408.0,11,2026-05-16,"2026-07-16 13:58:28"
1836,1,153,NORTH,7412.0,12,2026-06-16,"2026-07-16 13:58:28"
1837,1,154,MAIN,2471.0,1,2025-07-16,"2026-07-16 13:58:28"
1838,1,154,EAST,2545.0,2,2025-08-16,"2026-07-16 13:58:28"
1839,1,154,WEST,2669.0,3,2025-09-16,"2026-07-16 13:58:28"
1840,1,154,NORTH,2774.0,4,2025-10-16,"2026-07-16 13:58:28"
1841,1,154,WEST,2434.0,5,2025-11-16,"2026-07-16 13:58:28"
1842,1,154,MAIN,2451.0,6,2025-12-16,"2026-07-16 13:58:28"
1843,1,154,MAIN,2539.0,7,2026-01-16,"2026-07-16 13:58:28"
1844,1,154,MAIN,2738.0,8,2026-02-16,"2026-07-16 13:58:28"
1845,1,154,EAST,2792.0,9,2026-03-16,"2026-07-16 13:58:28"
1846,1,154,WEST,2597.0,10,2026-04-16,"2026-07-16 13:58:28"
1847,1,154,MAIN,2672.0,11,2026-05-16,"2026-07-16 13:58:28"
1848,1,154,EAST,2736.0,12,2026-06-16,"2026-07-16 13:58:28"
1849,1,155,EAST,3018.0,1,2025-07-16,"2026-07-16 13:58:28"
1850,1,155,NORTH,2866.0,2,2025-08-16,"2026-07-16 13:58:28"
1851,1,155,EAST,3094.0,3,2025-09-16,"2026-07-16 13:58:28"
1852,1,155,MAIN,3218.0,4,2025-10-16,"2026-07-16 13:58:28"
1853,1,155,MAIN,2917.0,5,2025-11-16,"2026-07-16 13:58:28"
1854,1,155,WEST,3132.0,6,2025-12-16,"2026-07-16 13:58:28"
1855,1,155,EAST,2979.0,7,2026-01-16,"2026-07-16 13:58:28"
1856,1,155,WEST,3066.0,8,2026-02-16,"2026-07-16 13:58:28"
1857,1,155,EAST,2866.0,9,2026-03-16,"2026-07-16 13:58:28"
1858,1,155,EAST,2885.0,10,2026-04-16,"2026-07-16 13:58:28"
1859,1,155,WEST,3193.0,11,2026-05-16,"2026-07-16 13:58:28"
1860,1,155,WEST,3029.0,12,2026-06-16,"2026-07-16 13:58:28"
1861,1,156,NORTH,1621.0,1,2025-07-16,"2026-07-16 13:58:28"
1862,1,156,EAST,1820.0,2,2025-08-16,"2026-07-16 13:58:28"
1863,1,156,MAIN,1776.0,3,2025-09-16,"2026-07-16 13:58:28"
1864,1,156,NORTH,1698.0,4,2025-10-16,"2026-07-16 13:58:28"
1865,1,156,EAST,1618.0,5,2025-11-16,"2026-07-16 13:58:28"
1866,1,156,NORTH,1646.0,6,2025-12-16,"2026-07-16 13:58:28"
1867,1,156,EAST,1548.0,7,2026-01-16,"2026-07-16 13:58:28"
1868,1,156,MAIN,1721.0,8,2026-02-16,"2026-07-16 13:58:28"
1869,1,156,MAIN,1604.0,9,2026-03-16,"2026-07-16 13:58:28"
1870,1,156,MAIN,1870.0,10,2026-04-16,"2026-07-16 13:58:28"
1871,1,156,WEST,1706.0,11,2026-05-16,"2026-07-16 13:58:28"
1872,1,156,NORTH,1913.0,12,2026-06-16,"2026-07-16 13:58:28"
1873,1,157,NORTH,719.0,1,2025-07-16,"2026-07-16 13:58:28"
1874,1,157,NORTH,763.0,2,2025-08-16,"2026-07-16 13:58:28"
1875,1,157,WEST,644.0,3,2025-09-16,"2026-07-16 13:58:28"
1876,1,157,EAST,460.0,4,2025-10-16,"2026-07-16 13:58:28"
1877,1,157,EAST,758.0,5,2025-11-16,"2026-07-16 13:58:28"
1878,1,157,MAIN,652.0,6,2025-12-16,"2026-07-16 13:58:28"
1879,1,157,WEST,709.0,7,2026-01-16,"2026-07-16 13:58:28"
1880,1,157,EAST,529.0,8,2026-02-16,"2026-07-16 13:58:28"
1881,1,157,MAIN,716.0,9,2026-03-16,"2026-07-16 13:58:28"
1882,1,157,EAST,508.0,10,2026-04-16,"2026-07-16 13:58:28"
1883,1,157,MAIN,706.0,11,2026-05-16,"2026-07-16 13:58:28"
1884,1,157,WEST,797.0,12,2026-06-16,"2026-07-16 13:58:28"
1885,1,158,EAST,2596.0,1,2025-07-16,"2026-07-16 13:58:28"
1886,1,158,WEST,2566.0,2,2025-08-16,"2026-07-16 13:58:28"
1887,1,158,WEST,2627.0,3,2025-09-16,"2026-07-16 13:58:28"
1888,1,158,WEST,2676.0,4,2025-10-16,"2026-07-16 13:58:28"
1889,1,158,NORTH,2463.0,5,2025-11-16,"2026-07-16 13:58:28"
1890,1,158,WEST,2408.0,6,2025-12-16,"2026-07-16 13:58:28"
1891,1,158,WEST,2354.0,7,2026-01-16,"2026-07-16 13:58:28"
1892,1,158,EAST,2544.0,8,2026-02-16,"2026-07-16 13:58:28"
1893,1,158,EAST,2561.0,9,2026-03-16,"2026-07-16 13:58:28"
1894,1,158,NORTH,2363.0,10,2026-04-16,"2026-07-16 13:58:28"
1895,1,158,WEST,2332.0,11,2026-05-16,"2026-07-16 13:58:28"
1896,1,158,WEST,2578.0,12,2026-06-16,"2026-07-16 13:58:28"
1897,1,159,WEST,8724.0,1,2025-07-16,"2026-07-16 13:58:28"
1898,1,159,WEST,8739.0,2,2025-08-16,"2026-07-16 13:58:28"
1899,1,159,WEST,8593.0,3,2025-09-16,"2026-07-16 13:58:28"
1900,1,159,MAIN,8803.0,4,2025-10-16,"2026-07-16 13:58:28"
1901,1,159,NORTH,8683.0,5,2025-11-16,"2026-07-16 13:58:28"
1902,1,159,EAST,8507.0,6,2025-12-16,"2026-07-16 13:58:28"
1903,1,159,NORTH,8726.0,7,2026-01-16,"2026-07-16 13:58:28"
1904,1,159,WEST,8764.0,8,2026-02-16,"2026-07-16 13:58:28"
1905,1,159,EAST,8607.0,9,2026-03-16,"2026-07-16 13:58:28"
1906,1,159,NORTH,8670.0,10,2026-04-16,"2026-07-16 13:58:28"
1907,1,159,WEST,8686.0,11,2026-05-16,"2026-07-16 13:58:28"
1908,1,159,WEST,8572.0,12,2026-06-16,"2026-07-16 13:58:28"
1909,1,160,WEST,0.0,1,2025-07-16,"2026-07-16 13:58:28"
1910,1,160,WEST,235.0,2,2025-08-16,"2026-07-16 13:58:28"
1911,1,160,MAIN,25.0,3,2025-09-16,"2026-07-16 13:58:28"
1912,1,160,NORTH,278.0,4,2025-10-16,"2026-07-16 13:58:28"
1913,1,160,NORTH,209.0,5,2025-11-16,"2026-07-16 13:58:28"
1914,1,160,MAIN,320.0,6,2025-12-16,"2026-07-16 13:58:28"
1915,1,160,NORTH,0.0,7,2026-01-16,"2026-07-16 13:58:28"
1916,1,160,MAIN,47.0,8,2026-02-16,"2026-07-16 13:58:28"
1917,1,160,EAST,125.0,9,2026-03-16,"2026-07-16 13:58:28"
1918,1,160,EAST,310.0,10,2026-04-16,"2026-07-16 13:58:28"
1919,1,160,NORTH,275.0,11,2026-05-16,"2026-07-16 13:58:28"
1920,1,160,MAIN,41.0,12,2026-06-16,"2026-07-16 13:58:28"
1921,1,161,MAIN,3580.0,1,2025-07-16,"2026-07-16 13:58:28"
1922,1,161,WEST,3363.0,2,2025-08-16,"2026-07-16 13:58:28"
1923,1,161,MAIN,3439.0,3,2025-09-16,"2026-07-16 13:58:28"
1924,1,161,MAIN,3433.0,4,2025-10-16,"2026-07-16 13:58:28"
1925,1,161,EAST,3643.0,5,2025-11-16,"2026-07-16 13:58:28"
1926,1,161,MAIN,3726.0,6,2025-12-16,"2026-07-16 13:58:28"
1927,1,161,EAST,3556.0,7,2026-01-16,"2026-07-16 13:58:28"
1928,1,161,EAST,3614.0,8,2026-02-16,"2026-07-16 13:58:28"
1929,1,161,MAIN,3537.0,9,2026-03-16,"2026-07-16 13:58:28"
1930,1,161,NORTH,3362.0,10,2026-04-16,"2026-07-16 13:58:28"
1931,1,161,EAST,3573.0,11,2026-05-16,"2026-07-16 13:58:28"
1932,1,161,EAST,3510.0,12,2026-06-16,"2026-07-16 13:58:28"
1933,1,162,MAIN,7116.0,1,2025-07-16,"2026-07-16 13:58:28"
1934,1,162,MAIN,7218.0,2,2025-08-16,"2026-07-16 13:58:28"
1935,1,162,MAIN,7101.0,3,2025-09-16,"2026-07-16 13:58:28"
1936,1,162,WEST,7228.0,4,2025-10-16,"2026-07-16 13:58:28"
1937,1,162,WEST,7164.0,5,2025-11-16,"2026-07-16 13:58:28"
1938,1,162,NORTH,7403.0,6,2025-12-16,"2026-07-16 13:58:28"
1939,1,162,EAST,7156.0,7,2026-01-16,"2026-07-16 13:58:28"
1940,1,162,NORTH,7361.0,8,2026-02-16,"2026-07-16 13:58:28"
1941,1,162,EAST,7382.0,9,2026-03-16,"2026-07-16 13:58:28"
1942,1,162,EAST,7240.0,10,2026-04-16,"2026-07-16 13:58:28"
1943,1,162,NORTH,7054.0,11,2026-05-16,"2026-07-16 13:58:28"
1944,1,162,EAST,7430.0,12,2026-06-16,"2026-07-16 13:58:28"
1945,1,163,WEST,9623.0,1,2025-07-16,"2026-07-16 13:58:28"
1946,1,163,EAST,9564.0,2,2025-08-16,"2026-07-16 13:58:28"
1947,1,163,MAIN,9787.0,3,2025-09-16,"2026-07-16 13:58:28"
1948,1,163,WEST,9808.0,4,2025-10-16,"2026-07-16 13:58:28"
1949,1,163,MAIN,9839.0,5,2025-11-16,"2026-07-16 13:58:28"
1950,1,163,WEST,9469.0,6,2025-12-16,"2026-07-16 13:58:28"
1951,1,163,WEST,9849.0,7,2026-01-16,"2026-07-16 13:58:28"
1952,1,163,EAST,9539.0,8,2026-02-16,"2026-07-16 13:58:28"
1953,1,163,MAIN,9734.0,9,2026-03-16,"2026-07-16 13:58:28"
1954,1,163,WEST,9761.0,10,2026-04-16,"2026-07-16 13:58:28"
1955,1,163,MAIN,9662.0,11,2026-05-16,"2026-07-16 13:58:28"
1956,1,163,MAIN,9694.0,12,2026-06-16,"2026-07-16 13:58:28"
1957,1,164,MAIN,1315.0,1,2025-07-16,"2026-07-16 13:58:28"
1958,1,164,NORTH,1393.0,2,2025-08-16,"2026-07-16 13:58:28"
1959,1,164,MAIN,1319.0,3,2025-09-16,"2026-07-16 13:58:28"
1960,1,164,MAIN,1121.0,4,2025-10-16,"2026-07-16 13:58:28"
1961,1,164,WEST,1159.0,5,2025-11-16,"2026-07-16 13:58:28"
1962,1,164,MAIN,1232.0,6,2025-12-16,"2026-07-16 13:58:28"
1963,1,164,EAST,1121.0,7,2026-01-16,"2026-07-16 13:58:28"
1964,1,164,MAIN,1279.0,8,2026-02-16,"2026-07-16 13:58:28"
1965,1,164,EAST,1125.0,9,2026-03-16,"2026-07-16 13:58:28"
1966,1,164,NORTH,1242.0,10,2026-04-16,"2026-07-16 13:58:28"
1967,1,164,NORTH,1066.0,11,2026-05-16,"2026-07-16 13:58:28"
1968,1,164,EAST,1352.0,12,2026-06-16,"2026-07-16 13:58:28"
1969,1,165,NORTH,9238.0,1,2025-07-16,"2026-07-16 13:58:28"
1970,1,165,WEST,9186.0,2,2025-08-16,"2026-07-16 13:58:28"
1971,1,165,EAST,9282.0,3,2025-09-16,"2026-07-16 13:58:28"
1972,1,165,MAIN,9158.0,4,2025-10-16,"2026-07-16 13:58:28"
1973,1,165,MAIN,9184.0,5,2025-11-16,"2026-07-16 13:58:28"
1974,1,165,MAIN,9483.0,6,2025-12-16,"2026-07-16 13:58:28"
1975,1,165,EAST,9369.0,7,2026-01-16,"2026-07-16 13:58:28"
1976,1,165,NORTH,9419.0,8,2026-02-16,"2026-07-16 13:58:28"
1977,1,165,WEST,9336.0,9,2026-03-16,"2026-07-16 13:58:28"
1978,1,165,WEST,9423.0,10,2026-04-16,"2026-07-16 13:58:28"
1979,1,165,WEST,9191.0,11,2026-05-16,"2026-07-16 13:58:28"
1980,1,165,MAIN,9373.0,12,2026-06-16,"2026-07-16 13:58:28"
1981,1,166,NORTH,6845.0,1,2025-07-16,"2026-07-16 13:58:28"
1982,1,166,EAST,6761.0,2,2025-08-16,"2026-07-16 13:58:28"
1983,1,166,NORTH,6747.0,3,2025-09-16,"2026-07-16 13:58:28"
1984,1,166,WEST,6869.0,4,2025-10-16,"2026-07-16 13:58:28"
1985,1,166,EAST,6742.0,5,2025-11-16,"2026-07-16 13:58:28"
1986,1,166,NORTH,6876.0,6,2025-12-16,"2026-07-16 13:58:28"
1987,1,166,NORTH,6944.0,7,2026-01-16,"2026-07-16 13:58:28"
1988,1,166,EAST,6913.0,8,2026-02-16,"2026-07-16 13:58:28"
1989,1,166,NORTH,6778.0,9,2026-03-16,"2026-07-16 13:58:28"
1990,1,166,WEST,6858.0,10,2026-04-16,"2026-07-16 13:58:28"
1991,1,166,WEST,6734.0,11,2026-05-16,"2026-07-16 13:58:28"
1992,1,166,WEST,6751.0,12,2026-06-16,"2026-07-16 13:58:28"
1993,1,167,MAIN,9380.0,1,2025-07-16,"2026-07-16 13:58:28"
1994,1,167,WEST,9579.0,2,2025-08-16,"2026-07-16 13:58:28"
1995,1,167,NORTH,9475.0,3,2025-09-16,"2026-07-16 13:58:28"
1996,1,167,MAIN,9247.0,4,2025-10-16,"2026-07-16 13:58:28"
1997,1,167,MAIN,9554.0,5,2025-11-16,"2026-07-16 13:58:28"
1998,1,167,MAIN,9378.0,6,2025-12-16,"2026-07-16 13:58:28"
1999,1,167,MAIN,9455.0,7,2026-01-16,"2026-07-16 13:58:28"
2000,1,167,WEST,9339.0,8,2026-02-16,"2026-07-16 13:58:28"
2001,1,167,WEST,9371.0,9,2026-03-16,"2026-07-16 13:58:28"
2002,1,167,EAST,9569.0,10,2026-04-16,"2026-07-16 13:58:28"
2003,1,167,MAIN,9544.0,11,2026-05-16,"2026-07-16 13:58:28"
2004,1,167,EAST,9543.0,12,2026-06-16,"2026-07-16 13:58:28"
2005,1,168,WEST,4053.0,1,2025-07-16,"2026-07-16 13:58:28"
2006,1,168,WEST,4155.0,2,2025-08-16,"2026-07-16 13:58:28"
2007,1,168,NORTH,4280.0,3,2025-09-16,"2026-07-16 13:58:28"
2008,1,168,EAST,4310.0,4,2025-10-16,"2026-07-16 13:58:28"
2009,1,168,WEST,4209.0,5,2025-11-16,"2026-07-16 13:58:28"
2010,1,168,EAST,4258.0,6,2025-12-16,"2026-07-16 13:58:28"
2011,1,168,EAST,4017.0,7,2026-01-16,"2026-07-16 13:58:28"
2012,1,168,EAST,4212.0,8,2026-02-16,"2026-07-16 13:58:28"
2013,1,168,WEST,4385.0,9,2026-03-16,"2026-07-16 13:58:28"
2014,1,168,MAIN,4287.0,10,2026-04-16,"2026-07-16 13:58:28"
2015,1,168,EAST,4123.0,11,2026-05-16,"2026-07-16 13:58:28"
2016,1,168,NORTH,4346.0,12,2026-06-16,"2026-07-16 13:58:28"
2017,1,169,NORTH,405.0,1,2025-07-16,"2026-07-16 13:58:28"
2018,1,169,EAST,224.0,2,2025-08-16,"2026-07-16 13:58:28"
2019,1,169,EAST,194.0,3,2025-09-16,"2026-07-16 13:58:28"
2020,1,169,WEST,295.0,4,2025-10-16,"2026-07-16 13:58:28"
2021,1,169,WEST,227.0,5,2025-11-16,"2026-07-16 13:58:28"
2022,1,169,NORTH,295.0,6,2025-12-16,"2026-07-16 13:58:28"
2023,1,169,MAIN,365.0,7,2026-01-16,"2026-07-16 13:58:28"
2024,1,169,WEST,312.0,8,2026-02-16,"2026-07-16 13:58:28"
2025,1,169,MAIN,423.0,9,2026-03-16,"2026-07-16 13:58:28"
2026,1,169,NORTH,385.0,10,2026-04-16,"2026-07-16 13:58:28"
2027,1,169,EAST,239.0,11,2026-05-16,"2026-07-16 13:58:28"
2028,1,169,EAST,275.0,12,2026-06-16,"2026-07-16 13:58:28"
2029,1,170,EAST,1793.0,1,2025-07-16,"2026-07-16 13:58:28"
2030,1,170,EAST,1490.0,2,2025-08-16,"2026-07-16 13:58:28"
2031,1,170,WEST,1473.0,3,2025-09-16,"2026-07-16 13:58:28"
2032,1,170,EAST,1694.0,4,2025-10-16,"2026-07-16 13:58:28"
2033,1,170,MAIN,1623.0,5,2025-11-16,"2026-07-16 13:58:28"
2034,1,170,WEST,1769.0,6,2025-12-16,"2026-07-16 13:58:28"
2035,1,170,EAST,1467.0,7,2026-01-16,"2026-07-16 13:58:28"
2036,1,170,EAST,1488.0,8,2026-02-16,"2026-07-16 13:58:28"
2037,1,170,NORTH,1729.0,9,2026-03-16,"2026-07-16 13:58:28"
2038,1,170,MAIN,1713.0,10,2026-04-16,"2026-07-16 13:58:28"
2039,1,170,EAST,1606.0,11,2026-05-16,"2026-07-16 13:58:28"
2040,1,170,EAST,1585.0,12,2026-06-16,"2026-07-16 13:58:28"
2041,1,171,EAST,3147.0,1,2025-07-16,"2026-07-16 13:58:28"
2042,1,171,MAIN,3009.0,2,2025-08-16,"2026-07-16 13:58:28"
2043,1,171,MAIN,3235.0,3,2025-09-16,"2026-07-16 13:58:28"
2044,1,171,WEST,3148.0,4,2025-10-16,"2026-07-16 13:58:28"
2045,1,171,MAIN,2947.0,5,2025-11-16,"2026-07-16 13:58:28"
2046,1,171,MAIN,2915.0,6,2025-12-16,"2026-07-16 13:58:28"
2047,1,171,MAIN,3024.0,7,2026-01-16,"2026-07-16 13:58:28"
2048,1,171,WEST,2902.0,8,2026-02-16,"2026-07-16 13:58:28"
2049,1,171,NORTH,3065.0,9,2026-03-16,"2026-07-16 13:58:28"
2050,1,171,EAST,2967.0,10,2026-04-16,"2026-07-16 13:58:28"
2051,1,171,WEST,2949.0,11,2026-05-16,"2026-07-16 13:58:28"
2052,1,171,EAST,3198.0,12,2026-06-16,"2026-07-16 13:58:28"
2053,1,172,WEST,4709.0,1,2025-07-16,"2026-07-16 13:58:28"
2054,1,172,EAST,4761.0,2,2025-08-16,"2026-07-16 13:58:28"
2055,1,172,WEST,4820.0,3,2025-09-16,"2026-07-16 13:58:28"
2056,1,172,NORTH,4931.0,4,2025-10-16,"2026-07-16 13:58:28"
2057,1,172,WEST,4554.0,5,2025-11-16,"2026-07-16 13:58:28"
2058,1,172,EAST,4657.0,6,2025-12-16,"2026-07-16 13:58:28"
2059,1,172,WEST,4603.0,7,2026-01-16,"2026-07-16 13:58:28"
2060,1,172,EAST,4912.0,8,2026-02-16,"2026-07-16 13:58:28"
2061,1,172,MAIN,4908.0,9,2026-03-16,"2026-07-16 13:58:28"
2062,1,172,MAIN,4668.0,10,2026-04-16,"2026-07-16 13:58:28"
2063,1,172,EAST,4612.0,11,2026-05-16,"2026-07-16 13:58:28"
2064,1,172,WEST,4891.0,12,2026-06-16,"2026-07-16 13:58:28"
2065,1,173,EAST,5345.0,1,2025-07-16,"2026-07-16 13:58:28"
2066,1,173,NORTH,5421.0,2,2025-08-16,"2026-07-16 13:58:28"
2067,1,173,MAIN,5389.0,3,2025-09-16,"2026-07-16 13:58:28"
2068,1,173,NORTH,5552.0,4,2025-10-16,"2026-07-16 13:58:28"
2069,1,173,EAST,5625.0,5,2025-11-16,"2026-07-16 13:58:28"
2070,1,173,MAIN,5550.0,6,2025-12-16,"2026-07-16 13:58:28"
2071,1,173,EAST,5490.0,7,2026-01-16,"2026-07-16 13:58:28"
2072,1,173,MAIN,5558.0,8,2026-02-16,"2026-07-16 13:58:28"
2073,1,173,EAST,5421.0,9,2026-03-16,"2026-07-16 13:58:28"
2074,1,173,WEST,5511.0,10,2026-04-16,"2026-07-16 13:58:28"
2075,1,173,EAST,5398.0,11,2026-05-16,"2026-07-16 13:58:28"
2076,1,173,EAST,5438.0,12,2026-06-16,"2026-07-16 13:58:28"
2077,1,174,EAST,2102.0,1,2025-07-16,"2026-07-16 13:58:28"
2078,1,174,MAIN,2190.0,2,2025-08-16,"2026-07-16 13:58:28"
2079,1,174,NORTH,2134.0,3,2025-09-16,"2026-07-16 13:58:28"
2080,1,174,NORTH,2301.0,4,2025-10-16,"2026-07-16 13:58:28"
2081,1,174,WEST,2297.0,5,2025-11-16,"2026-07-16 13:58:28"
2082,1,174,WEST,2037.0,6,2025-12-16,"2026-07-16 13:58:28"
2083,1,174,NORTH,2022.0,7,2026-01-16,"2026-07-16 13:58:28"
2084,1,174,WEST,2170.0,8,2026-02-16,"2026-07-16 13:58:28"
2085,1,174,EAST,2209.0,9,2026-03-16,"2026-07-16 13:58:28"
2086,1,174,EAST,2097.0,10,2026-04-16,"2026-07-16 13:58:28"
2087,1,174,EAST,2071.0,11,2026-05-16,"2026-07-16 13:58:28"
2088,1,174,WEST,2230.0,12,2026-06-16,"2026-07-16 13:58:28"
2089,1,175,MAIN,715.0,1,2025-07-16,"2026-07-16 13:58:28"
2090,1,175,NORTH,503.0,2,2025-08-16,"2026-07-16 13:58:28"
2091,1,175,NORTH,496.0,3,2025-09-16,"2026-07-16 13:58:28"
2092,1,175,NORTH,417.0,4,2025-10-16,"2026-07-16 13:58:28"
2093,1,175,NORTH,606.0,5,2025-11-16,"2026-07-16 13:58:28"
2094,1,175,MAIN,602.0,6,2025-12-16,"2026-07-16 13:58:28"
2095,1,175,EAST,636.0,7,2026-01-16,"2026-07-16 13:58:28"
2096,1,175,NORTH,568.0,8,2026-02-16,"2026-07-16 13:58:28"
2097,1,175,WEST,481.0,9,2026-03-16,"2026-07-16 13:58:28"
2098,1,175,WEST,693.0,10,2026-04-16,"2026-07-16 13:58:28"
2099,1,175,MAIN,517.0,11,2026-05-16,"2026-07-16 13:58:28"
2100,1,175,MAIN,547.0,12,2026-06-16,"2026-07-16 13:58:28"
2101,1,176,NORTH,838.0,1,2025-07-16,"2026-07-16 13:58:28"
2102,1,176,NORTH,590.0,2,2025-08-16,"2026-07-16 13:58:28"
2103,1,176,NORTH,584.0,3,2025-09-16,"2026-07-16 13:58:28"
2104,1,176,NORTH,938.0,4,2025-10-16,"2026-07-16 13:58:28"
2105,1,176,EAST,631.0,5,2025-11-16,"2026-07-16 13:58:28"
2106,1,176,EAST,865.0,6,2025-12-16,"2026-07-16 13:58:28"
2107,1,176,EAST,882.0,7,2026-01-16,"2026-07-16 13:58:28"
2108,1,176,NORTH,897.0,8,2026-02-16,"2026-07-16 13:58:28"
2109,1,176,EAST,846.0,9,2026-03-16,"2026-07-16 13:58:28"
2110,1,176,NORTH,921.0,10,2026-04-16,"2026-07-16 13:58:28"
2111,1,176,NORTH,785.0,11,2026-05-16,"2026-07-16 13:58:28"
2112,1,176,WEST,930.0,12,2026-06-16,"2026-07-16 13:58:28"
2113,1,177,NORTH,5027.0,1,2025-07-16,"2026-07-16 13:58:28"
2114,1,177,MAIN,4975.0,2,2025-08-16,"2026-07-16 13:58:28"
2115,1,177,WEST,4946.0,3,2025-09-16,"2026-07-16 13:58:28"
2116,1,177,EAST,4963.0,4,2025-10-16,"2026-07-16 13:58:28"
2117,1,177,WEST,5057.0,5,2025-11-16,"2026-07-16 13:58:28"
2118,1,177,MAIN,5026.0,6,2025-12-16,"2026-07-16 13:58:28"
2119,1,177,WEST,4703.0,7,2026-01-16,"2026-07-16 13:58:28"
2120,1,177,WEST,4754.0,8,2026-02-16,"2026-07-16 13:58:28"
2121,1,177,WEST,4833.0,9,2026-03-16,"2026-07-16 13:58:28"
2122,1,177,NORTH,4698.0,10,2026-04-16,"2026-07-16 13:58:28"
2123,1,177,WEST,4878.0,11,2026-05-16,"2026-07-16 13:58:28"
2124,1,177,MAIN,4818.0,12,2026-06-16,"2026-07-16 13:58:28"
2125,1,178,NORTH,6094.0,1,2025-07-16,"2026-07-16 13:58:28"
2126,1,178,EAST,6050.0,2,2025-08-16,"2026-07-16 13:58:28"
2127,1,178,NORTH,6020.0,3,2025-09-16,"2026-07-16 13:58:28"
2128,1,178,EAST,5819.0,4,2025-10-16,"2026-07-16 13:58:28"
2129,1,178,MAIN,6002.0,5,2025-11-16,"2026-07-16 13:58:28"
2130,1,178,MAIN,5819.0,6,2025-12-16,"2026-07-16 13:58:28"
2131,1,178,WEST,6050.0,7,2026-01-16,"2026-07-16 13:58:28"
2132,1,178,MAIN,6112.0,8,2026-02-16,"2026-07-16 13:58:28"
2133,1,178,NORTH,5844.0,9,2026-03-16,"2026-07-16 13:58:28"
2134,1,178,NORTH,6101.0,10,2026-04-16,"2026-07-16 13:58:28"
2135,1,178,WEST,6151.0,11,2026-05-16,"2026-07-16 13:58:28"
2136,1,178,WEST,6152.0,12,2026-06-16,"2026-07-16 13:58:28"
2137,1,179,EAST,1116.0,1,2025-07-16,"2026-07-16 13:58:28"
2138,1,179,NORTH,1397.0,2,2025-08-16,"2026-07-16 13:58:28"
2139,1,179,EAST,1043.0,3,2025-09-16,"2026-07-16 13:58:28"
2140,1,179,WEST,1215.0,4,2025-10-16,"2026-07-16 13:58:28"
2141,1,179,NORTH,1270.0,5,2025-11-16,"2026-07-16 13:58:28"
2142,1,179,MAIN,1389.0,6,2025-12-16,"2026-07-16 13:58:28"
2143,1,179,EAST,1046.0,7,2026-01-16,"2026-07-16 13:58:28"
2144,1,179,NORTH,1350.0,8,2026-02-16,"2026-07-16 13:58:28"
2145,1,179,WEST,1324.0,9,2026-03-16,"2026-07-16 13:58:28"
2146,1,179,MAIN,1185.0,10,2026-04-16,"2026-07-16 13:58:28"
2147,1,179,NORTH,1220.0,11,2026-05-16,"2026-07-16 13:58:28"
2148,1,179,EAST,1039.0,12,2026-06-16,"2026-07-16 13:58:28"
2149,1,180,WEST,7033.0,1,2025-07-16,"2026-07-16 13:58:28"
2150,1,180,MAIN,7116.0,2,2025-08-16,"2026-07-16 13:58:28"
2151,1,180,MAIN,7176.0,3,2025-09-16,"2026-07-16 13:58:28"
2152,1,180,NORTH,7258.0,4,2025-10-16,"2026-07-16 13:58:28"
2153,1,180,EAST,6937.0,5,2025-11-16,"2026-07-16 13:58:28"
2154,1,180,MAIN,7116.0,6,2025-12-16,"2026-07-16 13:58:28"
2155,1,180,EAST,7052.0,7,2026-01-16,"2026-07-16 13:58:28"
2156,1,180,WEST,7222.0,8,2026-02-16,"2026-07-16 13:58:28"
2157,1,180,MAIN,7077.0,9,2026-03-16,"2026-07-16 13:58:28"
2158,1,180,NORTH,7103.0,10,2026-04-16,"2026-07-16 13:58:28"
2159,1,180,MAIN,7259.0,11,2026-05-16,"2026-07-16 13:58:28"
2160,1,180,NORTH,7057.0,12,2026-06-16,"2026-07-16 13:58:28"
2161,1,181,MAIN,1480.0,1,2025-07-16,"2026-07-16 13:58:28"
2162,1,181,WEST,1619.0,2,2025-08-16,"2026-07-16 13:58:28"
2163,1,181,EAST,1695.0,3,2025-09-16,"2026-07-16 13:58:28"
2164,1,181,WEST,1539.0,4,2025-10-16,"2026-07-16 13:58:28"
2165,1,181,WEST,1517.0,5,2025-11-16,"2026-07-16 13:58:28"
2166,1,181,NORTH,1706.0,6,2025-12-16,"2026-07-16 13:58:28"
2167,1,181,NORTH,1709.0,7,2026-01-16,"2026-07-16 13:58:28"
2168,1,181,NORTH,1803.0,8,2026-02-16,"2026-07-16 13:58:28"
2169,1,181,NORTH,1531.0,9,2026-03-16,"2026-07-16 13:58:28"
2170,1,181,MAIN,1469.0,10,2026-04-16,"2026-07-16 13:58:28"
2171,1,181,EAST,1721.0,11,2026-05-16,"2026-07-16 13:58:28"
2172,1,181,EAST,1478.0,12,2026-06-16,"2026-07-16 13:58:28"
2173,1,182,NORTH,6135.0,1,2025-07-16,"2026-07-16 13:58:28"
2174,1,182,EAST,5929.0,2,2025-08-16,"2026-07-16 13:58:28"
2175,1,182,EAST,6054.0,3,2025-09-16,"2026-07-16 13:58:28"
2176,1,182,WEST,5830.0,4,2025-10-16,"2026-07-16 13:58:28"
2177,1,182,WEST,6103.0,5,2025-11-16,"2026-07-16 13:58:28"
2178,1,182,EAST,6126.0,6,2025-12-16,"2026-07-16 13:58:28"
2179,1,182,WEST,5869.0,7,2026-01-16,"2026-07-16 13:58:28"
2180,1,182,EAST,6119.0,8,2026-02-16,"2026-07-16 13:58:28"
2181,1,182,MAIN,5960.0,9,2026-03-16,"2026-07-16 13:58:28"
2182,1,182,MAIN,6097.0,10,2026-04-16,"2026-07-16 13:58:28"
2183,1,182,NORTH,6053.0,11,2026-05-16,"2026-07-16 13:58:28"
2184,1,182,WEST,5834.0,12,2026-06-16,"2026-07-16 13:58:28"
2185,1,183,MAIN,9614.0,1,2025-07-16,"2026-07-16 13:58:28"
2186,1,183,NORTH,9474.0,2,2025-08-16,"2026-07-16 13:58:28"
2187,1,183,NORTH,9499.0,3,2025-09-16,"2026-07-16 13:58:28"
2188,1,183,NORTH,9720.0,4,2025-10-16,"2026-07-16 13:58:28"
2189,1,183,WEST,9721.0,5,2025-11-16,"2026-07-16 13:58:28"
2190,1,183,NORTH,9584.0,6,2025-12-16,"2026-07-16 13:58:28"
2191,1,183,EAST,9403.0,7,2026-01-16,"2026-07-16 13:58:28"
2192,1,183,WEST,9429.0,8,2026-02-16,"2026-07-16 13:58:28"
2193,1,183,NORTH,9388.0,9,2026-03-16,"2026-07-16 13:58:28"
2194,1,183,MAIN,9400.0,10,2026-04-16,"2026-07-16 13:58:28"
2195,1,183,NORTH,9493.0,11,2026-05-16,"2026-07-16 13:58:28"
2196,1,183,MAIN,9469.0,12,2026-06-16,"2026-07-16 13:58:28"
2197,1,184,MAIN,8213.0,1,2025-07-16,"2026-07-16 13:58:28"
2198,1,184,EAST,8233.0,2,2025-08-16,"2026-07-16 13:58:28"
2199,1,184,MAIN,8467.0,3,2025-09-16,"2026-07-16 13:58:28"
2200,1,184,NORTH,8359.0,4,2025-10-16,"2026-07-16 13:58:28"
2201,1,184,MAIN,8311.0,5,2025-11-16,"2026-07-16 13:58:28"
2202,1,184,NORTH,8187.0,6,2025-12-16,"2026-07-16 13:58:28"
2203,1,184,EAST,8490.0,7,2026-01-16,"2026-07-16 13:58:28"
2204,1,184,NORTH,8433.0,8,2026-02-16,"2026-07-16 13:58:28"
2205,1,184,EAST,8329.0,9,2026-03-16,"2026-07-16 13:58:28"
2206,1,184,EAST,8435.0,10,2026-04-16,"2026-07-16 13:58:28"
2207,1,184,EAST,8319.0,11,2026-05-16,"2026-07-16 13:58:28"
2208,1,184,WEST,8426.0,12,2026-06-16,"2026-07-16 13:58:28"
2209,1,185,NORTH,6817.0,1,2025-07-16,"2026-07-16 13:58:28"
2210,1,185,WEST,6585.0,2,2025-08-16,"2026-07-16 13:58:28"
2211,1,185,WEST,6798.0,3,2025-09-16,"2026-07-16 13:58:28"
2212,1,185,MAIN,6920.0,4,2025-10-16,"2026-07-16 13:58:28"
2213,1,185,MAIN,6957.0,5,2025-11-16,"2026-07-16 13:58:28"
2214,1,185,WEST,6919.0,6,2025-12-16,"2026-07-16 13:58:28"
2215,1,185,MAIN,6855.0,7,2026-01-16,"2026-07-16 13:58:28"
2216,1,185,MAIN,6824.0,8,2026-02-16,"2026-07-16 13:58:28"
2217,1,185,WEST,6613.0,9,2026-03-16,"2026-07-16 13:58:28"
2218,1,185,MAIN,6767.0,10,2026-04-16,"2026-07-16 13:58:28"
2219,1,185,MAIN,6865.0,11,2026-05-16,"2026-07-16 13:58:28"
2220,1,185,EAST,6746.0,12,2026-06-16,"2026-07-16 13:58:28"
2221,1,186,WEST,1033.0,1,2025-07-16,"2026-07-16 13:58:28"
2222,1,186,NORTH,902.0,2,2025-08-16,"2026-07-16 13:58:28"
2223,1,186,NORTH,809.0,3,2025-09-16,"2026-07-16 13:58:28"
2224,1,186,WEST,781.0,4,2025-10-16,"2026-07-16 13:58:28"
2225,1,186,EAST,923.0,5,2025-11-16,"2026-07-16 13:58:28"
2226,1,186,WEST,729.0,6,2025-12-16,"2026-07-16 13:58:28"
2227,1,186,NORTH,728.0,7,2026-01-16,"2026-07-16 13:58:28"
2228,1,186,EAST,785.0,8,2026-02-16,"2026-07-16 13:58:28"
2229,1,186,NORTH,928.0,9,2026-03-16,"2026-07-16 13:58:28"
2230,1,186,NORTH,762.0,10,2026-04-16,"2026-07-16 13:58:28"
2231,1,186,NORTH,763.0,11,2026-05-16,"2026-07-16 13:58:28"
2232,1,186,MAIN,738.0,12,2026-06-16,"2026-07-16 13:58:28"
2233,1,187,WEST,2126.0,1,2025-07-16,"2026-07-16 13:58:28"
2234,1,187,EAST,2078.0,2,2025-08-16,"2026-07-16 13:58:28"
2235,1,187,EAST,2348.0,3,2025-09-16,"2026-07-16 13:58:28"
2236,1,187,WEST,2190.0,4,2025-10-16,"2026-07-16 13:58:28"
2237,1,187,WEST,2182.0,5,2025-11-16,"2026-07-16 13:58:28"
2238,1,187,EAST,1980.0,6,2025-12-16,"2026-07-16 13:58:28"
2239,1,187,WEST,2052.0,7,2026-01-16,"2026-07-16 13:58:28"
2240,1,187,WEST,2077.0,8,2026-02-16,"2026-07-16 13:58:28"
2241,1,187,MAIN,1969.0,9,2026-03-16,"2026-07-16 13:58:28"
2242,1,187,EAST,2300.0,10,2026-04-16,"2026-07-16 13:58:28"
2243,1,187,NORTH,2146.0,11,2026-05-16,"2026-07-16 13:58:28"
2244,1,187,MAIN,2274.0,12,2026-06-16,"2026-07-16 13:58:28"
2245,1,188,EAST,7602.0,1,2025-07-16,"2026-07-16 13:58:28"
2246,1,188,EAST,7649.0,2,2025-08-16,"2026-07-16 13:58:28"
2247,1,188,MAIN,7917.0,3,2025-09-16,"2026-07-16 13:58:28"
2248,1,188,EAST,7786.0,4,2025-10-16,"2026-07-16 13:58:28"
2249,1,188,NORTH,7868.0,5,2025-11-16,"2026-07-16 13:58:28"
2250,1,188,NORTH,7703.0,6,2025-12-16,"2026-07-16 13:58:28"
2251,1,188,WEST,7652.0,7,2026-01-16,"2026-07-16 13:58:28"
2252,1,188,WEST,7946.0,8,2026-02-16,"2026-07-16 13:58:28"
2253,1,188,WEST,7971.0,9,2026-03-16,"2026-07-16 13:58:28"
2254,1,188,MAIN,7695.0,10,2026-04-16,"2026-07-16 13:58:28"
2255,1,188,EAST,7598.0,11,2026-05-16,"2026-07-16 13:58:28"
2256,1,188,NORTH,7733.0,12,2026-06-16,"2026-07-16 13:58:28"
2257,1,189,NORTH,3639.0,1,2025-07-16,"2026-07-16 13:58:28"
2258,1,189,WEST,3682.0,2,2025-08-16,"2026-07-16 13:58:28"
2259,1,189,EAST,3855.0,3,2025-09-16,"2026-07-16 13:58:28"
2260,1,189,MAIN,3881.0,4,2025-10-16,"2026-07-16 13:58:28"
2261,1,189,NORTH,3846.0,5,2025-11-16,"2026-07-16 13:58:28"
2262,1,189,EAST,3597.0,6,2025-12-16,"2026-07-16 13:58:28"
2263,1,189,WEST,3609.0,7,2026-01-16,"2026-07-16 13:58:28"
2264,1,189,WEST,3786.0,8,2026-02-16,"2026-07-16 13:58:28"
2265,1,189,WEST,3906.0,9,2026-03-16,"2026-07-16 13:58:28"
2266,1,189,NORTH,3824.0,10,2026-04-16,"2026-07-16 13:58:28"
2267,1,189,NORTH,3794.0,11,2026-05-16,"2026-07-16 13:58:28"
2268,1,189,NORTH,3716.0,12,2026-06-16,"2026-07-16 13:58:28"
2269,1,190,EAST,8939.0,1,2025-07-16,"2026-07-16 13:58:28"
2270,1,190,NORTH,8944.0,2,2025-08-16,"2026-07-16 13:58:28"
2271,1,190,WEST,9036.0,3,2025-09-16,"2026-07-16 13:58:28"
2272,1,190,EAST,9091.0,4,2025-10-16,"2026-07-16 13:58:28"
2273,1,190,WEST,8787.0,5,2025-11-16,"2026-07-16 13:58:28"
2274,1,190,MAIN,8860.0,6,2025-12-16,"2026-07-16 13:58:28"
2275,1,190,NORTH,9018.0,7,2026-01-16,"2026-07-16 13:58:28"
2276,1,190,WEST,8924.0,8,2026-02-16,"2026-07-16 13:58:28"
2277,1,190,EAST,9091.0,9,2026-03-16,"2026-07-16 13:58:28"
2278,1,190,NORTH,9046.0,10,2026-04-16,"2026-07-16 13:58:28"
2279,1,190,NORTH,8816.0,11,2026-05-16,"2026-07-16 13:58:28"
2280,1,190,WEST,9098.0,12,2026-06-16,"2026-07-16 13:58:28"
2281,1,191,NORTH,6918.0,1,2025-07-16,"2026-07-16 13:58:28"
2282,1,191,NORTH,7134.0,2,2025-08-16,"2026-07-16 13:58:28"
2283,1,191,EAST,7155.0,3,2025-09-16,"2026-07-16 13:58:28"
2284,1,191,EAST,6999.0,4,2025-10-16,"2026-07-16 13:58:28"
2285,1,191,EAST,7175.0,5,2025-11-16,"2026-07-16 13:58:28"
2286,1,191,EAST,6898.0,6,2025-12-16,"2026-07-16 13:58:28"
2287,1,191,NORTH,6912.0,7,2026-01-16,"2026-07-16 13:58:28"
2288,1,191,MAIN,6946.0,8,2026-02-16,"2026-07-16 13:58:28"
2289,1,191,MAIN,6901.0,9,2026-03-16,"2026-07-16 13:58:28"
2290,1,191,EAST,6868.0,10,2026-04-16,"2026-07-16 13:58:28"
2291,1,191,MAIN,6972.0,11,2026-05-16,"2026-07-16 13:58:28"
2292,1,191,MAIN,7051.0,12,2026-06-16,"2026-07-16 13:58:28"
2293,1,192,EAST,4839.0,1,2025-07-16,"2026-07-16 13:58:28"
2294,1,192,MAIN,4806.0,2,2025-08-16,"2026-07-16 13:58:28"
2295,1,192,WEST,4834.0,3,2025-09-16,"2026-07-16 13:58:28"
2296,1,192,NORTH,4735.0,4,2025-10-16,"2026-07-16 13:58:28"
2297,1,192,WEST,4644.0,5,2025-11-16,"2026-07-16 13:58:28"
2298,1,192,MAIN,4846.0,6,2025-12-16,"2026-07-16 13:58:28"
2299,1,192,EAST,4666.0,7,2026-01-16,"2026-07-16 13:58:28"
2300,1,192,NORTH,4657.0,8,2026-02-16,"2026-07-16 13:58:28"
2301,1,192,NORTH,4876.0,9,2026-03-16,"2026-07-16 13:58:28"
2302,1,192,EAST,4835.0,10,2026-04-16,"2026-07-16 13:58:28"
2303,1,192,WEST,4622.0,11,2026-05-16,"2026-07-16 13:58:28"
2304,1,192,EAST,4733.0,12,2026-06-16,"2026-07-16 13:58:28"
2305,1,193,NORTH,5717.0,1,2025-07-16,"2026-07-16 13:58:28"
2306,1,193,EAST,6032.0,2,2025-08-16,"2026-07-16 13:58:28"
2307,1,193,NORTH,5858.0,3,2025-09-16,"2026-07-16 13:58:28"
2308,1,193,EAST,5861.0,4,2025-10-16,"2026-07-16 13:58:28"
2309,1,193,MAIN,5897.0,5,2025-11-16,"2026-07-16 13:58:28"
2310,1,193,WEST,5705.0,6,2025-12-16,"2026-07-16 13:58:28"
2311,1,193,MAIN,5817.0,7,2026-01-16,"2026-07-16 13:58:28"
2312,1,193,WEST,5962.0,8,2026-02-16,"2026-07-16 13:58:28"
2313,1,193,NORTH,5925.0,9,2026-03-16,"2026-07-16 13:58:28"
2314,1,193,WEST,5889.0,10,2026-04-16,"2026-07-16 13:58:28"
2315,1,193,NORTH,5746.0,11,2026-05-16,"2026-07-16 13:58:28"
2316,1,193,NORTH,5987.0,12,2026-06-16,"2026-07-16 13:58:28"
2317,1,194,EAST,3985.0,1,2025-07-16,"2026-07-16 13:58:28"
2318,1,194,NORTH,4105.0,2,2025-08-16,"2026-07-16 13:58:28"
2319,1,194,MAIN,3899.0,3,2025-09-16,"2026-07-16 13:58:28"
2320,1,194,MAIN,4147.0,4,2025-10-16,"2026-07-16 13:58:28"
2321,1,194,WEST,3995.0,5,2025-11-16,"2026-07-16 13:58:28"
2322,1,194,WEST,4104.0,6,2025-12-16,"2026-07-16 13:58:28"
2323,1,194,NORTH,3921.0,7,2026-01-16,"2026-07-16 13:58:28"
2324,1,194,EAST,4008.0,8,2026-02-16,"2026-07-16 13:58:28"
2325,1,194,NORTH,4043.0,9,2026-03-16,"2026-07-16 13:58:28"
2326,1,194,EAST,3901.0,10,2026-04-16,"2026-07-16 13:58:28"
2327,1,194,WEST,3853.0,11,2026-05-16,"2026-07-16 13:58:28"
2328,1,194,MAIN,4087.0,12,2026-06-16,"2026-07-16 13:58:28"
2329,1,195,NORTH,6594.0,1,2025-07-16,"2026-07-16 13:58:28"
2330,1,195,NORTH,6341.0,2,2025-08-16,"2026-07-16 13:58:28"
2331,1,195,MAIN,6530.0,3,2025-09-16,"2026-07-16 13:58:28"
2332,1,195,MAIN,6387.0,4,2025-10-16,"2026-07-16 13:58:28"
2333,1,195,NORTH,6355.0,5,2025-11-16,"2026-07-16 13:58:28"
2334,1,195,WEST,6595.0,6,2025-12-16,"2026-07-16 13:58:28"
2335,1,195,MAIN,6571.0,7,2026-01-16,"2026-07-16 13:58:28"
2336,1,195,MAIN,6736.0,8,2026-02-16,"2026-07-16 13:58:28"
2337,1,195,NORTH,6568.0,9,2026-03-16,"2026-07-16 13:58:28"
2338,1,195,NORTH,6503.0,10,2026-04-16,"2026-07-16 13:58:28"
2339,1,195,MAIN,6338.0,11,2026-05-16,"2026-07-16 13:58:28"
2340,1,195,NORTH,6362.0,12,2026-06-16,"2026-07-16 13:58:28"
2341,1,196,MAIN,1502.0,1,2025-07-16,"2026-07-16 13:58:28"
2342,1,196,WEST,1485.0,2,2025-08-16,"2026-07-16 13:58:28"
2343,1,196,NORTH,1407.0,3,2025-09-16,"2026-07-16 13:58:28"
2344,1,196,WEST,1554.0,4,2025-10-16,"2026-07-16 13:58:28"
2345,1,196,WEST,1421.0,5,2025-11-16,"2026-07-16 13:58:28"
2346,1,196,NORTH,1427.0,6,2025-12-16,"2026-07-16 13:58:28"
2347,1,196,MAIN,1382.0,7,2026-01-16,"2026-07-16 13:58:28"
2348,1,196,WEST,1514.0,8,2026-02-16,"2026-07-16 13:58:28"
2349,1,196,EAST,1562.0,9,2026-03-16,"2026-07-16 13:58:28"
2350,1,196,NORTH,1702.0,10,2026-04-16,"2026-07-16 13:58:28"
2351,1,196,MAIN,1619.0,11,2026-05-16,"2026-07-16 13:58:28"
2352,1,196,EAST,1560.0,12,2026-06-16,"2026-07-16 13:58:28"
2353,1,197,NORTH,1828.0,1,2025-07-16,"2026-07-16 13:58:28"
2354,1,197,MAIN,1727.0,2,2025-08-16,"2026-07-16 13:58:28"
2355,1,197,EAST,1854.0,3,2025-09-16,"2026-07-16 13:58:28"
2356,1,197,MAIN,1877.0,4,2025-10-16,"2026-07-16 13:58:28"
2357,1,197,MAIN,1933.0,5,2025-11-16,"2026-07-16 13:58:28"
2358,1,197,WEST,1663.0,6,2025-12-16,"2026-07-16 13:58:28"
2359,1,197,NORTH,1808.0,7,2026-01-16,"2026-07-16 13:58:28"
2360,1,197,MAIN,1974.0,8,2026-02-16,"2026-07-16 13:58:28"
2361,1,197,EAST,1948.0,9,2026-03-16,"2026-07-16 13:58:28"
2362,1,197,WEST,1822.0,10,2026-04-16,"2026-07-16 13:58:28"
2363,1,197,EAST,1682.0,11,2026-05-16,"2026-07-16 13:58:28"
2364,1,197,NORTH,1887.0,12,2026-06-16,"2026-07-16 13:58:28"
2365,1,198,NORTH,1931.0,1,2025-07-16,"2026-07-16 13:58:28"
2366,1,198,MAIN,1814.0,2,2025-08-16,"2026-07-16 13:58:28"
2367,1,198,EAST,1930.0,3,2025-09-16,"2026-07-16 13:58:28"
2368,1,198,MAIN,1940.0,4,2025-10-16,"2026-07-16 13:58:28"
2369,1,198,WEST,1910.0,5,2025-11-16,"2026-07-16 13:58:28"
2370,1,198,EAST,1844.0,6,2025-12-16,"2026-07-16 13:58:28"
2371,1,198,WEST,1973.0,7,2026-01-16,"2026-07-16 13:58:28"
2372,1,198,WEST,1862.0,8,2026-02-16,"2026-07-16 13:58:28"
2373,1,198,EAST,2093.0,9,2026-03-16,"2026-07-16 13:58:28"
2374,1,198,EAST,1786.0,10,2026-04-16,"2026-07-16 13:58:28"
2375,1,198,MAIN,2164.0,11,2026-05-16,"2026-07-16 13:58:28"
2376,1,198,MAIN,1968.0,12,2026-06-16,"2026-07-16 13:58:28"
2377,1,199,WEST,8775.0,1,2025-07-16,"2026-07-16 13:58:28"
2378,1,199,WEST,8442.0,2,2025-08-16,"2026-07-16 13:58:28"
2379,1,199,MAIN,8806.0,3,2025-09-16,"2026-07-16 13:58:28"
2380,1,199,EAST,8443.0,4,2025-10-16,"2026-07-16 13:58:28"
2381,1,199,EAST,8438.0,5,2025-11-16,"2026-07-16 13:58:28"
2382,1,199,WEST,8621.0,6,2025-12-16,"2026-07-16 13:58:28"
2383,1,199,EAST,8461.0,7,2026-01-16,"2026-07-16 13:58:28"
2384,1,199,NORTH,8663.0,8,2026-02-16,"2026-07-16 13:58:28"
2385,1,199,MAIN,8647.0,9,2026-03-16,"2026-07-16 13:58:28"
2386,1,199,NORTH,8490.0,10,2026-04-16,"2026-07-16 13:58:28"
2387,1,199,EAST,8734.0,11,2026-05-16,"2026-07-16 13:58:28"
2388,1,199,EAST,8704.0,12,2026-06-16,"2026-07-16 13:58:28"
2389,1,200,MAIN,1472.0,1,2025-07-16,"2026-07-16 13:58:28"
2390,1,200,WEST,1585.0,2,2025-08-16,"2026-07-16 13:58:28"
2391,1,200,EAST,1390.0,3,2025-09-16,"2026-07-16 13:58:28"
2392,1,200,MAIN,1482.0,4,2025-10-16,"2026-07-16 13:58:28"
2393,1,200,WEST,1359.0,5,2025-11-16,"2026-07-16 13:58:28"
2394,1,200,EAST,1573.0,6,2025-12-16,"2026-07-16 13:58:28"
2395,1,200,EAST,1531.0,7,2026-01-16,"2026-07-16 13:58:28"
2396,1,200,MAIN,1488.0,8,2026-02-16,"2026-07-16 13:58:28"
2397,1,200,EAST,1642.0,9,2026-03-16,"2026-07-16 13:58:28"
2398,1,200,WEST,1442.0,10,2026-04-16,"2026-07-16 13:58:28"
2399,1,200,WEST,1685.0,11,2026-05-16,"2026-07-16 13:58:28"
2400,1,200,EAST,1644.0,12,2026-06-16,"2026-07-16 13:58:28"
2401,1,201,NORTH,5642.0,1,2025-07-16,"2026-07-16 13:58:28"
2402,1,201,MAIN,5604.0,2,2025-08-16,"2026-07-16 13:58:28"
2403,1,201,EAST,5513.0,3,2025-09-16,"2026-07-16 13:58:28"
2404,1,201,WEST,5494.0,4,2025-10-16,"2026-07-16 13:58:28"
2405,1,201,WEST,5648.0,5,2025-11-16,"2026-07-16 13:58:28"
2406,1,201,EAST,5516.0,6,2025-12-16,"2026-07-16 13:58:28"
2407,1,201,NORTH,5809.0,7,2026-01-16,"2026-07-16 13:58:28"
2408,1,201,MAIN,5864.0,8,2026-02-16,"2026-07-16 13:58:28"
2409,1,201,NORTH,5695.0,9,2026-03-16,"2026-07-16 13:58:28"
2410,1,201,NORTH,5863.0,10,2026-04-16,"2026-07-16 13:58:28"
2411,1,201,NORTH,5640.0,11,2026-05-16,"2026-07-16 13:58:28"
2412,1,201,WEST,5808.0,12,2026-06-16,"2026-07-16 13:58:28"
2413,1,202,NORTH,6807.0,1,2025-07-16,"2026-07-16 13:58:28"
2414,1,202,WEST,6576.0,2,2025-08-16,"2026-07-16 13:58:28"
2415,1,202,WEST,6510.0,3,2025-09-16,"2026-07-16 13:58:28"
2416,1,202,EAST,6529.0,4,2025-10-16,"2026-07-16 13:58:28"
2417,1,202,NORTH,6448.0,5,2025-11-16,"2026-07-16 13:58:28"
2418,1,202,MAIN,6607.0,6,2025-12-16,"2026-07-16 13:58:28"
2419,1,202,MAIN,6771.0,7,2026-01-16,"2026-07-16 13:58:28"
2420,1,202,WEST,6447.0,8,2026-02-16,"2026-07-16 13:58:28"
2421,1,202,MAIN,6708.0,9,2026-03-16,"2026-07-16 13:58:28"
2422,1,202,EAST,6781.0,10,2026-04-16,"2026-07-16 13:58:28"
2423,1,202,MAIN,6753.0,11,2026-05-16,"2026-07-16 13:58:28"
2424,1,202,EAST,6697.0,12,2026-06-16,"2026-07-16 13:58:28"
2425,1,203,NORTH,6820.0,1,2025-07-16,"2026-07-16 13:58:28"
2426,1,203,WEST,7010.0,2,2025-08-16,"2026-07-16 13:58:28"
2427,1,203,EAST,6716.0,3,2025-09-16,"2026-07-16 13:58:28"
2428,1,203,WEST,6674.0,4,2025-10-16,"2026-07-16 13:58:28"
2429,1,203,MAIN,6883.0,5,2025-11-16,"2026-07-16 13:58:28"
2430,1,203,WEST,6869.0,6,2025-12-16,"2026-07-16 13:58:28"
2431,1,203,MAIN,6671.0,7,2026-01-16,"2026-07-16 13:58:28"
2432,1,203,NORTH,6968.0,8,2026-02-16,"2026-07-16 13:58:28"
2433,1,203,NORTH,6672.0,9,2026-03-16,"2026-07-16 13:58:28"
2434,1,203,WEST,7050.0,10,2026-04-16,"2026-07-16 13:58:28"
2435,1,203,WEST,7011.0,11,2026-05-16,"2026-07-16 13:58:28"
2436,1,203,NORTH,7007.0,12,2026-06-16,"2026-07-16 13:58:28"
2437,1,204,NORTH,2881.0,1,2025-07-16,"2026-07-16 13:58:28"
2438,1,204,EAST,2977.0,2,2025-08-16,"2026-07-16 13:58:28"
2439,1,204,NORTH,2940.0,3,2025-09-16,"2026-07-16 13:58:28"
2440,1,204,NORTH,2707.0,4,2025-10-16,"2026-07-16 13:58:28"
2441,1,204,NORTH,2972.0,5,2025-11-16,"2026-07-16 13:58:28"
2442,1,204,EAST,2982.0,6,2025-12-16,"2026-07-16 13:58:28"
2443,1,204,NORTH,2898.0,7,2026-01-16,"2026-07-16 13:58:28"
2444,1,204,EAST,2743.0,8,2026-02-16,"2026-07-16 13:58:28"
2445,1,204,EAST,2798.0,9,2026-03-16,"2026-07-16 13:58:28"
2446,1,204,EAST,2947.0,10,2026-04-16,"2026-07-16 13:58:28"
2447,1,204,WEST,2969.0,11,2026-05-16,"2026-07-16 13:58:28"
2448,1,204,MAIN,2952.0,12,2026-06-16,"2026-07-16 13:58:28"
2449,1,205,MAIN,5190.0,1,2025-07-16,"2026-07-16 13:58:28"
2450,1,205,NORTH,5156.0,2,2025-08-16,"2026-07-16 13:58:28"
2451,1,205,WEST,5210.0,3,2025-09-16,"2026-07-16 13:58:28"
2452,1,205,NORTH,5241.0,4,2025-10-16,"2026-07-16 13:58:28"
2453,1,205,EAST,4993.0,5,2025-11-16,"2026-07-16 13:58:28"
2454,1,205,MAIN,5136.0,6,2025-12-16,"2026-07-16 13:58:28"
2455,1,205,WEST,5016.0,7,2026-01-16,"2026-07-16 13:58:28"
2456,1,205,MAIN,5006.0,8,2026-02-16,"2026-07-16 13:58:28"
2457,1,205,MAIN,5193.0,9,2026-03-16,"2026-07-16 13:58:28"
2458,1,205,NORTH,5091.0,10,2026-04-16,"2026-07-16 13:58:28"
2459,1,205,EAST,5112.0,11,2026-05-16,"2026-07-16 13:58:28"
2460,1,205,WEST,5272.0,12,2026-06-16,"2026-07-16 13:58:28"
2461,1,206,EAST,1804.0,1,2025-07-16,"2026-07-16 13:58:28"
2462,1,206,EAST,2052.0,2,2025-08-16,"2026-07-16 13:58:28"
2463,1,206,MAIN,1783.0,3,2025-09-16,"2026-07-16 13:58:28"
2464,1,206,NORTH,2023.0,4,2025-10-16,"2026-07-16 13:58:28"
2465,1,206,MAIN,1980.0,5,2025-11-16,"2026-07-16 13:58:28"
2466,1,206,WEST,1921.0,6,2025-12-16,"2026-07-16 13:58:28"
2467,1,206,MAIN,1694.0,7,2026-01-16,"2026-07-16 13:58:28"
2468,1,206,MAIN,1673.0,8,2026-02-16,"2026-07-16 13:58:28"
2469,1,206,WEST,1803.0,9,2026-03-16,"2026-07-16 13:58:28"
2470,1,206,NORTH,1826.0,10,2026-04-16,"2026-07-16 13:58:28"
2471,1,206,MAIN,1764.0,11,2026-05-16,"2026-07-16 13:58:28"
2472,1,206,WEST,1873.0,12,2026-06-16,"2026-07-16 13:58:28"
2473,1,207,WEST,2248.0,1,2025-07-16,"2026-07-16 13:58:28"
2474,1,207,EAST,2333.0,2,2025-08-16,"2026-07-16 13:58:28"
2475,1,207,EAST,2552.0,3,2025-09-16,"2026-07-16 13:58:28"
2476,1,207,MAIN,2279.0,4,2025-10-16,"2026-07-16 13:58:28"
2477,1,207,EAST,2435.0,5,2025-11-16,"2026-07-16 13:58:28"
2478,1,207,NORTH,2267.0,6,2025-12-16,"2026-07-16 13:58:28"
2479,1,207,NORTH,2363.0,7,2026-01-16,"2026-07-16 13:58:28"
2480,1,207,WEST,2298.0,8,2026-02-16,"2026-07-16 13:58:28"
2481,1,207,EAST,2239.0,9,2026-03-16,"2026-07-16 13:58:28"
2482,1,207,WEST,2390.0,10,2026-04-16,"2026-07-16 13:58:28"
2483,1,207,WEST,2407.0,11,2026-05-16,"2026-07-16 13:58:28"
2484,1,207,EAST,2534.0,12,2026-06-16,"2026-07-16 13:58:28"
2485,1,208,WEST,6785.0,1,2025-07-16,"2026-07-16 13:58:28"
2486,1,208,NORTH,6922.0,2,2025-08-16,"2026-07-16 13:58:28"
2487,1,208,MAIN,7079.0,3,2025-09-16,"2026-07-16 13:58:28"
2488,1,208,EAST,7082.0,4,2025-10-16,"2026-07-16 13:58:28"
2489,1,208,MAIN,6812.0,5,2025-11-16,"2026-07-16 13:58:28"
2490,1,208,WEST,6946.0,6,2025-12-16,"2026-07-16 13:58:28"
2491,1,208,NORTH,6978.0,7,2026-01-16,"2026-07-16 13:58:28"
2492,1,208,EAST,6994.0,8,2026-02-16,"2026-07-16 13:58:28"
2493,1,208,EAST,6962.0,9,2026-03-16,"2026-07-16 13:58:28"
2494,1,208,NORTH,7025.0,10,2026-04-16,"2026-07-16 13:58:28"
2495,1,208,NORTH,6820.0,11,2026-05-16,"2026-07-16 13:58:28"
2496,1,208,MAIN,6964.0,12,2026-06-16,"2026-07-16 13:58:28"
2497,1,209,WEST,1035.0,1,2025-07-16,"2026-07-16 13:58:28"
2498,1,209,MAIN,1392.0,2,2025-08-16,"2026-07-16 13:58:28"
2499,1,209,WEST,1247.0,3,2025-09-16,"2026-07-16 13:58:28"
2500,1,209,NORTH,1242.0,4,2025-10-16,"2026-07-16 13:58:28"
2501,1,209,NORTH,1224.0,5,2025-11-16,"2026-07-16 13:58:28"
2502,1,209,NORTH,1280.0,6,2025-12-16,"2026-07-16 13:58:28"
2503,1,209,NORTH,1082.0,7,2026-01-16,"2026-07-16 13:58:28"
2504,1,209,EAST,1098.0,8,2026-02-16,"2026-07-16 13:58:28"
2505,1,209,EAST,1193.0,9,2026-03-16,"2026-07-16 13:58:28"
2506,1,209,NORTH,1318.0,10,2026-04-16,"2026-07-16 13:58:28"
2507,1,209,WEST,1066.0,11,2026-05-16,"2026-07-16 13:58:28"
2508,1,209,NORTH,1250.0,12,2026-06-16,"2026-07-16 13:58:28"
2509,1,210,MAIN,2486.0,1,2025-07-16,"2026-07-16 13:58:28"
2510,1,210,WEST,2150.0,2,2025-08-16,"2026-07-16 13:58:28"
2511,1,210,EAST,2261.0,3,2025-09-16,"2026-07-16 13:58:28"
2512,1,210,EAST,2141.0,4,2025-10-16,"2026-07-16 13:58:28"
2513,1,210,NORTH,2374.0,5,2025-11-16,"2026-07-16 13:58:28"
2514,1,210,NORTH,2253.0,6,2025-12-16,"2026-07-16 13:58:28"
2515,1,210,WEST,2232.0,7,2026-01-16,"2026-07-16 13:58:28"
2516,1,210,NORTH,2308.0,8,2026-02-16,"2026-07-16 13:58:28"
2517,1,210,MAIN,2296.0,9,2026-03-16,"2026-07-16 13:58:28"
2518,1,210,NORTH,2108.0,10,2026-04-16,"2026-07-16 13:58:28"
2519,1,210,EAST,2330.0,11,2026-05-16,"2026-07-16 13:58:28"
2520,1,210,WEST,2350.0,12,2026-06-16,"2026-07-16 13:58:28"
2521,1,211,WEST,4685.0,1,2025-07-16,"2026-07-16 13:58:28"
2522,1,211,EAST,4705.0,2,2025-08-16,"2026-07-16 13:58:28"
2523,1,211,WEST,4756.0,3,2025-09-16,"2026-07-16 13:58:28"
2524,1,211,MAIN,4424.0,4,2025-10-16,"2026-07-16 13:58:28"
2525,1,211,WEST,4697.0,5,2025-11-16,"2026-07-16 13:58:28"
2526,1,211,EAST,4521.0,6,2025-12-16,"2026-07-16 13:58:28"
2527,1,211,MAIN,4517.0,7,2026-01-16,"2026-07-16 13:58:28"
2528,1,211,WEST,4584.0,8,2026-02-16,"2026-07-16 13:58:28"
2529,1,211,EAST,4527.0,9,2026-03-16,"2026-07-16 13:58:28"
2530,1,211,NORTH,4766.0,10,2026-04-16,"2026-07-16 13:58:28"
2531,1,211,MAIN,4549.0,11,2026-05-16,"2026-07-16 13:58:28"
2532,1,211,MAIN,4641.0,12,2026-06-16,"2026-07-16 13:58:28"
2533,1,212,EAST,8095.0,1,2025-07-16,"2026-07-16 13:58:28"
2534,1,212,NORTH,8067.0,2,2025-08-16,"2026-07-16 13:58:28"
2535,1,212,WEST,8081.0,3,2025-09-16,"2026-07-16 13:58:28"
2536,1,212,WEST,8058.0,4,2025-10-16,"2026-07-16 13:58:28"
2537,1,212,WEST,7910.0,5,2025-11-16,"2026-07-16 13:58:28"
2538,1,212,EAST,8103.0,6,2025-12-16,"2026-07-16 13:58:28"
2539,1,212,NORTH,7862.0,7,2026-01-16,"2026-07-16 13:58:28"
2540,1,212,EAST,7934.0,8,2026-02-16,"2026-07-16 13:58:28"
2541,1,212,WEST,8159.0,9,2026-03-16,"2026-07-16 13:58:28"
2542,1,212,MAIN,8227.0,10,2026-04-16,"2026-07-16 13:58:28"
2543,1,212,MAIN,8037.0,11,2026-05-16,"2026-07-16 13:58:28"
2544,1,212,WEST,8217.0,12,2026-06-16,"2026-07-16 13:58:28"
2545,1,213,NORTH,4022.0,1,2025-07-16,"2026-07-16 13:58:28"
2546,1,213,WEST,4202.0,2,2025-08-16,"2026-07-16 13:58:28"
2547,1,213,WEST,3938.0,3,2025-09-16,"2026-07-16 13:58:28"
2548,1,213,WEST,4312.0,4,2025-10-16,"2026-07-16 13:58:28"
2549,1,213,EAST,4142.0,5,2025-11-16,"2026-07-16 13:58:28"
2550,1,213,WEST,3971.0,6,2025-12-16,"2026-07-16 13:58:28"
2551,1,213,MAIN,4014.0,7,2026-01-16,"2026-07-16 13:58:28"
2552,1,213,NORTH,3939.0,8,2026-02-16,"2026-07-16 13:58:28"
2553,1,213,MAIN,4252.0,9,2026-03-16,"2026-07-16 13:58:28"
2554,1,213,NORTH,4111.0,10,2026-04-16,"2026-07-16 13:58:28"
2555,1,213,EAST,4029.0,11,2026-05-16,"2026-07-16 13:58:28"
2556,1,213,WEST,4215.0,12,2026-06-16,"2026-07-16 13:58:28"
2557,1,214,WEST,5458.0,1,2025-07-16,"2026-07-16 13:58:28"
2558,1,214,MAIN,5481.0,2,2025-08-16,"2026-07-16 13:58:28"
2559,1,214,EAST,5331.0,3,2025-09-16,"2026-07-16 13:58:28"
2560,1,214,MAIN,5410.0,4,2025-10-16,"2026-07-16 13:58:28"
2561,1,214,EAST,5406.0,5,2025-11-16,"2026-07-16 13:58:28"
2562,1,214,NORTH,5489.0,6,2025-12-16,"2026-07-16 13:58:28"
2563,1,214,MAIN,5598.0,7,2026-01-16,"2026-07-16 13:58:28"
2564,1,214,WEST,5225.0,8,2026-02-16,"2026-07-16 13:58:28"
2565,1,214,WEST,5513.0,9,2026-03-16,"2026-07-16 13:58:28"
2566,1,214,MAIN,5404.0,10,2026-04-16,"2026-07-16 13:58:28"
2567,1,214,WEST,5519.0,11,2026-05-16,"2026-07-16 13:58:28"
2568,1,214,NORTH,5367.0,12,2026-06-16,"2026-07-16 13:58:28"
2569,1,215,MAIN,4141.0,1,2025-07-16,"2026-07-16 13:58:28"
2570,1,215,WEST,4062.0,2,2025-08-16,"2026-07-16 13:58:28"
2571,1,215,NORTH,3926.0,3,2025-09-16,"2026-07-16 13:58:28"
2572,1,215,NORTH,3939.0,4,2025-10-16,"2026-07-16 13:58:28"
2573,1,215,EAST,3921.0,5,2025-11-16,"2026-07-16 13:58:28"
2574,1,215,EAST,3896.0,6,2025-12-16,"2026-07-16 13:58:28"
2575,1,215,MAIN,4070.0,7,2026-01-16,"2026-07-16 13:58:28"
2576,1,215,WEST,4194.0,8,2026-02-16,"2026-07-16 13:58:28"
2577,1,215,WEST,4063.0,9,2026-03-16,"2026-07-16 13:58:28"
2578,1,215,EAST,4187.0,10,2026-04-16,"2026-07-16 13:58:28"
2579,1,215,NORTH,4238.0,11,2026-05-16,"2026-07-16 13:58:28"
2580,1,215,EAST,4265.0,12,2026-06-16,"2026-07-16 13:58:28"
2581,1,216,NORTH,1460.0,1,2025-07-16,"2026-07-16 13:58:28"
2582,1,216,WEST,1355.0,2,2025-08-16,"2026-07-16 13:58:28"
2583,1,216,MAIN,1566.0,3,2025-09-16,"2026-07-16 13:58:28"
2584,1,216,WEST,1328.0,4,2025-10-16,"2026-07-16 13:58:28"
2585,1,216,WEST,1520.0,5,2025-11-16,"2026-07-16 13:58:28"
2586,1,216,MAIN,1440.0,6,2025-12-16,"2026-07-16 13:58:28"
2587,1,216,EAST,1396.0,7,2026-01-16,"2026-07-16 13:58:28"
2588,1,216,WEST,1435.0,8,2026-02-16,"2026-07-16 13:58:28"
2589,1,216,NORTH,1618.0,9,2026-03-16,"2026-07-16 13:58:28"
2590,1,216,NORTH,1558.0,10,2026-04-16,"2026-07-16 13:58:28"
2591,1,216,MAIN,1425.0,11,2026-05-16,"2026-07-16 13:58:28"
2592,1,216,WEST,1375.0,12,2026-06-16,"2026-07-16 13:58:28"
2593,1,217,NORTH,5157.0,1,2025-07-16,"2026-07-16 13:58:28"
2594,1,217,WEST,5280.0,2,2025-08-16,"2026-07-16 13:58:28"
2595,1,217,NORTH,5235.0,3,2025-09-16,"2026-07-16 13:58:28"
2596,1,217,MAIN,5054.0,4,2025-10-16,"2026-07-16 13:58:28"
2597,1,217,WEST,5271.0,5,2025-11-16,"2026-07-16 13:58:28"
2598,1,217,NORTH,5112.0,6,2025-12-16,"2026-07-16 13:58:28"
2599,1,217,EAST,5200.0,7,2026-01-16,"2026-07-16 13:58:28"
2600,1,217,NORTH,5200.0,8,2026-02-16,"2026-07-16 13:58:28"
2601,1,217,NORTH,5272.0,9,2026-03-16,"2026-07-16 13:58:28"
2602,1,217,EAST,5299.0,10,2026-04-16,"2026-07-16 13:58:28"
2603,1,217,MAIN,5290.0,11,2026-05-16,"2026-07-16 13:58:28"
2604,1,217,EAST,5206.0,12,2026-06-16,"2026-07-16 13:58:28"
2605,1,218,MAIN,8093.0,1,2025-07-16,"2026-07-16 13:58:28"
2606,1,218,EAST,8181.0,2,2025-08-16,"2026-07-16 13:58:28"
2607,1,218,EAST,8369.0,3,2025-09-16,"2026-07-16 13:58:28"
2608,1,218,WEST,8273.0,4,2025-10-16,"2026-07-16 13:58:28"
2609,1,218,EAST,8106.0,5,2025-11-16,"2026-07-16 13:58:28"
2610,1,218,WEST,8149.0,6,2025-12-16,"2026-07-16 13:58:28"
2611,1,218,MAIN,8126.0,7,2026-01-16,"2026-07-16 13:58:28"
2612,1,218,EAST,8387.0,8,2026-02-16,"2026-07-16 13:58:28"
2613,1,218,NORTH,8456.0,9,2026-03-16,"2026-07-16 13:58:28"
2614,1,218,EAST,8354.0,10,2026-04-16,"2026-07-16 13:58:28"
2615,1,218,WEST,8306.0,11,2026-05-16,"2026-07-16 13:58:28"
2616,1,218,EAST,8262.0,12,2026-06-16,"2026-07-16 13:58:28"
2617,1,219,EAST,741.0,1,2025-07-16,"2026-07-16 13:58:28"
2618,1,219,EAST,664.0,2,2025-08-16,"2026-07-16 13:58:28"
2619,1,219,MAIN,765.0,3,2025-09-16,"2026-07-16 13:58:28"
2620,1,219,MAIN,583.0,4,2025-10-16,"2026-07-16 13:58:28"
2621,1,219,EAST,714.0,5,2025-11-16,"2026-07-16 13:58:28"
2622,1,219,NORTH,728.0,6,2025-12-16,"2026-07-16 13:58:28"
2623,1,219,NORTH,638.0,7,2026-01-16,"2026-07-16 13:58:28"
2624,1,219,WEST,556.0,8,2026-02-16,"2026-07-16 13:58:28"
2625,1,219,EAST,548.0,9,2026-03-16,"2026-07-16 13:58:28"
2626,1,219,MAIN,753.0,10,2026-04-16,"2026-07-16 13:58:28"
2627,1,219,EAST,528.0,11,2026-05-16,"2026-07-16 13:58:28"
2628,1,219,NORTH,672.0,12,2026-06-16,"2026-07-16 13:58:28"
2629,1,220,EAST,9437.0,1,2025-07-16,"2026-07-16 13:58:28"
2630,1,220,MAIN,9454.0,2,2025-08-16,"2026-07-16 13:58:28"
2631,1,220,WEST,9273.0,3,2025-09-16,"2026-07-16 13:58:28"
2632,1,220,NORTH,9396.0,4,2025-10-16,"2026-07-16 13:58:28"
2633,1,220,NORTH,9338.0,5,2025-11-16,"2026-07-16 13:58:28"
2634,1,220,NORTH,9521.0,6,2025-12-16,"2026-07-16 13:58:28"
2635,1,220,MAIN,9283.0,7,2026-01-16,"2026-07-16 13:58:28"
2636,1,220,WEST,9317.0,8,2026-02-16,"2026-07-16 13:58:28"
2637,1,220,EAST,9318.0,9,2026-03-16,"2026-07-16 13:58:28"
2638,1,220,NORTH,9467.0,10,2026-04-16,"2026-07-16 13:58:28"
2639,1,220,EAST,9436.0,11,2026-05-16,"2026-07-16 13:58:28"
2640,1,220,EAST,9546.0,12,2026-06-16,"2026-07-16 13:58:28"
2641,1,221,MAIN,5839.0,1,2025-07-16,"2026-07-16 13:58:28"
2642,1,221,MAIN,5989.0,2,2025-08-16,"2026-07-16 13:58:28"
2643,1,221,EAST,6052.0,3,2025-09-16,"2026-07-16 13:58:28"
2644,1,221,NORTH,6040.0,4,2025-10-16,"2026-07-16 13:58:28"
2645,1,221,MAIN,5902.0,5,2025-11-16,"2026-07-16 13:58:28"
2646,1,221,WEST,6059.0,6,2025-12-16,"2026-07-16 13:58:28"
2647,1,221,WEST,5809.0,7,2026-01-16,"2026-07-16 13:58:28"
2648,1,221,EAST,6126.0,8,2026-02-16,"2026-07-16 13:58:28"
2649,1,221,MAIN,6109.0,9,2026-03-16,"2026-07-16 13:58:28"
2650,1,221,WEST,6146.0,10,2026-04-16,"2026-07-16 13:58:28"
2651,1,221,MAIN,6101.0,11,2026-05-16,"2026-07-16 13:58:28"
2652,1,221,WEST,5825.0,12,2026-06-16,"2026-07-16 13:58:28"
2653,1,222,MAIN,5166.0,1,2025-07-16,"2026-07-16 13:58:28"
2654,1,222,NORTH,5161.0,2,2025-08-16,"2026-07-16 13:58:28"
2655,1,222,EAST,4894.0,3,2025-09-16,"2026-07-16 13:58:28"
2656,1,222,EAST,4959.0,4,2025-10-16,"2026-07-16 13:58:28"
2657,1,222,MAIN,4987.0,5,2025-11-16,"2026-07-16 13:58:28"
2658,1,222,NORTH,4917.0,6,2025-12-16,"2026-07-16 13:58:28"
2659,1,222,WEST,5083.0,7,2026-01-16,"2026-07-16 13:58:28"
2660,1,222,MAIN,4973.0,8,2026-02-16,"2026-07-16 13:58:28"
2661,1,222,NORTH,4799.0,9,2026-03-16,"2026-07-16 13:58:28"
2662,1,222,WEST,5152.0,10,2026-04-16,"2026-07-16 13:58:28"
2663,1,222,MAIN,5175.0,11,2026-05-16,"2026-07-16 13:58:28"
2664,1,222,NORTH,5110.0,12,2026-06-16,"2026-07-16 13:58:28"
2665,1,223,MAIN,7097.0,1,2025-07-16,"2026-07-16 13:58:28"
2666,1,223,NORTH,7170.0,2,2025-08-16,"2026-07-16 13:58:28"
2667,1,223,MAIN,7074.0,3,2025-09-16,"2026-07-16 13:58:28"
2668,1,223,MAIN,6792.0,4,2025-10-16,"2026-07-16 13:58:28"
2669,1,223,NORTH,7042.0,5,2025-11-16,"2026-07-16 13:58:28"
2670,1,223,NORTH,6896.0,6,2025-12-16,"2026-07-16 13:58:28"
2671,1,223,MAIN,7132.0,7,2026-01-16,"2026-07-16 13:58:28"
2672,1,223,EAST,7149.0,8,2026-02-16,"2026-07-16 13:58:28"
2673,1,223,WEST,6912.0,9,2026-03-16,"2026-07-16 13:58:28"
2674,1,223,WEST,6964.0,10,2026-04-16,"2026-07-16 13:58:28"
2675,1,223,MAIN,6884.0,11,2026-05-16,"2026-07-16 13:58:28"
2676,1,223,WEST,6973.0,12,2026-06-16,"2026-07-16 13:58:28"
2677,1,224,MAIN,3508.0,1,2025-07-16,"2026-07-16 13:58:28"
2678,1,224,NORTH,3279.0,2,2025-08-16,"2026-07-16 13:58:28"
2679,1,224,WEST,3388.0,3,2025-09-16,"2026-07-16 13:58:28"
2680,1,224,MAIN,3300.0,4,2025-10-16,"2026-07-16 13:58:28"
2681,1,224,EAST,3266.0,5,2025-11-16,"2026-07-16 13:58:28"
2682,1,224,EAST,3236.0,6,2025-12-16,"2026-07-16 13:58:28"
2683,1,224,NORTH,3429.0,7,2026-01-16,"2026-07-16 13:58:28"
2684,1,224,EAST,3558.0,8,2026-02-16,"2026-07-16 13:58:28"
2685,1,224,MAIN,3551.0,9,2026-03-16,"2026-07-16 13:58:28"
2686,1,224,MAIN,3540.0,10,2026-04-16,"2026-07-16 13:58:28"
2687,1,224,MAIN,3344.0,11,2026-05-16,"2026-07-16 13:58:28"
2688,1,224,NORTH,3514.0,12,2026-06-16,"2026-07-16 13:58:28"
2689,1,225,WEST,3169.0,1,2025-07-16,"2026-07-16 13:58:28"
2690,1,225,MAIN,3052.0,2,2025-08-16,"2026-07-16 13:58:28"
2691,1,225,WEST,3087.0,3,2025-09-16,"2026-07-16 13:58:28"
2692,1,225,EAST,3190.0,4,2025-10-16,"2026-07-16 13:58:28"
2693,1,225,NORTH,3096.0,5,2025-11-16,"2026-07-16 13:58:28"
2694,1,225,NORTH,3295.0,6,2025-12-16,"2026-07-16 13:58:28"
2695,1,225,MAIN,2981.0,7,2026-01-16,"2026-07-16 13:58:28"
2696,1,225,NORTH,2946.0,8,2026-02-16,"2026-07-16 13:58:28"
2697,1,225,WEST,3176.0,9,2026-03-16,"2026-07-16 13:58:28"
2698,1,225,NORTH,3158.0,10,2026-04-16,"2026-07-16 13:58:28"
2699,1,225,WEST,3257.0,11,2026-05-16,"2026-07-16 13:58:28"
2700,1,225,WEST,3256.0,12,2026-06-16,"2026-07-16 13:58:28"
2701,1,226,MAIN,2949.0,1,2025-07-16,"2026-07-16 13:58:28"
2702,1,226,EAST,3048.0,2,2025-08-16,"2026-07-16 13:58:28"
2703,1,226,WEST,3184.0,3,2025-09-16,"2026-07-16 13:58:28"
2704,1,226,EAST,2944.0,4,2025-10-16,"2026-07-16 13:58:28"
2705,1,226,NORTH,3051.0,5,2025-11-16,"2026-07-16 13:58:28"
2706,1,226,NORTH,2847.0,6,2025-12-16,"2026-07-16 13:58:28"
2707,1,226,NORTH,3166.0,7,2026-01-16,"2026-07-16 13:58:28"
2708,1,226,EAST,3142.0,8,2026-02-16,"2026-07-16 13:58:28"
2709,1,226,MAIN,3209.0,9,2026-03-16,"2026-07-16 13:58:28"
2710,1,226,NORTH,3157.0,10,2026-04-16,"2026-07-16 13:58:28"
2711,1,226,NORTH,3023.0,11,2026-05-16,"2026-07-16 13:58:28"
2712,1,226,NORTH,3197.0,12,2026-06-16,"2026-07-16 13:58:28"
2713,1,227,EAST,2040.0,1,2025-07-16,"2026-07-16 13:58:28"
2714,1,227,MAIN,1829.0,2,2025-08-16,"2026-07-16 13:58:28"
2715,1,227,NORTH,1915.0,3,2025-09-16,"2026-07-16 13:58:28"
2716,1,227,NORTH,2045.0,4,2025-10-16,"2026-07-16 13:58:28"
2717,1,227,MAIN,2114.0,5,2025-11-16,"2026-07-16 13:58:28"
2718,1,227,MAIN,1985.0,6,2025-12-16,"2026-07-16 13:58:28"
2719,1,227,WEST,1796.0,7,2026-01-16,"2026-07-16 13:58:28"
2720,1,227,WEST,1833.0,8,2026-02-16,"2026-07-16 13:58:28"
2721,1,227,WEST,1946.0,9,2026-03-16,"2026-07-16 13:58:28"
2722,1,227,MAIN,1838.0,10,2026-04-16,"2026-07-16 13:58:28"
2723,1,227,NORTH,1750.0,11,2026-05-16,"2026-07-16 13:58:28"
2724,1,227,NORTH,2089.0,12,2026-06-16,"2026-07-16 13:58:28"
2725,1,228,WEST,3495.0,1,2025-07-16,"2026-07-16 13:58:28"
2726,1,228,WEST,3147.0,2,2025-08-16,"2026-07-16 13:58:28"
2727,1,228,WEST,3456.0,3,2025-09-16,"2026-07-16 13:58:28"
2728,1,228,NORTH,3183.0,4,2025-10-16,"2026-07-16 13:58:28"
2729,1,228,MAIN,3201.0,5,2025-11-16,"2026-07-16 13:58:28"
2730,1,228,MAIN,3220.0,6,2025-12-16,"2026-07-16 13:58:28"
2731,1,228,MAIN,3164.0,7,2026-01-16,"2026-07-16 13:58:28"
2732,1,228,EAST,3525.0,8,2026-02-16,"2026-07-16 13:58:28"
2733,1,228,NORTH,3194.0,9,2026-03-16,"2026-07-16 13:58:28"
2734,1,228,MAIN,3418.0,10,2026-04-16,"2026-07-16 13:58:28"
2735,1,228,NORTH,3280.0,11,2026-05-16,"2026-07-16 13:58:28"
2736,1,228,WEST,3397.0,12,2026-06-16,"2026-07-16 13:58:28"
2737,1,229,MAIN,3835.0,1,2025-07-16,"2026-07-16 13:58:28"
2738,1,229,NORTH,3716.0,2,2025-08-16,"2026-07-16 13:58:28"
2739,1,229,NORTH,3498.0,3,2025-09-16,"2026-07-16 13:58:28"
2740,1,229,EAST,3680.0,4,2025-10-16,"2026-07-16 13:58:28"
2741,1,229,WEST,3790.0,5,2025-11-16,"2026-07-16 13:58:28"
2742,1,229,NORTH,3595.0,6,2025-12-16,"2026-07-16 13:58:28"
2743,1,229,MAIN,3561.0,7,2026-01-16,"2026-07-16 13:58:28"
2744,1,229,WEST,3649.0,8,2026-02-16,"2026-07-16 13:58:28"
2745,1,229,MAIN,3579.0,9,2026-03-16,"2026-07-16 13:58:28"
2746,1,229,MAIN,3587.0,10,2026-04-16,"2026-07-16 13:58:28"
2747,1,229,EAST,3655.0,11,2026-05-16,"2026-07-16 13:58:28"
2748,1,229,EAST,3613.0,12,2026-06-16,"2026-07-16 13:58:28"
2749,1,230,NORTH,7187.0,1,2025-07-16,"2026-07-16 13:58:28"
2750,1,230,WEST,6901.0,2,2025-08-16,"2026-07-16 13:58:28"
2751,1,230,MAIN,7219.0,3,2025-09-16,"2026-07-16 13:58:28"
2752,1,230,EAST,7185.0,4,2025-10-16,"2026-07-16 13:58:28"
2753,1,230,NORTH,6889.0,5,2025-11-16,"2026-07-16 13:58:28"
2754,1,230,EAST,6981.0,6,2025-12-16,"2026-07-16 13:58:28"
2755,1,230,NORTH,7200.0,7,2026-01-16,"2026-07-16 13:58:28"
2756,1,230,WEST,6898.0,8,2026-02-16,"2026-07-16 13:58:28"
2757,1,230,MAIN,7087.0,9,2026-03-16,"2026-07-16 13:58:28"
2758,1,230,WEST,7053.0,10,2026-04-16,"2026-07-16 13:58:28"
2759,1,230,NORTH,7041.0,11,2026-05-16,"2026-07-16 13:58:28"
2760,1,230,MAIN,7131.0,12,2026-06-16,"2026-07-16 13:58:28"
2761,1,231,NORTH,6956.0,1,2025-07-16,"2026-07-16 13:58:28"
2762,1,231,WEST,6665.0,2,2025-08-16,"2026-07-16 13:58:28"
2763,1,231,WEST,6888.0,3,2025-09-16,"2026-07-16 13:58:28"
2764,1,231,EAST,6859.0,4,2025-10-16,"2026-07-16 13:58:28"
2765,1,231,MAIN,6610.0,5,2025-11-16,"2026-07-16 13:58:28"
2766,1,231,EAST,6612.0,6,2025-12-16,"2026-07-16 13:58:28"
2767,1,231,NORTH,6895.0,7,2026-01-16,"2026-07-16 13:58:28"
2768,1,231,EAST,6774.0,8,2026-02-16,"2026-07-16 13:58:28"
2769,1,231,MAIN,6710.0,9,2026-03-16,"2026-07-16 13:58:28"
2770,1,231,MAIN,6715.0,10,2026-04-16,"2026-07-16 13:58:28"
2771,1,231,EAST,6614.0,11,2026-05-16,"2026-07-16 13:58:28"
2772,1,231,MAIN,6571.0,12,2026-06-16,"2026-07-16 13:58:28"
2773,1,232,EAST,4908.0,1,2025-07-16,"2026-07-16 13:58:28"
2774,1,232,WEST,4900.0,2,2025-08-16,"2026-07-16 13:58:28"
2775,1,232,MAIN,4615.0,3,2025-09-16,"2026-07-16 13:58:28"
2776,1,232,MAIN,4587.0,4,2025-10-16,"2026-07-16 13:58:28"
2777,1,232,MAIN,4925.0,5,2025-11-16,"2026-07-16 13:58:28"
2778,1,232,WEST,4639.0,6,2025-12-16,"2026-07-16 13:58:28"
2779,1,232,EAST,4888.0,7,2026-01-16,"2026-07-16 13:58:28"
2780,1,232,WEST,4658.0,8,2026-02-16,"2026-07-16 13:58:28"
2781,1,232,NORTH,4952.0,9,2026-03-16,"2026-07-16 13:58:28"
2782,1,232,MAIN,4850.0,10,2026-04-16,"2026-07-16 13:58:28"
2783,1,232,NORTH,4621.0,11,2026-05-16,"2026-07-16 13:58:28"
2784,1,232,MAIN,4662.0,12,2026-06-16,"2026-07-16 13:58:28"
2785,1,233,WEST,566.0,1,2025-07-16,"2026-07-16 13:58:28"
2786,1,233,MAIN,650.0,2,2025-08-16,"2026-07-16 13:58:28"
2787,1,233,WEST,713.0,3,2025-09-16,"2026-07-16 13:58:28"
2788,1,233,MAIN,818.0,4,2025-10-16,"2026-07-16 13:58:28"
2789,1,233,NORTH,530.0,5,2025-11-16,"2026-07-16 13:58:28"
2790,1,233,NORTH,581.0,6,2025-12-16,"2026-07-16 13:58:28"
2791,1,233,NORTH,756.0,7,2026-01-16,"2026-07-16 13:58:28"
2792,1,233,MAIN,555.0,8,2026-02-16,"2026-07-16 13:58:28"
2793,1,233,NORTH,642.0,9,2026-03-16,"2026-07-16 13:58:28"
2794,1,233,EAST,849.0,10,2026-04-16,"2026-07-16 13:58:28"
2795,1,233,WEST,831.0,11,2026-05-16,"2026-07-16 13:58:28"
2796,1,233,MAIN,813.0,12,2026-06-16,"2026-07-16 13:58:28"
2797,1,234,WEST,4741.0,1,2025-07-16,"2026-07-16 13:58:28"
2798,1,234,MAIN,4800.0,2,2025-08-16,"2026-07-16 13:58:28"
2799,1,234,MAIN,4809.0,3,2025-09-16,"2026-07-16 13:58:28"
2800,1,234,NORTH,4703.0,4,2025-10-16,"2026-07-16 13:58:28"
2801,1,234,NORTH,4963.0,5,2025-11-16,"2026-07-16 13:58:28"
2802,1,234,WEST,4861.0,6,2025-12-16,"2026-07-16 13:58:28"
2803,1,234,EAST,4700.0,7,2026-01-16,"2026-07-16 13:58:28"
2804,1,234,EAST,4865.0,8,2026-02-16,"2026-07-16 13:58:28"
2805,1,234,WEST,4923.0,9,2026-03-16,"2026-07-16 13:58:28"
2806,1,234,MAIN,4859.0,10,2026-04-16,"2026-07-16 13:58:28"
2807,1,234,EAST,5002.0,11,2026-05-16,"2026-07-16 13:58:28"
2808,1,234,WEST,5034.0,12,2026-06-16,"2026-07-16 13:58:28"
2809,1,235,NORTH,504.0,1,2025-07-16,"2026-07-16 13:58:28"
2810,1,235,WEST,339.0,2,2025-08-16,"2026-07-16 13:58:28"
2811,1,235,WEST,272.0,3,2025-09-16,"2026-07-16 13:58:28"
2812,1,235,EAST,532.0,4,2025-10-16,"2026-07-16 13:58:28"
2813,1,235,EAST,396.0,5,2025-11-16,"2026-07-16 13:58:28"
2814,1,235,WEST,575.0,6,2025-12-16,"2026-07-16 13:58:28"
2815,1,235,NORTH,560.0,7,2026-01-16,"2026-07-16 13:58:28"
2816,1,235,MAIN,533.0,8,2026-02-16,"2026-07-16 13:58:28"
2817,1,235,NORTH,207.0,9,2026-03-16,"2026-07-16 13:58:28"
2818,1,235,WEST,579.0,10,2026-04-16,"2026-07-16 13:58:28"
2819,1,235,EAST,321.0,11,2026-05-16,"2026-07-16 13:58:28"
2820,1,235,EAST,391.0,12,2026-06-16,"2026-07-16 13:58:28"
2821,1,236,NORTH,8981.0,1,2025-07-16,"2026-07-16 13:58:28"
2822,1,236,MAIN,9026.0,2,2025-08-16,"2026-07-16 13:58:28"
2823,1,236,NORTH,9159.0,3,2025-09-16,"2026-07-16 13:58:28"
2824,1,236,WEST,9169.0,4,2025-10-16,"2026-07-16 13:58:28"
2825,1,236,WEST,8917.0,5,2025-11-16,"2026-07-16 13:58:28"
2826,1,236,WEST,8927.0,6,2025-12-16,"2026-07-16 13:58:28"
2827,1,236,EAST,8909.0,7,2026-01-16,"2026-07-16 13:58:28"
2828,1,236,WEST,9009.0,8,2026-02-16,"2026-07-16 13:58:28"
2829,1,236,WEST,9048.0,9,2026-03-16,"2026-07-16 13:58:28"
2830,1,236,EAST,9265.0,10,2026-04-16,"2026-07-16 13:58:28"
2831,1,236,WEST,9228.0,11,2026-05-16,"2026-07-16 13:58:28"
2832,1,236,WEST,9262.0,12,2026-06-16,"2026-07-16 13:58:28"
2833,1,237,EAST,8727.0,1,2025-07-16,"2026-07-16 13:58:28"
2834,1,237,NORTH,8788.0,2,2025-08-16,"2026-07-16 13:58:28"
2835,1,237,EAST,8711.0,3,2025-09-16,"2026-07-16 13:58:28"
2836,1,237,NORTH,8604.0,4,2025-10-16,"2026-07-16 13:58:28"
2837,1,237,NORTH,8769.0,5,2025-11-16,"2026-07-16 13:58:28"
2838,1,237,EAST,8783.0,6,2025-12-16,"2026-07-16 13:58:28"
2839,1,237,NORTH,8515.0,7,2026-01-16,"2026-07-16 13:58:28"
2840,1,237,EAST,8688.0,8,2026-02-16,"2026-07-16 13:58:28"
2841,1,237,NORTH,8773.0,9,2026-03-16,"2026-07-16 13:58:28"
2842,1,237,WEST,8550.0,10,2026-04-16,"2026-07-16 13:58:28"
2843,1,237,NORTH,8649.0,11,2026-05-16,"2026-07-16 13:58:28"
2844,1,237,WEST,8635.0,12,2026-06-16,"2026-07-16 13:58:28"
2845,1,238,NORTH,1809.0,1,2025-07-16,"2026-07-16 13:58:28"
2846,1,238,NORTH,1661.0,2,2025-08-16,"2026-07-16 13:58:28"
2847,1,238,WEST,1455.0,3,2025-09-16,"2026-07-16 13:58:28"
2848,1,238,NORTH,1771.0,4,2025-10-16,"2026-07-16 13:58:28"
2849,1,238,NORTH,1526.0,5,2025-11-16,"2026-07-16 13:58:28"
2850,1,238,NORTH,1606.0,6,2025-12-16,"2026-07-16 13:58:28"
2851,1,238,EAST,1769.0,7,2026-01-16,"2026-07-16 13:58:28"
2852,1,238,WEST,1460.0,8,2026-02-16,"2026-07-16 13:58:28"
2853,1,238,MAIN,1725.0,9,2026-03-16,"2026-07-16 13:58:28"
2854,1,238,EAST,1644.0,10,2026-04-16,"2026-07-16 13:58:28"
2855,1,238,MAIN,1467.0,11,2026-05-16,"2026-07-16 13:58:28"
2856,1,238,EAST,1710.0,12,2026-06-16,"2026-07-16 13:58:28"
2857,1,239,NORTH,2012.0,1,2025-07-16,"2026-07-16 13:58:28"
2858,1,239,NORTH,2270.0,2,2025-08-16,"2026-07-16 13:58:28"
2859,1,239,WEST,2132.0,3,2025-09-16,"2026-07-16 13:58:28"
2860,1,239,MAIN,2351.0,4,2025-10-16,"2026-07-16 13:58:28"
2861,1,239,NORTH,2285.0,5,2025-11-16,"2026-07-16 13:58:28"
2862,1,239,NORTH,2247.0,6,2025-12-16,"2026-07-16 13:58:28"
2863,1,239,NORTH,2383.0,7,2026-01-16,"2026-07-16 13:58:28"
2864,1,239,MAIN,2142.0,8,2026-02-16,"2026-07-16 13:58:28"
2865,1,239,NORTH,2274.0,9,2026-03-16,"2026-07-16 13:58:28"
2866,1,239,MAIN,2342.0,10,2026-04-16,"2026-07-16 13:58:28"
2867,1,239,MAIN,2161.0,11,2026-05-16,"2026-07-16 13:58:28"
2868,1,239,MAIN,2173.0,12,2026-06-16,"2026-07-16 13:58:28"
2869,1,240,WEST,684.0,1,2025-07-16,"2026-07-16 13:58:28"
2870,1,240,MAIN,752.0,2,2025-08-16,"2026-07-16 13:58:28"
2871,1,240,WEST,392.0,3,2025-09-16,"2026-07-16 13:58:28"
2872,1,240,MAIN,423.0,4,2025-10-16,"2026-07-16 13:58:28"
2873,1,240,MAIN,663.0,5,2025-11-16,"2026-07-16 13:58:28"
2874,1,240,MAIN,676.0,6,2025-12-16,"2026-07-16 13:58:28"
2875,1,240,NORTH,358.0,7,2026-01-16,"2026-07-16 13:58:28"
2876,1,240,WEST,445.0,8,2026-02-16,"2026-07-16 13:58:28"
2877,1,240,MAIN,607.0,9,2026-03-16,"2026-07-16 13:58:28"
2878,1,240,EAST,611.0,10,2026-04-16,"2026-07-16 13:58:28"
2879,1,240,NORTH,689.0,11,2026-05-16,"2026-07-16 13:58:28"
2880,1,240,MAIN,535.0,12,2026-06-16,"2026-07-16 13:58:28"
2881,1,241,MAIN,4217.0,1,2025-07-16,"2026-07-16 13:58:28"
2882,1,241,MAIN,4392.0,2,2025-08-16,"2026-07-16 13:58:28"
2883,1,241,MAIN,4389.0,3,2025-09-16,"2026-07-16 13:58:28"
2884,1,241,EAST,4214.0,4,2025-10-16,"2026-07-16 13:58:28"
2885,1,241,WEST,4370.0,5,2025-11-16,"2026-07-16 13:58:28"
2886,1,241,NORTH,4072.0,6,2025-12-16,"2026-07-16 13:58:28"
2887,1,241,WEST,4075.0,7,2026-01-16,"2026-07-16 13:58:28"
2888,1,241,EAST,4097.0,8,2026-02-16,"2026-07-16 13:58:28"
2889,1,241,MAIN,4330.0,9,2026-03-16,"2026-07-16 13:58:28"
2890,1,241,WEST,4384.0,10,2026-04-16,"2026-07-16 13:58:28"
2891,1,241,WEST,4423.0,11,2026-05-16,"2026-07-16 13:58:28"
2892,1,241,WEST,4107.0,12,2026-06-16,"2026-07-16 13:58:28"
2893,1,242,NORTH,6981.0,1,2025-07-16,"2026-07-16 13:58:28"
2894,1,242,NORTH,6989.0,2,2025-08-16,"2026-07-16 13:58:28"
2895,1,242,MAIN,6757.0,3,2025-09-16,"2026-07-16 13:58:28"
2896,1,242,NORTH,6786.0,4,2025-10-16,"2026-07-16 13:58:28"
2897,1,242,WEST,6982.0,5,2025-11-16,"2026-07-16 13:58:28"
2898,1,242,EAST,6851.0,6,2025-12-16,"2026-07-16 13:58:28"
2899,1,242,NORTH,6705.0,7,2026-01-16,"2026-07-16 13:58:28"
2900,1,242,EAST,7069.0,8,2026-02-16,"2026-07-16 13:58:28"
2901,1,242,MAIN,6955.0,9,2026-03-16,"2026-07-16 13:58:28"
2902,1,242,MAIN,6820.0,10,2026-04-16,"2026-07-16 13:58:28"
2903,1,242,WEST,6929.0,11,2026-05-16,"2026-07-16 13:58:28"
2904,1,242,WEST,6864.0,12,2026-06-16,"2026-07-16 13:58:28"
2905,1,243,WEST,9647.0,1,2025-07-16,"2026-07-16 13:58:28"
2906,1,243,WEST,9839.0,2,2025-08-16,"2026-07-16 13:58:28"
2907,1,243,WEST,9789.0,3,2025-09-16,"2026-07-16 13:58:28"
2908,1,243,MAIN,9634.0,4,2025-10-16,"2026-07-16 13:58:28"
2909,1,243,MAIN,9754.0,5,2025-11-16,"2026-07-16 13:58:28"
2910,1,243,WEST,9615.0,6,2025-12-16,"2026-07-16 13:58:28"
2911,1,243,WEST,9830.0,7,2026-01-16,"2026-07-16 13:58:28"
2912,1,243,WEST,9754.0,8,2026-02-16,"2026-07-16 13:58:28"
2913,1,243,MAIN,9598.0,9,2026-03-16,"2026-07-16 13:58:28"
2914,1,243,WEST,9943.0,10,2026-04-16,"2026-07-16 13:58:28"
2915,1,243,WEST,9618.0,11,2026-05-16,"2026-07-16 13:58:28"
2916,1,243,NORTH,9670.0,12,2026-06-16,"2026-07-16 13:58:28"
2917,1,244,EAST,1184.0,1,2025-07-16,"2026-07-16 13:58:28"
2918,1,244,EAST,1403.0,2,2025-08-16,"2026-07-16 13:58:28"
2919,1,244,MAIN,1127.0,3,2025-09-16,"2026-07-16 13:58:28"
2920,1,244,MAIN,1285.0,4,2025-10-16,"2026-07-16 13:58:28"
2921,1,244,MAIN,1443.0,5,2025-11-16,"2026-07-16 13:58:28"
2922,1,244,WEST,1313.0,6,2025-12-16,"2026-07-16 13:58:28"
2923,1,244,MAIN,1207.0,7,2026-01-16,"2026-07-16 13:58:28"
2924,1,244,EAST,1117.0,8,2026-02-16,"2026-07-16 13:58:28"
2925,1,244,WEST,1177.0,9,2026-03-16,"2026-07-16 13:58:28"
2926,1,244,NORTH,1480.0,10,2026-04-16,"2026-07-16 13:58:28"
2927,1,244,MAIN,1453.0,11,2026-05-16,"2026-07-16 13:58:28"
2928,1,244,NORTH,1389.0,12,2026-06-16,"2026-07-16 13:58:28"
2929,1,245,EAST,4868.0,1,2025-07-16,"2026-07-16 13:58:28"
2930,1,245,NORTH,4859.0,2,2025-08-16,"2026-07-16 13:58:28"
2931,1,245,WEST,4982.0,3,2025-09-16,"2026-07-16 13:58:28"
2932,1,245,NORTH,4764.0,4,2025-10-16,"2026-07-16 13:58:28"
2933,1,245,EAST,4820.0,5,2025-11-16,"2026-07-16 13:58:28"
2934,1,245,EAST,4734.0,6,2025-12-16,"2026-07-16 13:58:28"
2935,1,245,EAST,4936.0,7,2026-01-16,"2026-07-16 13:58:28"
2936,1,245,WEST,4978.0,8,2026-02-16,"2026-07-16 13:58:28"
2937,1,245,NORTH,4768.0,9,2026-03-16,"2026-07-16 13:58:28"
2938,1,245,NORTH,4833.0,10,2026-04-16,"2026-07-16 13:58:28"
2939,1,245,NORTH,4670.0,11,2026-05-16,"2026-07-16 13:58:28"
2940,1,245,NORTH,4631.0,12,2026-06-16,"2026-07-16 13:58:28"
2941,1,246,NORTH,3452.0,1,2025-07-16,"2026-07-16 13:58:28"
2942,1,246,NORTH,3201.0,2,2025-08-16,"2026-07-16 13:58:28"
2943,1,246,MAIN,3186.0,3,2025-09-16,"2026-07-16 13:58:28"
2944,1,246,NORTH,3376.0,4,2025-10-16,"2026-07-16 13:58:28"
2945,1,246,EAST,3457.0,5,2025-11-16,"2026-07-16 13:58:28"
2946,1,246,NORTH,3404.0,6,2025-12-16,"2026-07-16 13:58:28"
2947,1,246,NORTH,3200.0,7,2026-01-16,"2026-07-16 13:58:28"
2948,1,246,MAIN,3259.0,8,2026-02-16,"2026-07-16 13:58:28"
2949,1,246,NORTH,3392.0,9,2026-03-16,"2026-07-16 13:58:28"
2950,1,246,NORTH,3441.0,10,2026-04-16,"2026-07-16 13:58:28"
2951,1,246,EAST,3440.0,11,2026-05-16,"2026-07-16 13:58:28"
2952,1,246,MAIN,3178.0,12,2026-06-16,"2026-07-16 13:58:28"
2953,1,247,EAST,2556.0,1,2025-07-16,"2026-07-16 13:58:28"
2954,1,247,NORTH,2428.0,2,2025-08-16,"2026-07-16 13:58:28"
2955,1,247,NORTH,2503.0,3,2025-09-16,"2026-07-16 13:58:28"
2956,1,247,WEST,2494.0,4,2025-10-16,"2026-07-16 13:58:28"
2957,1,247,NORTH,2596.0,5,2025-11-16,"2026-07-16 13:58:28"
2958,1,247,MAIN,2617.0,6,2025-12-16,"2026-07-16 13:58:28"
2959,1,247,MAIN,2732.0,7,2026-01-16,"2026-07-16 13:58:28"
2960,1,247,WEST,2448.0,8,2026-02-16,"2026-07-16 13:58:28"
2961,1,247,NORTH,2594.0,9,2026-03-16,"2026-07-16 13:58:28"
2962,1,247,MAIN,2732.0,10,2026-04-16,"2026-07-16 13:58:28"
2963,1,247,MAIN,2668.0,11,2026-05-16,"2026-07-16 13:58:28"
2964,1,247,MAIN,2689.0,12,2026-06-16,"2026-07-16 13:58:28"
2965,1,248,MAIN,7552.0,1,2025-07-16,"2026-07-16 13:58:28"
2966,1,248,MAIN,7464.0,2,2025-08-16,"2026-07-16 13:58:28"
2967,1,248,WEST,7594.0,3,2025-09-16,"2026-07-16 13:58:28"
2968,1,248,MAIN,7699.0,4,2025-10-16,"2026-07-16 13:58:28"
2969,1,248,NORTH,7686.0,5,2025-11-16,"2026-07-16 13:58:28"
2970,1,248,WEST,7752.0,6,2025-12-16,"2026-07-16 13:58:28"
2971,1,248,WEST,7746.0,7,2026-01-16,"2026-07-16 13:58:28"
2972,1,248,EAST,7689.0,8,2026-02-16,"2026-07-16 13:58:28"
2973,1,248,WEST,7500.0,9,2026-03-16,"2026-07-16 13:58:28"
2974,1,248,NORTH,7427.0,10,2026-04-16,"2026-07-16 13:58:28"
2975,1,248,NORTH,7483.0,11,2026-05-16,"2026-07-16 13:58:28"
2976,1,248,WEST,7649.0,12,2026-06-16,"2026-07-16 13:58:28"
2977,1,249,WEST,2380.0,1,2025-07-16,"2026-07-16 13:58:28"
2978,1,249,NORTH,2380.0,2,2025-08-16,"2026-07-16 13:58:28"
2979,1,249,EAST,2445.0,3,2025-09-16,"2026-07-16 13:58:28"
2980,1,249,MAIN,2440.0,4,2025-10-16,"2026-07-16 13:58:28"
2981,1,249,MAIN,2358.0,5,2025-11-16,"2026-07-16 13:58:28"
2982,1,249,EAST,2562.0,6,2025-12-16,"2026-07-16 13:58:28"
2983,1,249,MAIN,2478.0,7,2026-01-16,"2026-07-16 13:58:28"
2984,1,249,NORTH,2431.0,8,2026-02-16,"2026-07-16 13:58:28"
2985,1,249,EAST,2575.0,9,2026-03-16,"2026-07-16 13:58:28"
2986,1,249,EAST,2443.0,10,2026-04-16,"2026-07-16 13:58:28"
2987,1,249,NORTH,2649.0,11,2026-05-16,"2026-07-16 13:58:28"
2988,1,249,EAST,2364.0,12,2026-06-16,"2026-07-16 13:58:28"
2989,1,250,EAST,6135.0,1,2025-07-16,"2026-07-16 13:58:28"
2990,1,250,EAST,6229.0,2,2025-08-16,"2026-07-16 13:58:28"
2991,1,250,EAST,6140.0,3,2025-09-16,"2026-07-16 13:58:28"
2992,1,250,EAST,6085.0,4,2025-10-16,"2026-07-16 13:58:28"
2993,1,250,MAIN,6253.0,5,2025-11-16,"2026-07-16 13:58:28"
2994,1,250,EAST,6271.0,6,2025-12-16,"2026-07-16 13:58:28"
2995,1,250,MAIN,5994.0,7,2026-01-16,"2026-07-16 13:58:28"
2996,1,250,EAST,6009.0,8,2026-02-16,"2026-07-16 13:58:28"
2997,1,250,WEST,6060.0,9,2026-03-16,"2026-07-16 13:58:28"
2998,1,250,NORTH,6094.0,10,2026-04-16,"2026-07-16 13:58:28"
2999,1,250,WEST,5970.0,11,2026-05-16,"2026-07-16 13:58:28"
3000,1,250,WEST,6093.0,12,2026-06-16,"2026-07-16 13:58:28"
3001,1,251,WEST,8041.0,1,2025-07-16,"2026-07-16 13:58:28"
3002,1,251,MAIN,7939.0,2,2025-08-16,"2026-07-16 13:58:28"
3003,1,251,EAST,8004.0,3,2025-09-16,"2026-07-16 13:58:28"
3004,1,251,MAIN,8028.0,4,2025-10-16,"2026-07-16 13:58:28"
3005,1,251,NORTH,8052.0,5,2025-11-16,"2026-07-16 13:58:28"
3006,1,251,WEST,7941.0,6,2025-12-16,"2026-07-16 13:58:28"
3007,1,251,WEST,8241.0,7,2026-01-16,"2026-07-16 13:58:28"
3008,1,251,EAST,8126.0,8,2026-02-16,"2026-07-16 13:58:28"
3009,1,251,WEST,8227.0,9,2026-03-16,"2026-07-16 13:58:28"
3010,1,251,EAST,7921.0,10,2026-04-16,"2026-07-16 13:58:28"
3011,1,251,WEST,8131.0,11,2026-05-16,"2026-07-16 13:58:28"
3012,1,251,MAIN,7938.0,12,2026-06-16,"2026-07-16 13:58:28"
3013,1,252,MAIN,636.0,1,2025-07-16,"2026-07-16 13:58:28"
3014,1,252,EAST,718.0,2,2025-08-16,"2026-07-16 13:58:28"
3015,1,252,NORTH,582.0,3,2025-09-16,"2026-07-16 13:58:28"
3016,1,252,EAST,759.0,4,2025-10-16,"2026-07-16 13:58:28"
3017,1,252,EAST,602.0,5,2025-11-16,"2026-07-16 13:58:28"
3018,1,252,EAST,799.0,6,2025-12-16,"2026-07-16 13:58:28"
3019,1,252,WEST,495.0,7,2026-01-16,"2026-07-16 13:58:28"
3020,1,252,WEST,672.0,8,2026-02-16,"2026-07-16 13:58:28"
3021,1,252,NORTH,571.0,9,2026-03-16,"2026-07-16 13:58:28"
3022,1,252,MAIN,553.0,10,2026-04-16,"2026-07-16 13:58:28"
3023,1,252,WEST,724.0,11,2026-05-16,"2026-07-16 13:58:28"
3024,1,252,NORTH,793.0,12,2026-06-16,"2026-07-16 13:58:28"
3025,1,253,MAIN,6419.0,1,2025-07-16,"2026-07-16 13:58:28"
3026,1,253,MAIN,6447.0,2,2025-08-16,"2026-07-16 13:58:28"
3027,1,253,NORTH,6361.0,3,2025-09-16,"2026-07-16 13:58:28"
3028,1,253,NORTH,6443.0,4,2025-10-16,"2026-07-16 13:58:28"
3029,1,253,WEST,6347.0,5,2025-11-16,"2026-07-16 13:58:28"
3030,1,253,WEST,6372.0,6,2025-12-16,"2026-07-16 13:58:28"
3031,1,253,NORTH,6522.0,7,2026-01-16,"2026-07-16 13:58:28"
3032,1,253,EAST,6632.0,8,2026-02-16,"2026-07-16 13:58:28"
3033,1,253,EAST,6413.0,9,2026-03-16,"2026-07-16 13:58:28"
3034,1,253,WEST,6420.0,10,2026-04-16,"2026-07-16 13:58:28"
3035,1,253,WEST,6632.0,11,2026-05-16,"2026-07-16 13:58:28"
3036,1,253,EAST,6279.0,12,2026-06-16,"2026-07-16 13:58:28"
3037,1,254,WEST,8550.0,1,2025-07-16,"2026-07-16 13:58:28"
3038,1,254,NORTH,8775.0,2,2025-08-16,"2026-07-16 13:58:28"
3039,1,254,NORTH,8583.0,3,2025-09-16,"2026-07-16 13:58:28"
3040,1,254,NORTH,8589.0,4,2025-10-16,"2026-07-16 13:58:28"
3041,1,254,MAIN,8764.0,5,2025-11-16,"2026-07-16 13:58:28"
3042,1,254,EAST,8849.0,6,2025-12-16,"2026-07-16 13:58:28"
3043,1,254,MAIN,8529.0,7,2026-01-16,"2026-07-16 13:58:28"
3044,1,254,WEST,8637.0,8,2026-02-16,"2026-07-16 13:58:28"
3045,1,254,MAIN,8640.0,9,2026-03-16,"2026-07-16 13:58:28"
3046,1,254,EAST,8832.0,10,2026-04-16,"2026-07-16 13:58:28"
3047,1,254,NORTH,8483.0,11,2026-05-16,"2026-07-16 13:58:28"
3048,1,254,EAST,8823.0,12,2026-06-16,"2026-07-16 13:58:28"
3049,1,255,MAIN,9132.0,1,2025-07-16,"2026-07-16 13:58:28"
3050,1,255,EAST,9194.0,2,2025-08-16,"2026-07-16 13:58:28"
3051,1,255,WEST,9263.0,3,2025-09-16,"2026-07-16 13:58:28"
3052,1,255,MAIN,9361.0,4,2025-10-16,"2026-07-16 13:58:28"
3053,1,255,MAIN,9060.0,5,2025-11-16,"2026-07-16 13:58:28"
3054,1,255,WEST,9030.0,6,2025-12-16,"2026-07-16 13:58:28"
3055,1,255,NORTH,9346.0,7,2026-01-16,"2026-07-16 13:58:28"
3056,1,255,NORTH,9254.0,8,2026-02-16,"2026-07-16 13:58:28"
3057,1,255,NORTH,9264.0,9,2026-03-16,"2026-07-16 13:58:28"
3058,1,255,NORTH,9334.0,10,2026-04-16,"2026-07-16 13:58:28"
3059,1,255,MAIN,9299.0,11,2026-05-16,"2026-07-16 13:58:28"
3060,1,255,NORTH,9026.0,12,2026-06-16,"2026-07-16 13:58:28"
3061,1,256,WEST,923.0,1,2025-07-16,"2026-07-16 13:58:28"
3062,1,256,MAIN,779.0,2,2025-08-16,"2026-07-16 13:58:28"
3063,1,256,EAST,1068.0,3,2025-09-16,"2026-07-16 13:58:28"
3064,1,256,EAST,1050.0,4,2025-10-16,"2026-07-16 13:58:28"
3065,1,256,NORTH,765.0,5,2025-11-16,"2026-07-16 13:58:28"
3066,1,256,WEST,1073.0,6,2025-12-16,"2026-07-16 13:58:28"
3067,1,256,NORTH,945.0,7,2026-01-16,"2026-07-16 13:58:28"
3068,1,256,NORTH,863.0,8,2026-02-16,"2026-07-16 13:58:28"
3069,1,256,NORTH,900.0,9,2026-03-16,"2026-07-16 13:58:28"
3070,1,256,EAST,826.0,10,2026-04-16,"2026-07-16 13:58:28"
3071,1,256,EAST,1086.0,11,2026-05-16,"2026-07-16 13:58:28"
3072,1,256,MAIN,780.0,12,2026-06-16,"2026-07-16 13:58:28"
3073,1,257,NORTH,4398.0,1,2025-07-16,"2026-07-16 13:58:28"
3074,1,257,EAST,4667.0,2,2025-08-16,"2026-07-16 13:58:28"
3075,1,257,MAIN,4315.0,3,2025-09-16,"2026-07-16 13:58:28"
3076,1,257,WEST,4683.0,4,2025-10-16,"2026-07-16 13:58:28"
3077,1,257,EAST,4373.0,5,2025-11-16,"2026-07-16 13:58:28"
3078,1,257,NORTH,4329.0,6,2025-12-16,"2026-07-16 13:58:28"
3079,1,257,EAST,4674.0,7,2026-01-16,"2026-07-16 13:58:28"
3080,1,257,EAST,4517.0,8,2026-02-16,"2026-07-16 13:58:28"
3081,1,257,NORTH,4420.0,9,2026-03-16,"2026-07-16 13:58:28"
3082,1,257,NORTH,4300.0,10,2026-04-16,"2026-07-16 13:58:28"
3083,1,257,MAIN,4374.0,11,2026-05-16,"2026-07-16 13:58:28"
3084,1,257,WEST,4642.0,12,2026-06-16,"2026-07-16 13:58:28"
3085,1,258,EAST,9883.0,1,2025-07-16,"2026-07-16 13:58:28"
3086,1,258,WEST,10084.0,2,2025-08-16,"2026-07-16 13:58:28"
3087,1,258,NORTH,9796.0,3,2025-09-16,"2026-07-16 13:58:28"
3088,1,258,NORTH,9916.0,4,2025-10-16,"2026-07-16 13:58:28"
3089,1,258,WEST,9949.0,5,2025-11-16,"2026-07-16 13:58:28"
3090,1,258,NORTH,9933.0,6,2025-12-16,"2026-07-16 13:58:28"
3091,1,258,NORTH,10040.0,7,2026-01-16,"2026-07-16 13:58:28"
3092,1,258,NORTH,9970.0,8,2026-02-16,"2026-07-16 13:58:28"
3093,1,258,EAST,9751.0,9,2026-03-16,"2026-07-16 13:58:28"
3094,1,258,MAIN,9996.0,10,2026-04-16,"2026-07-16 13:58:28"
3095,1,258,EAST,9740.0,11,2026-05-16,"2026-07-16 13:58:28"
3096,1,258,WEST,9912.0,12,2026-06-16,"2026-07-16 13:58:28"
3097,1,259,WEST,8741.0,1,2025-07-16,"2026-07-16 13:58:28"
3098,1,259,EAST,8555.0,2,2025-08-16,"2026-07-16 13:58:28"
3099,1,259,MAIN,8614.0,3,2025-09-16,"2026-07-16 13:58:28"
3100,1,259,EAST,8922.0,4,2025-10-16,"2026-07-16 13:58:28"
3101,1,259,WEST,8730.0,5,2025-11-16,"2026-07-16 13:58:28"
3102,1,259,MAIN,8897.0,6,2025-12-16,"2026-07-16 13:58:28"
3103,1,259,MAIN,8900.0,7,2026-01-16,"2026-07-16 13:58:28"
3104,1,259,WEST,8639.0,8,2026-02-16,"2026-07-16 13:58:28"
3105,1,259,EAST,8910.0,9,2026-03-16,"2026-07-16 13:58:28"
3106,1,259,MAIN,8870.0,10,2026-04-16,"2026-07-16 13:58:28"
3107,1,259,WEST,8747.0,11,2026-05-16,"2026-07-16 13:58:28"
3108,1,259,EAST,8881.0,12,2026-06-16,"2026-07-16 13:58:28"
3109,1,260,NORTH,319.0,1,2025-07-16,"2026-07-16 13:58:28"
3110,1,260,EAST,341.0,2,2025-08-16,"2026-07-16 13:58:28"
3111,1,260,NORTH,637.0,3,2025-09-16,"2026-07-16 13:58:28"
3112,1,260,EAST,584.0,4,2025-10-16,"2026-07-16 13:58:28"
3113,1,260,WEST,597.0,5,2025-11-16,"2026-07-16 13:58:28"
3114,1,260,EAST,431.0,6,2025-12-16,"2026-07-16 13:58:28"
3115,1,260,EAST,521.0,7,2026-01-16,"2026-07-16 13:58:28"
3116,1,260,WEST,465.0,8,2026-02-16,"2026-07-16 13:58:28"
3117,1,260,EAST,460.0,9,2026-03-16,"2026-07-16 13:58:28"
3118,1,260,WEST,406.0,10,2026-04-16,"2026-07-16 13:58:28"
3119,1,260,MAIN,579.0,11,2026-05-16,"2026-07-16 13:58:28"
3120,1,260,EAST,383.0,12,2026-06-16,"2026-07-16 13:58:28"
3121,1,261,MAIN,5923.0,1,2025-07-16,"2026-07-16 13:58:28"
3122,1,261,WEST,6135.0,2,2025-08-16,"2026-07-16 13:58:28"
3123,1,261,MAIN,6006.0,3,2025-09-16,"2026-07-16 13:58:28"
3124,1,261,WEST,6159.0,4,2025-10-16,"2026-07-16 13:58:28"
3125,1,261,MAIN,5982.0,5,2025-11-16,"2026-07-16 13:58:28"
3126,1,261,NORTH,5930.0,6,2025-12-16,"2026-07-16 13:58:28"
3127,1,261,WEST,6257.0,7,2026-01-16,"2026-07-16 13:58:28"
3128,1,261,MAIN,6143.0,8,2026-02-16,"2026-07-16 13:58:28"
3129,1,261,MAIN,6193.0,9,2026-03-16,"2026-07-16 13:58:28"
3130,1,261,NORTH,6016.0,10,2026-04-16,"2026-07-16 13:58:28"
3131,1,261,EAST,5944.0,11,2026-05-16,"2026-07-16 13:58:28"
3132,1,261,EAST,5882.0,12,2026-06-16,"2026-07-16 13:58:28"
3133,1,262,MAIN,4539.0,1,2025-07-16,"2026-07-16 13:58:28"
3134,1,262,WEST,4727.0,2,2025-08-16,"2026-07-16 13:58:28"
3135,1,262,NORTH,4614.0,3,2025-09-16,"2026-07-16 13:58:28"
3136,1,262,NORTH,4765.0,4,2025-10-16,"2026-07-16 13:58:28"
3137,1,262,NORTH,4830.0,5,2025-11-16,"2026-07-16 13:58:28"
3138,1,262,MAIN,4884.0,6,2025-12-16,"2026-07-16 13:58:28"
3139,1,262,WEST,4777.0,7,2026-01-16,"2026-07-16 13:58:28"
3140,1,262,WEST,4772.0,8,2026-02-16,"2026-07-16 13:58:28"
3141,1,262,EAST,4815.0,9,2026-03-16,"2026-07-16 13:58:28"
3142,1,262,EAST,4624.0,10,2026-04-16,"2026-07-16 13:58:28"
3143,1,262,WEST,4814.0,11,2026-05-16,"2026-07-16 13:58:28"
3144,1,262,WEST,4800.0,12,2026-06-16,"2026-07-16 13:58:28"
3145,1,263,MAIN,6050.0,1,2025-07-16,"2026-07-16 13:58:28"
3146,1,263,WEST,6031.0,2,2025-08-16,"2026-07-16 13:58:28"
3147,1,263,NORTH,5829.0,3,2025-09-16,"2026-07-16 13:58:28"
3148,1,263,EAST,5672.0,4,2025-10-16,"2026-07-16 13:58:28"
3149,1,263,MAIN,5713.0,5,2025-11-16,"2026-07-16 13:58:28"
3150,1,263,MAIN,5975.0,6,2025-12-16,"2026-07-16 13:58:28"
3151,1,263,NORTH,6051.0,7,2026-01-16,"2026-07-16 13:58:28"
3152,1,263,EAST,5702.0,8,2026-02-16,"2026-07-16 13:58:28"
3153,1,263,MAIN,5672.0,9,2026-03-16,"2026-07-16 13:58:28"
3154,1,263,WEST,5962.0,10,2026-04-16,"2026-07-16 13:58:28"
3155,1,263,MAIN,6046.0,11,2026-05-16,"2026-07-16 13:58:28"
3156,1,263,WEST,5895.0,12,2026-06-16,"2026-07-16 13:58:28"
3157,1,264,NORTH,1715.0,1,2025-07-16,"2026-07-16 13:58:28"
3158,1,264,MAIN,1844.0,2,2025-08-16,"2026-07-16 13:58:28"
3159,1,264,WEST,1837.0,3,2025-09-16,"2026-07-16 13:58:28"
3160,1,264,NORTH,1749.0,4,2025-10-16,"2026-07-16 13:58:28"
3161,1,264,EAST,1594.0,5,2025-11-16,"2026-07-16 13:58:28"
3162,1,264,WEST,1921.0,6,2025-12-16,"2026-07-16 13:58:28"
3163,1,264,EAST,1635.0,7,2026-01-16,"2026-07-16 13:58:28"
3164,1,264,NORTH,1565.0,8,2026-02-16,"2026-07-16 13:58:28"
3165,1,264,WEST,1905.0,9,2026-03-16,"2026-07-16 13:58:28"
3166,1,264,NORTH,1656.0,10,2026-04-16,"2026-07-16 13:58:28"
3167,1,264,NORTH,1772.0,11,2026-05-16,"2026-07-16 13:58:28"
3168,1,264,MAIN,1705.0,12,2026-06-16,"2026-07-16 13:58:28"
3169,1,265,EAST,8805.0,1,2025-07-16,"2026-07-16 13:58:28"
3170,1,265,NORTH,8901.0,2,2025-08-16,"2026-07-16 13:58:28"
3171,1,265,NORTH,8761.0,3,2025-09-16,"2026-07-16 13:58:28"
3172,1,265,EAST,8700.0,4,2025-10-16,"2026-07-16 13:58:28"
3173,1,265,MAIN,8676.0,5,2025-11-16,"2026-07-16 13:58:28"
3174,1,265,EAST,8856.0,6,2025-12-16,"2026-07-16 13:58:28"
3175,1,265,EAST,8631.0,7,2026-01-16,"2026-07-16 13:58:28"
3176,1,265,EAST,8808.0,8,2026-02-16,"2026-07-16 13:58:28"
3177,1,265,NORTH,8644.0,9,2026-03-16,"2026-07-16 13:58:28"
3178,1,265,MAIN,8815.0,10,2026-04-16,"2026-07-16 13:58:28"
3179,1,265,NORTH,8842.0,11,2026-05-16,"2026-07-16 13:58:28"
3180,1,265,WEST,8837.0,12,2026-06-16,"2026-07-16 13:58:28"
3181,1,266,WEST,8302.0,1,2025-07-16,"2026-07-16 13:58:28"
3182,1,266,NORTH,8400.0,2,2025-08-16,"2026-07-16 13:58:28"
3183,1,266,WEST,8509.0,3,2025-09-16,"2026-07-16 13:58:28"
3184,1,266,WEST,8489.0,4,2025-10-16,"2026-07-16 13:58:28"
3185,1,266,NORTH,8312.0,5,2025-11-16,"2026-07-16 13:58:28"
3186,1,266,WEST,8317.0,6,2025-12-16,"2026-07-16 13:58:28"
3187,1,266,EAST,8620.0,7,2026-01-16,"2026-07-16 13:58:28"
3188,1,266,EAST,8417.0,8,2026-02-16,"2026-07-16 13:58:28"
3189,1,266,NORTH,8433.0,9,2026-03-16,"2026-07-16 13:58:28"
3190,1,266,MAIN,8387.0,10,2026-04-16,"2026-07-16 13:58:28"
3191,1,266,WEST,8484.0,11,2026-05-16,"2026-07-16 13:58:28"
3192,1,266,WEST,8288.0,12,2026-06-16,"2026-07-16 13:58:28"
3193,1,267,NORTH,5253.0,1,2025-07-16,"2026-07-16 13:58:28"
3194,1,267,NORTH,5415.0,2,2025-08-16,"2026-07-16 13:58:28"
3195,1,267,NORTH,5185.0,3,2025-09-16,"2026-07-16 13:58:28"
3196,1,267,MAIN,5398.0,4,2025-10-16,"2026-07-16 13:58:28"
3197,1,267,EAST,5202.0,5,2025-11-16,"2026-07-16 13:58:28"
3198,1,267,MAIN,5265.0,6,2025-12-16,"2026-07-16 13:58:28"
3199,1,267,NORTH,5324.0,7,2026-01-16,"2026-07-16 13:58:28"
3200,1,267,EAST,5318.0,8,2026-02-16,"2026-07-16 13:58:28"
3201,1,267,MAIN,5461.0,9,2026-03-16,"2026-07-16 13:58:28"
3202,1,267,WEST,5336.0,10,2026-04-16,"2026-07-16 13:58:28"
3203,1,267,EAST,5470.0,11,2026-05-16,"2026-07-16 13:58:28"
3204,1,267,EAST,5317.0,12,2026-06-16,"2026-07-16 13:58:28"
3205,1,268,MAIN,7350.0,1,2025-07-16,"2026-07-16 13:58:28"
3206,1,268,WEST,7391.0,2,2025-08-16,"2026-07-16 13:58:28"
3207,1,268,WEST,7317.0,3,2025-09-16,"2026-07-16 13:58:28"
3208,1,268,NORTH,7417.0,4,2025-10-16,"2026-07-16 13:58:28"
3209,1,268,EAST,7327.0,5,2025-11-16,"2026-07-16 13:58:28"
3210,1,268,NORTH,7512.0,6,2025-12-16,"2026-07-16 13:58:28"
3211,1,268,MAIN,7448.0,7,2026-01-16,"2026-07-16 13:58:28"
3212,1,268,WEST,7257.0,8,2026-02-16,"2026-07-16 13:58:28"
3213,1,268,NORTH,7338.0,9,2026-03-16,"2026-07-16 13:58:28"
3214,1,268,MAIN,7207.0,10,2026-04-16,"2026-07-16 13:58:28"
3215,1,268,MAIN,7354.0,11,2026-05-16,"2026-07-16 13:58:28"
3216,1,268,NORTH,7224.0,12,2026-06-16,"2026-07-16 13:58:28"
3217,1,269,EAST,9372.0,1,2025-07-16,"2026-07-16 13:58:28"
3218,1,269,NORTH,9301.0,2,2025-08-16,"2026-07-16 13:58:28"
3219,1,269,NORTH,9352.0,3,2025-09-16,"2026-07-16 13:58:28"
3220,1,269,EAST,9238.0,4,2025-10-16,"2026-07-16 13:58:28"
3221,1,269,WEST,9137.0,5,2025-11-16,"2026-07-16 13:58:28"
3222,1,269,MAIN,9384.0,6,2025-12-16,"2026-07-16 13:58:28"
3223,1,269,NORTH,9307.0,7,2026-01-16,"2026-07-16 13:58:28"
3224,1,269,WEST,9448.0,8,2026-02-16,"2026-07-16 13:58:28"
3225,1,269,MAIN,9163.0,9,2026-03-16,"2026-07-16 13:58:28"
3226,1,269,WEST,9204.0,10,2026-04-16,"2026-07-16 13:58:28"
3227,1,269,MAIN,9184.0,11,2026-05-16,"2026-07-16 13:58:28"
3228,1,269,EAST,9084.0,12,2026-06-16,"2026-07-16 13:58:28"
3229,1,270,WEST,373.0,1,2025-07-16,"2026-07-16 13:58:28"
3230,1,270,MAIN,352.0,2,2025-08-16,"2026-07-16 13:58:28"
3231,1,270,EAST,340.0,3,2025-09-16,"2026-07-16 13:58:28"
3232,1,270,WEST,588.0,4,2025-10-16,"2026-07-16 13:58:28"
3233,1,270,EAST,450.0,5,2025-11-16,"2026-07-16 13:58:28"
3234,1,270,NORTH,211.0,6,2025-12-16,"2026-07-16 13:58:28"
3235,1,270,WEST,535.0,7,2026-01-16,"2026-07-16 13:58:28"
3236,1,270,EAST,416.0,8,2026-02-16,"2026-07-16 13:58:28"
3237,1,270,EAST,447.0,9,2026-03-16,"2026-07-16 13:58:28"
3238,1,270,EAST,340.0,10,2026-04-16,"2026-07-16 13:58:28"
3239,1,270,WEST,360.0,11,2026-05-16,"2026-07-16 13:58:28"
3240,1,270,MAIN,580.0,12,2026-06-16,"2026-07-16 13:58:28"
3241,1,271,NORTH,3783.0,1,2025-07-16,"2026-07-16 13:58:28"
3242,1,271,EAST,4012.0,2,2025-08-16,"2026-07-16 13:58:28"
3243,1,271,WEST,3980.0,3,2025-09-16,"2026-07-16 13:58:28"
3244,1,271,EAST,3896.0,4,2025-10-16,"2026-07-16 13:58:28"
3245,1,271,EAST,4118.0,5,2025-11-16,"2026-07-16 13:58:28"
3246,1,271,MAIN,3830.0,6,2025-12-16,"2026-07-16 13:58:28"
3247,1,271,NORTH,3779.0,7,2026-01-16,"2026-07-16 13:58:28"
3248,1,271,NORTH,3884.0,8,2026-02-16,"2026-07-16 13:58:28"
3249,1,271,MAIN,3976.0,9,2026-03-16,"2026-07-16 13:58:28"
3250,1,271,NORTH,3881.0,10,2026-04-16,"2026-07-16 13:58:28"
3251,1,271,EAST,4074.0,11,2026-05-16,"2026-07-16 13:58:28"
3252,1,271,NORTH,3963.0,12,2026-06-16,"2026-07-16 13:58:28"
3253,1,272,NORTH,3416.0,1,2025-07-16,"2026-07-16 13:58:28"
3254,1,272,MAIN,3423.0,2,2025-08-16,"2026-07-16 13:58:28"
3255,1,272,WEST,3382.0,3,2025-09-16,"2026-07-16 13:58:28"
3256,1,272,EAST,3397.0,4,2025-10-16,"2026-07-16 13:58:28"
3257,1,272,EAST,3465.0,5,2025-11-16,"2026-07-16 13:58:28"
3258,1,272,EAST,3310.0,6,2025-12-16,"2026-07-16 13:58:28"
3259,1,272,MAIN,3240.0,7,2026-01-16,"2026-07-16 13:58:28"
3260,1,272,WEST,3467.0,8,2026-02-16,"2026-07-16 13:58:28"
3261,1,272,NORTH,3373.0,9,2026-03-16,"2026-07-16 13:58:28"
3262,1,272,EAST,3235.0,10,2026-04-16,"2026-07-16 13:58:28"
3263,1,272,WEST,3226.0,11,2026-05-16,"2026-07-16 13:58:28"
3264,1,272,MAIN,3352.0,12,2026-06-16,"2026-07-16 13:58:28"
3265,1,273,WEST,4690.0,1,2025-07-16,"2026-07-16 13:58:28"
3266,1,273,MAIN,4604.0,2,2025-08-16,"2026-07-16 13:58:28"
3267,1,273,WEST,4582.0,3,2025-09-16,"2026-07-16 13:58:28"
3268,1,273,NORTH,4502.0,4,2025-10-16,"2026-07-16 13:58:28"
3269,1,273,NORTH,4742.0,5,2025-11-16,"2026-07-16 13:58:28"
3270,1,273,WEST,4718.0,6,2025-12-16,"2026-07-16 13:58:28"
3271,1,273,EAST,4478.0,7,2026-01-16,"2026-07-16 13:58:28"
3272,1,273,WEST,4581.0,8,2026-02-16,"2026-07-16 13:58:28"
3273,1,273,EAST,4638.0,9,2026-03-16,"2026-07-16 13:58:28"
3274,1,273,NORTH,4594.0,10,2026-04-16,"2026-07-16 13:58:28"
3275,1,273,EAST,4574.0,11,2026-05-16,"2026-07-16 13:58:28"
3276,1,273,WEST,4741.0,12,2026-06-16,"2026-07-16 13:58:28"
3277,1,274,WEST,2892.0,1,2025-07-16,"2026-07-16 13:58:28"
3278,1,274,EAST,2918.0,2,2025-08-16,"2026-07-16 13:58:28"
3279,1,274,MAIN,2839.0,3,2025-09-16,"2026-07-16 13:58:28"
3280,1,274,WEST,2883.0,4,2025-10-16,"2026-07-16 13:58:28"
3281,1,274,NORTH,3024.0,5,2025-11-16,"2026-07-16 13:58:28"
3282,1,274,MAIN,2821.0,6,2025-12-16,"2026-07-16 13:58:28"
3283,1,274,EAST,2923.0,7,2026-01-16,"2026-07-16 13:58:28"
3284,1,274,MAIN,3037.0,8,2026-02-16,"2026-07-16 13:58:28"
3285,1,274,EAST,2988.0,9,2026-03-16,"2026-07-16 13:58:28"
3286,1,274,NORTH,2862.0,10,2026-04-16,"2026-07-16 13:58:28"
3287,1,274,EAST,3198.0,11,2026-05-16,"2026-07-16 13:58:28"
3288,1,274,WEST,3038.0,12,2026-06-16,"2026-07-16 13:58:28"
3289,1,275,EAST,7766.0,1,2025-07-16,"2026-07-16 13:58:28"
3290,1,275,MAIN,7935.0,2,2025-08-16,"2026-07-16 13:58:28"
3291,1,275,WEST,7918.0,3,2025-09-16,"2026-07-16 13:58:28"
3292,1,275,MAIN,7848.0,4,2025-10-16,"2026-07-16 13:58:28"
3293,1,275,EAST,7864.0,5,2025-11-16,"2026-07-16 13:58:28"
3294,1,275,MAIN,7615.0,6,2025-12-16,"2026-07-16 13:58:28"
3295,1,275,NORTH,7692.0,7,2026-01-16,"2026-07-16 13:58:28"
3296,1,275,WEST,7843.0,8,2026-02-16,"2026-07-16 13:58:28"
3297,1,275,WEST,7934.0,9,2026-03-16,"2026-07-16 13:58:28"
3298,1,275,WEST,7766.0,10,2026-04-16,"2026-07-16 13:58:28"
3299,1,275,EAST,7764.0,11,2026-05-16,"2026-07-16 13:58:28"
3300,1,275,NORTH,7952.0,12,2026-06-16,"2026-07-16 13:58:28"
3301,1,276,MAIN,8219.0,1,2025-07-16,"2026-07-16 13:58:28"
3302,1,276,WEST,8511.0,2,2025-08-16,"2026-07-16 13:58:28"
3303,1,276,NORTH,8309.0,3,2025-09-16,"2026-07-16 13:58:28"
3304,1,276,WEST,8559.0,4,2025-10-16,"2026-07-16 13:58:28"
3305,1,276,WEST,8480.0,5,2025-11-16,"2026-07-16 13:58:28"
3306,1,276,EAST,8545.0,6,2025-12-16,"2026-07-16 13:58:28"
3307,1,276,WEST,8438.0,7,2026-01-16,"2026-07-16 13:58:28"
3308,1,276,EAST,8301.0,8,2026-02-16,"2026-07-16 13:58:28"
3309,1,276,WEST,8564.0,9,2026-03-16,"2026-07-16 13:58:28"
3310,1,276,EAST,8565.0,10,2026-04-16,"2026-07-16 13:58:28"
3311,1,276,MAIN,8195.0,11,2026-05-16,"2026-07-16 13:58:28"
3312,1,276,EAST,8366.0,12,2026-06-16,"2026-07-16 13:58:28"
3313,1,277,WEST,2283.0,1,2025-07-16,"2026-07-16 13:58:28"
3314,1,277,MAIN,2292.0,2,2025-08-16,"2026-07-16 13:58:28"
3315,1,277,MAIN,2365.0,3,2025-09-16,"2026-07-16 13:58:28"
3316,1,277,NORTH,2378.0,4,2025-10-16,"2026-07-16 13:58:28"
3317,1,277,NORTH,2367.0,5,2025-11-16,"2026-07-16 13:58:28"
3318,1,277,NORTH,2463.0,6,2025-12-16,"2026-07-16 13:58:28"
3319,1,277,EAST,2474.0,7,2026-01-16,"2026-07-16 13:58:28"
3320,1,277,MAIN,2422.0,8,2026-02-16,"2026-07-16 13:58:28"
3321,1,277,WEST,2448.0,9,2026-03-16,"2026-07-16 13:58:28"
3322,1,277,NORTH,2382.0,10,2026-04-16,"2026-07-16 13:58:28"
3323,1,277,EAST,2438.0,11,2026-05-16,"2026-07-16 13:58:28"
3324,1,277,EAST,2301.0,12,2026-06-16,"2026-07-16 13:58:28"
3325,1,278,NORTH,1978.0,1,2025-07-16,"2026-07-16 13:58:28"
3326,1,278,WEST,1766.0,2,2025-08-16,"2026-07-16 13:58:28"
3327,1,278,NORTH,2073.0,3,2025-09-16,"2026-07-16 13:58:28"
3328,1,278,EAST,1973.0,4,2025-10-16,"2026-07-16 13:58:28"
3329,1,278,EAST,1880.0,5,2025-11-16,"2026-07-16 13:58:28"
3330,1,278,NORTH,1896.0,6,2025-12-16,"2026-07-16 13:58:28"
3331,1,278,EAST,1910.0,7,2026-01-16,"2026-07-16 13:58:28"
3332,1,278,WEST,1917.0,8,2026-02-16,"2026-07-16 13:58:28"
3333,1,278,EAST,1865.0,9,2026-03-16,"2026-07-16 13:58:28"
3334,1,278,NORTH,2067.0,10,2026-04-16,"2026-07-16 13:58:28"
3335,1,278,EAST,1897.0,11,2026-05-16,"2026-07-16 13:58:28"
3336,1,278,WEST,1765.0,12,2026-06-16,"2026-07-16 13:58:28"
3337,1,279,WEST,2258.0,1,2025-07-16,"2026-07-16 13:58:28"
3338,1,279,WEST,2096.0,2,2025-08-16,"2026-07-16 13:58:28"
3339,1,279,WEST,2360.0,3,2025-09-16,"2026-07-16 13:58:28"
3340,1,279,NORTH,2222.0,4,2025-10-16,"2026-07-16 13:58:28"
3341,1,279,WEST,2038.0,5,2025-11-16,"2026-07-16 13:58:28"
3342,1,279,MAIN,2147.0,6,2025-12-16,"2026-07-16 13:58:28"
3343,1,279,EAST,2197.0,7,2026-01-16,"2026-07-16 13:58:28"
3344,1,279,NORTH,2395.0,8,2026-02-16,"2026-07-16 13:58:28"
3345,1,279,MAIN,2264.0,9,2026-03-16,"2026-07-16 13:58:28"
3346,1,279,MAIN,2128.0,10,2026-04-16,"2026-07-16 13:58:28"
3347,1,279,MAIN,2187.0,11,2026-05-16,"2026-07-16 13:58:28"
3348,1,279,NORTH,2097.0,12,2026-06-16,"2026-07-16 13:58:28"
3349,1,280,NORTH,2261.0,1,2025-07-16,"2026-07-16 13:58:28"
3350,1,280,EAST,2321.0,2,2025-08-16,"2026-07-16 13:58:28"
3351,1,280,MAIN,2529.0,3,2025-09-16,"2026-07-16 13:58:28"
3352,1,280,WEST,2530.0,4,2025-10-16,"2026-07-16 13:58:28"
3353,1,280,EAST,2345.0,5,2025-11-16,"2026-07-16 13:58:28"
3354,1,280,EAST,2386.0,6,2025-12-16,"2026-07-16 13:58:28"
3355,1,280,WEST,2517.0,7,2026-01-16,"2026-07-16 13:58:28"
3356,1,280,NORTH,2423.0,8,2026-02-16,"2026-07-16 13:58:28"
3357,1,280,EAST,2224.0,9,2026-03-16,"2026-07-16 13:58:28"
3358,1,280,MAIN,2534.0,10,2026-04-16,"2026-07-16 13:58:28"
3359,1,280,NORTH,2361.0,11,2026-05-16,"2026-07-16 13:58:28"
3360,1,280,NORTH,2582.0,12,2026-06-16,"2026-07-16 13:58:28"
3361,1,281,MAIN,8745.0,1,2025-07-16,"2026-07-16 13:58:28"
3362,1,281,WEST,8749.0,2,2025-08-16,"2026-07-16 13:58:28"
3363,1,281,WEST,8753.0,3,2025-09-16,"2026-07-16 13:58:28"
3364,1,281,EAST,8559.0,4,2025-10-16,"2026-07-16 13:58:28"
3365,1,281,WEST,8563.0,5,2025-11-16,"2026-07-16 13:58:28"
3366,1,281,MAIN,8716.0,6,2025-12-16,"2026-07-16 13:58:28"
3367,1,281,MAIN,8555.0,7,2026-01-16,"2026-07-16 13:58:28"
3368,1,281,EAST,8609.0,8,2026-02-16,"2026-07-16 13:58:28"
3369,1,281,MAIN,8700.0,9,2026-03-16,"2026-07-16 13:58:28"
3370,1,281,EAST,8479.0,10,2026-04-16,"2026-07-16 13:58:28"
3371,1,281,NORTH,8613.0,11,2026-05-16,"2026-07-16 13:58:28"
3372,1,281,WEST,8673.0,12,2026-06-16,"2026-07-16 13:58:28"
3373,1,282,WEST,883.0,1,2025-07-16,"2026-07-16 13:58:28"
3374,1,282,WEST,883.0,2,2025-08-16,"2026-07-16 13:58:28"
3375,1,282,MAIN,1090.0,3,2025-09-16,"2026-07-16 13:58:28"
3376,1,282,EAST,762.0,4,2025-10-16,"2026-07-16 13:58:28"
3377,1,282,NORTH,992.0,5,2025-11-16,"2026-07-16 13:58:28"
3378,1,282,NORTH,1127.0,6,2025-12-16,"2026-07-16 13:58:28"
3379,1,282,EAST,1141.0,7,2026-01-16,"2026-07-16 13:58:28"
3380,1,282,MAIN,1053.0,8,2026-02-16,"2026-07-16 13:58:28"
3381,1,282,EAST,803.0,9,2026-03-16,"2026-07-16 13:58:28"
3382,1,282,NORTH,1091.0,10,2026-04-16,"2026-07-16 13:58:28"
3383,1,282,WEST,1044.0,11,2026-05-16,"2026-07-16 13:58:28"
3384,1,282,EAST,834.0,12,2026-06-16,"2026-07-16 13:58:28"
3385,1,283,NORTH,6986.0,1,2025-07-16,"2026-07-16 13:58:28"
3386,1,283,EAST,7029.0,2,2025-08-16,"2026-07-16 13:58:28"
3387,1,283,MAIN,6866.0,3,2025-09-16,"2026-07-16 13:58:28"
3388,1,283,MAIN,6954.0,4,2025-10-16,"2026-07-16 13:58:28"
3389,1,283,WEST,6898.0,5,2025-11-16,"2026-07-16 13:58:28"
3390,1,283,MAIN,7074.0,6,2025-12-16,"2026-07-16 13:58:28"
3391,1,283,WEST,6957.0,7,2026-01-16,"2026-07-16 13:58:28"
3392,1,283,WEST,6901.0,8,2026-02-16,"2026-07-16 13:58:28"
3393,1,283,WEST,7047.0,9,2026-03-16,"2026-07-16 13:58:28"
3394,1,283,WEST,6808.0,10,2026-04-16,"2026-07-16 13:58:28"
3395,1,283,WEST,6919.0,11,2026-05-16,"2026-07-16 13:58:28"
3396,1,283,EAST,6945.0,12,2026-06-16,"2026-07-16 13:58:28"
3397,1,284,EAST,3692.0,1,2025-07-16,"2026-07-16 13:58:28"
3398,1,284,NORTH,3865.0,2,2025-08-16,"2026-07-16 13:58:28"
3399,1,284,WEST,3690.0,3,2025-09-16,"2026-07-16 13:58:28"
3400,1,284,MAIN,3714.0,4,2025-10-16,"2026-07-16 13:58:28"
3401,1,284,MAIN,3554.0,5,2025-11-16,"2026-07-16 13:58:28"
3402,1,284,EAST,3702.0,6,2025-12-16,"2026-07-16 13:58:28"
3403,1,284,MAIN,3910.0,7,2026-01-16,"2026-07-16 13:58:28"
3404,1,284,EAST,3933.0,8,2026-02-16,"2026-07-16 13:58:28"
3405,1,284,WEST,3883.0,9,2026-03-16,"2026-07-16 13:58:28"
3406,1,284,NORTH,3948.0,10,2026-04-16,"2026-07-16 13:58:28"
3407,1,284,WEST,3579.0,11,2026-05-16,"2026-07-16 13:58:28"
3408,1,284,EAST,3909.0,12,2026-06-16,"2026-07-16 13:58:28"
3409,1,285,NORTH,1009.0,1,2025-07-16,"2026-07-16 13:58:28"
3410,1,285,NORTH,1039.0,2,2025-08-16,"2026-07-16 13:58:28"
3411,1,285,NORTH,716.0,3,2025-09-16,"2026-07-16 13:58:28"
3412,1,285,EAST,754.0,4,2025-10-16,"2026-07-16 13:58:28"
3413,1,285,MAIN,680.0,5,2025-11-16,"2026-07-16 13:58:28"
3414,1,285,NORTH,893.0,6,2025-12-16,"2026-07-16 13:58:28"
3415,1,285,MAIN,737.0,7,2026-01-16,"2026-07-16 13:58:28"
3416,1,285,EAST,984.0,8,2026-02-16,"2026-07-16 13:58:28"
3417,1,285,WEST,645.0,9,2026-03-16,"2026-07-16 13:58:28"
3418,1,285,MAIN,771.0,10,2026-04-16,"2026-07-16 13:58:28"
3419,1,285,NORTH,822.0,11,2026-05-16,"2026-07-16 13:58:28"
3420,1,285,EAST,840.0,12,2026-06-16,"2026-07-16 13:58:28"
3421,1,286,MAIN,1875.0,1,2025-07-16,"2026-07-16 13:58:28"
3422,1,286,WEST,1835.0,2,2025-08-16,"2026-07-16 13:58:28"
3423,1,286,NORTH,1726.0,3,2025-09-16,"2026-07-16 13:58:28"
3424,1,286,EAST,1806.0,4,2025-10-16,"2026-07-16 13:58:28"
3425,1,286,EAST,1937.0,5,2025-11-16,"2026-07-16 13:58:28"
3426,1,286,EAST,1883.0,6,2025-12-16,"2026-07-16 13:58:28"
3427,1,286,NORTH,1689.0,7,2026-01-16,"2026-07-16 13:58:28"
3428,1,286,MAIN,1702.0,8,2026-02-16,"2026-07-16 13:58:28"
3429,1,286,NORTH,1956.0,9,2026-03-16,"2026-07-16 13:58:28"
3430,1,286,EAST,1695.0,10,2026-04-16,"2026-07-16 13:58:28"
3431,1,286,WEST,1827.0,11,2026-05-16,"2026-07-16 13:58:28"
3432,1,286,MAIN,1779.0,12,2026-06-16,"2026-07-16 13:58:28"
3433,1,287,NORTH,3807.0,1,2025-07-16,"2026-07-16 13:58:28"
3434,1,287,EAST,4011.0,2,2025-08-16,"2026-07-16 13:58:28"
3435,1,287,NORTH,4033.0,3,2025-09-16,"2026-07-16 13:58:28"
3436,1,287,WEST,3967.0,4,2025-10-16,"2026-07-16 13:58:28"
3437,1,287,WEST,4034.0,5,2025-11-16,"2026-07-16 13:58:28"
3438,1,287,WEST,4085.0,6,2025-12-16,"2026-07-16 13:58:28"
3439,1,287,NORTH,4129.0,7,2026-01-16,"2026-07-16 13:58:28"
3440,1,287,MAIN,3868.0,8,2026-02-16,"2026-07-16 13:58:28"
3441,1,287,EAST,3954.0,9,2026-03-16,"2026-07-16 13:58:28"
3442,1,287,MAIN,4054.0,10,2026-04-16,"2026-07-16 13:58:28"
3443,1,287,NORTH,3812.0,11,2026-05-16,"2026-07-16 13:58:28"
3444,1,287,MAIN,4091.0,12,2026-06-16,"2026-07-16 13:58:28"
3445,1,288,MAIN,9899.0,1,2025-07-16,"2026-07-16 13:58:28"
3446,1,288,NORTH,9779.0,2,2025-08-16,"2026-07-16 13:58:28"
3447,1,288,MAIN,9917.0,3,2025-09-16,"2026-07-16 13:58:28"
3448,1,288,EAST,9972.0,4,2025-10-16,"2026-07-16 13:58:28"
3449,1,288,MAIN,9720.0,5,2025-11-16,"2026-07-16 13:58:28"
3450,1,288,NORTH,10011.0,6,2025-12-16,"2026-07-16 13:58:28"
3451,1,288,MAIN,9693.0,7,2026-01-16,"2026-07-16 13:58:28"
3452,1,288,MAIN,9844.0,8,2026-02-16,"2026-07-16 13:58:28"
3453,1,288,WEST,9943.0,9,2026-03-16,"2026-07-16 13:58:28"
3454,1,288,EAST,9792.0,10,2026-04-16,"2026-07-16 13:58:28"
3455,1,288,MAIN,9824.0,11,2026-05-16,"2026-07-16 13:58:28"
3456,1,288,MAIN,9672.0,12,2026-06-16,"2026-07-16 13:58:28"
3457,1,289,MAIN,1886.0,1,2025-07-16,"2026-07-16 13:58:28"
3458,1,289,NORTH,2137.0,2,2025-08-16,"2026-07-16 13:58:28"
3459,1,289,EAST,1963.0,3,2025-09-16,"2026-07-16 13:58:28"
3460,1,289,EAST,1909.0,4,2025-10-16,"2026-07-16 13:58:28"
3461,1,289,MAIN,1968.0,5,2025-11-16,"2026-07-16 13:58:28"
3462,1,289,MAIN,2181.0,6,2025-12-16,"2026-07-16 13:58:28"
3463,1,289,MAIN,2147.0,7,2026-01-16,"2026-07-16 13:58:28"
3464,1,289,NORTH,2007.0,8,2026-02-16,"2026-07-16 13:58:28"
3465,1,289,WEST,1943.0,9,2026-03-16,"2026-07-16 13:58:28"
3466,1,289,EAST,2055.0,10,2026-04-16,"2026-07-16 13:58:28"
3467,1,289,EAST,1913.0,11,2026-05-16,"2026-07-16 13:58:28"
3468,1,289,MAIN,1916.0,12,2026-06-16,"2026-07-16 13:58:28"
3469,1,290,MAIN,9214.0,1,2025-07-16,"2026-07-16 13:58:28"
3470,1,290,WEST,9243.0,2,2025-08-16,"2026-07-16 13:58:28"
3471,1,290,WEST,9298.0,3,2025-09-16,"2026-07-16 13:58:28"
3472,1,290,EAST,9106.0,4,2025-10-16,"2026-07-16 13:58:28"
3473,1,290,EAST,9358.0,5,2025-11-16,"2026-07-16 13:58:28"
3474,1,290,NORTH,9418.0,6,2025-12-16,"2026-07-16 13:58:28"
3475,1,290,NORTH,9244.0,7,2026-01-16,"2026-07-16 13:58:28"
3476,1,290,WEST,9453.0,8,2026-02-16,"2026-07-16 13:58:28"
3477,1,290,WEST,9238.0,9,2026-03-16,"2026-07-16 13:58:28"
3478,1,290,WEST,9122.0,10,2026-04-16,"2026-07-16 13:58:28"
3479,1,290,NORTH,9079.0,11,2026-05-16,"2026-07-16 13:58:28"
3480,1,290,NORTH,9289.0,12,2026-06-16,"2026-07-16 13:58:28"
3481,1,291,EAST,4780.0,1,2025-07-16,"2026-07-16 13:58:28"
3482,1,291,WEST,4916.0,2,2025-08-16,"2026-07-16 13:58:28"
3483,1,291,NORTH,5133.0,3,2025-09-16,"2026-07-16 13:58:28"
3484,1,291,WEST,5125.0,4,2025-10-16,"2026-07-16 13:58:28"
3485,1,291,NORTH,4753.0,5,2025-11-16,"2026-07-16 13:58:28"
3486,1,291,WEST,4750.0,6,2025-12-16,"2026-07-16 13:58:28"
3487,1,291,WEST,5088.0,7,2026-01-16,"2026-07-16 13:58:28"
3488,1,291,WEST,4928.0,8,2026-02-16,"2026-07-16 13:58:28"
3489,1,291,MAIN,5103.0,9,2026-03-16,"2026-07-16 13:58:28"
3490,1,291,WEST,4940.0,10,2026-04-16,"2026-07-16 13:58:28"
3491,1,291,NORTH,5133.0,11,2026-05-16,"2026-07-16 13:58:28"
3492,1,291,WEST,5107.0,12,2026-06-16,"2026-07-16 13:58:28"
3493,1,292,WEST,7040.0,1,2025-07-16,"2026-07-16 13:58:28"
3494,1,292,WEST,6759.0,2,2025-08-16,"2026-07-16 13:58:28"
3495,1,292,EAST,7090.0,3,2025-09-16,"2026-07-16 13:58:28"
3496,1,292,WEST,6996.0,4,2025-10-16,"2026-07-16 13:58:28"
3497,1,292,EAST,6784.0,5,2025-11-16,"2026-07-16 13:58:28"
3498,1,292,WEST,6856.0,6,2025-12-16,"2026-07-16 13:58:28"
3499,1,292,WEST,6983.0,7,2026-01-16,"2026-07-16 13:58:28"
3500,1,292,NORTH,7032.0,8,2026-02-16,"2026-07-16 13:58:28"
3501,1,292,EAST,6933.0,9,2026-03-16,"2026-07-16 13:58:28"
3502,1,292,NORTH,7090.0,10,2026-04-16,"2026-07-16 13:58:28"
3503,1,292,WEST,7118.0,11,2026-05-16,"2026-07-16 13:58:28"
3504,1,292,WEST,7137.0,12,2026-06-16,"2026-07-16 13:58:28"
3505,1,293,NORTH,8093.0,1,2025-07-16,"2026-07-16 13:58:28"
3506,1,293,EAST,8066.0,2,2025-08-16,"2026-07-16 13:58:28"
3507,1,293,EAST,8238.0,3,2025-09-16,"2026-07-16 13:58:28"
3508,1,293,NORTH,8178.0,4,2025-10-16,"2026-07-16 13:58:28"
3509,1,293,EAST,8427.0,5,2025-11-16,"2026-07-16 13:58:28"
3510,1,293,NORTH,8089.0,6,2025-12-16,"2026-07-16 13:58:28"
3511,1,293,MAIN,8381.0,7,2026-01-16,"2026-07-16 13:58:28"
3512,1,293,EAST,8220.0,8,2026-02-16,"2026-07-16 13:58:28"
3513,1,293,NORTH,8096.0,9,2026-03-16,"2026-07-16 13:58:28"
3514,1,293,MAIN,8142.0,10,2026-04-16,"2026-07-16 13:58:28"
3515,1,293,EAST,8075.0,11,2026-05-16,"2026-07-16 13:58:28"
3516,1,293,NORTH,8155.0,12,2026-06-16,"2026-07-16 13:58:28"
3517,1,294,EAST,6170.0,1,2025-07-16,"2026-07-16 13:58:28"
3518,1,294,WEST,5987.0,2,2025-08-16,"2026-07-16 13:58:28"
3519,1,294,MAIN,6263.0,3,2025-09-16,"2026-07-16 13:58:28"
3520,1,294,EAST,6224.0,4,2025-10-16,"2026-07-16 13:58:28"
3521,1,294,WEST,6302.0,5,2025-11-16,"2026-07-16 13:58:28"
3522,1,294,WEST,6211.0,6,2025-12-16,"2026-07-16 13:58:28"
3523,1,294,WEST,6061.0,7,2026-01-16,"2026-07-16 13:58:28"
3524,1,294,NORTH,6033.0,8,2026-02-16,"2026-07-16 13:58:28"
3525,1,294,WEST,6272.0,9,2026-03-16,"2026-07-16 13:58:28"
3526,1,294,WEST,6163.0,10,2026-04-16,"2026-07-16 13:58:28"
3527,1,294,WEST,6358.0,11,2026-05-16,"2026-07-16 13:58:28"
3528,1,294,EAST,6059.0,12,2026-06-16,"2026-07-16 13:58:28"
3529,1,295,NORTH,5591.0,1,2025-07-16,"2026-07-16 13:58:28"
3530,1,295,EAST,5564.0,2,2025-08-16,"2026-07-16 13:58:28"
3531,1,295,NORTH,5564.0,3,2025-09-16,"2026-07-16 13:58:28"
3532,1,295,EAST,5502.0,4,2025-10-16,"2026-07-16 13:58:28"
3533,1,295,NORTH,5561.0,5,2025-11-16,"2026-07-16 13:58:28"
3534,1,295,EAST,5635.0,6,2025-12-16,"2026-07-16 13:58:28"
3535,1,295,MAIN,5378.0,7,2026-01-16,"2026-07-16 13:58:28"
3536,1,295,EAST,5294.0,8,2026-02-16,"2026-07-16 13:58:28"
3537,1,295,MAIN,5493.0,9,2026-03-16,"2026-07-16 13:58:28"
3538,1,295,NORTH,5441.0,10,2026-04-16,"2026-07-16 13:58:28"
3539,1,295,NORTH,5598.0,11,2026-05-16,"2026-07-16 13:58:28"
3540,1,295,MAIN,5332.0,12,2026-06-16,"2026-07-16 13:58:28"
3541,1,296,WEST,2503.0,1,2025-07-16,"2026-07-16 13:58:28"
3542,1,296,MAIN,2692.0,2,2025-08-16,"2026-07-16 13:58:28"
3543,1,296,NORTH,2628.0,3,2025-09-16,"2026-07-16 13:58:28"
3544,1,296,WEST,2439.0,4,2025-10-16,"2026-07-16 13:58:28"
3545,1,296,NORTH,2408.0,5,2025-11-16,"2026-07-16 13:58:28"
3546,1,296,NORTH,2539.0,6,2025-12-16,"2026-07-16 13:58:28"
3547,1,296,MAIN,2737.0,7,2026-01-16,"2026-07-16 13:58:28"
3548,1,296,MAIN,2751.0,8,2026-02-16,"2026-07-16 13:58:28"
3549,1,296,WEST,2500.0,9,2026-03-16,"2026-07-16 13:58:28"
3550,1,296,EAST,2635.0,10,2026-04-16,"2026-07-16 13:58:28"
3551,1,296,EAST,2644.0,11,2026-05-16,"2026-07-16 13:58:28"
3552,1,296,EAST,2548.0,12,2026-06-16,"2026-07-16 13:58:28"
3553,1,297,WEST,1491.0,1,2025-07-16,"2026-07-16 13:58:28"
3554,1,297,WEST,1644.0,2,2025-08-16,"2026-07-16 13:58:28"
3555,1,297,NORTH,1609.0,3,2025-09-16,"2026-07-16 13:58:28"
3556,1,297,WEST,1572.0,4,2025-10-16,"2026-07-16 13:58:28"
3557,1,297,EAST,1411.0,5,2025-11-16,"2026-07-16 13:58:28"
3558,1,297,NORTH,1375.0,6,2025-12-16,"2026-07-16 13:58:28"
3559,1,297,MAIN,1360.0,7,2026-01-16,"2026-07-16 13:58:28"
3560,1,297,NORTH,1359.0,8,2026-02-16,"2026-07-16 13:58:28"
3561,1,297,MAIN,1582.0,9,2026-03-16,"2026-07-16 13:58:28"
3562,1,297,WEST,1431.0,10,2026-04-16,"2026-07-16 13:58:28"
3563,1,297,WEST,1543.0,11,2026-05-16,"2026-07-16 13:58:28"
3564,1,297,EAST,1678.0,12,2026-06-16,"2026-07-16 13:58:28"
3565,1,298,EAST,7935.0,1,2025-07-16,"2026-07-16 13:58:28"
3566,1,298,NORTH,7933.0,2,2025-08-16,"2026-07-16 13:58:28"
3567,1,298,NORTH,7962.0,3,2025-09-16,"2026-07-16 13:58:28"
3568,1,298,EAST,7827.0,4,2025-10-16,"2026-07-16 13:58:28"
3569,1,298,MAIN,7741.0,5,2025-11-16,"2026-07-16 13:58:28"
3570,1,298,EAST,7827.0,6,2025-12-16,"2026-07-16 13:58:28"
3571,1,298,EAST,7739.0,7,2026-01-16,"2026-07-16 13:58:28"
3572,1,298,NORTH,7739.0,8,2026-02-16,"2026-07-16 13:58:28"
3573,1,298,WEST,7828.0,9,2026-03-16,"2026-07-16 13:58:28"
3574,1,298,NORTH,8001.0,10,2026-04-16,"2026-07-16 13:58:28"
3575,1,298,MAIN,7823.0,11,2026-05-16,"2026-07-16 13:58:28"
3576,1,298,WEST,7892.0,12,2026-06-16,"2026-07-16 13:58:28"
3577,1,299,EAST,4803.0,1,2025-07-16,"2026-07-16 13:58:28"
3578,1,299,NORTH,4859.0,2,2025-08-16,"2026-07-16 13:58:28"
3579,1,299,NORTH,5033.0,3,2025-09-16,"2026-07-16 13:58:28"
3580,1,299,EAST,5094.0,4,2025-10-16,"2026-07-16 13:58:28"
3581,1,299,MAIN,5122.0,5,2025-11-16,"2026-07-16 13:58:28"
3582,1,299,MAIN,5012.0,6,2025-12-16,"2026-07-16 13:58:28"
3583,1,299,WEST,5133.0,7,2026-01-16,"2026-07-16 13:58:28"
3584,1,299,NORTH,5041.0,8,2026-02-16,"2026-07-16 13:58:28"
3585,1,299,MAIN,4975.0,9,2026-03-16,"2026-07-16 13:58:28"
3586,1,299,NORTH,5158.0,10,2026-04-16,"2026-07-16 13:58:28"
3587,1,299,WEST,4963.0,11,2026-05-16,"2026-07-16 13:58:28"
3588,1,299,MAIN,5133.0,12,2026-06-16,"2026-07-16 13:58:28"
3589,1,300,NORTH,8767.0,1,2025-07-16,"2026-07-16 13:58:28"
3590,1,300,WEST,8728.0,2,2025-08-16,"2026-07-16 13:58:28"
3591,1,300,EAST,8866.0,3,2025-09-16,"2026-07-16 13:58:28"
3592,1,300,NORTH,9033.0,4,2025-10-16,"2026-07-16 13:58:28"
3593,1,300,WEST,8776.0,5,2025-11-16,"2026-07-16 13:58:28"
3594,1,300,MAIN,8851.0,6,2025-12-16,"2026-07-16 13:58:28"
3595,1,300,EAST,8878.0,7,2026-01-16,"2026-07-16 13:58:28"
3596,1,300,WEST,8823.0,8,2026-02-16,"2026-07-16 13:58:28"
3597,1,300,MAIN,8660.0,9,2026-03-16,"2026-07-16 13:58:28"
3598,1,300,EAST,8708.0,10,2026-04-16,"2026-07-16 13:58:28"
3599,1,300,EAST,8912.0,11,2026-05-16,"2026-07-16 13:58:28"
3600,1,300,MAIN,8659.0,12,2026-06-16,"2026-07-16 13:58:28"
3601,1,301,MAIN,9267.0,1,2025-07-16,"2026-07-16 13:58:28"
3602,1,301,WEST,9153.0,2,2025-08-16,"2026-07-16 13:58:28"
3603,1,301,EAST,8981.0,3,2025-09-16,"2026-07-16 13:58:28"
3604,1,301,NORTH,9134.0,4,2025-10-16,"2026-07-16 13:58:28"
3605,1,301,EAST,9304.0,5,2025-11-16,"2026-07-16 13:58:28"
3606,1,301,WEST,9257.0,6,2025-12-16,"2026-07-16 13:58:28"
3607,1,301,EAST,9194.0,7,2026-01-16,"2026-07-16 13:58:28"
3608,1,301,WEST,9306.0,8,2026-02-16,"2026-07-16 13:58:28"
3609,1,301,WEST,9007.0,9,2026-03-16,"2026-07-16 13:58:28"
3610,1,301,MAIN,8976.0,10,2026-04-16,"2026-07-16 13:58:28"
3611,1,301,NORTH,9264.0,11,2026-05-16,"2026-07-16 13:58:28"
3612,1,301,EAST,9196.0,12,2026-06-16,"2026-07-16 13:58:28"
3613,1,302,EAST,3387.0,1,2025-07-16,"2026-07-16 13:58:28"
3614,1,302,NORTH,3508.0,2,2025-08-16,"2026-07-16 13:58:28"
3615,1,302,NORTH,3322.0,3,2025-09-16,"2026-07-16 13:58:28"
3616,1,302,MAIN,3618.0,4,2025-10-16,"2026-07-16 13:58:28"
3617,1,302,NORTH,3549.0,5,2025-11-16,"2026-07-16 13:58:28"
3618,1,302,EAST,3299.0,6,2025-12-16,"2026-07-16 13:58:28"
3619,1,302,MAIN,3338.0,7,2026-01-16,"2026-07-16 13:58:28"
3620,1,302,MAIN,3308.0,8,2026-02-16,"2026-07-16 13:58:28"
3621,1,302,WEST,3311.0,9,2026-03-16,"2026-07-16 13:58:28"
3622,1,302,WEST,3299.0,10,2026-04-16,"2026-07-16 13:58:28"
3623,1,302,EAST,3625.0,11,2026-05-16,"2026-07-16 13:58:28"
3624,1,302,EAST,3618.0,12,2026-06-16,"2026-07-16 13:58:28"
3625,1,303,NORTH,9257.0,1,2025-07-16,"2026-07-16 13:58:28"
3626,1,303,NORTH,9436.0,2,2025-08-16,"2026-07-16 13:58:28"
3627,1,303,NORTH,9099.0,3,2025-09-16,"2026-07-16 13:58:28"
3628,1,303,MAIN,9261.0,4,2025-10-16,"2026-07-16 13:58:28"
3629,1,303,WEST,9197.0,5,2025-11-16,"2026-07-16 13:58:28"
3630,1,303,NORTH,9442.0,6,2025-12-16,"2026-07-16 13:58:28"
3631,1,303,WEST,9111.0,7,2026-01-16,"2026-07-16 13:58:28"
3632,1,303,NORTH,9206.0,8,2026-02-16,"2026-07-16 13:58:28"
3633,1,303,NORTH,9210.0,9,2026-03-16,"2026-07-16 13:58:28"
3634,1,303,WEST,9251.0,10,2026-04-16,"2026-07-16 13:58:28"
3635,1,303,NORTH,9094.0,11,2026-05-16,"2026-07-16 13:58:28"
3636,1,303,NORTH,9156.0,12,2026-06-16,"2026-07-16 13:58:28"
3637,1,304,MAIN,608.0,1,2025-07-16,"2026-07-16 13:58:28"
3638,1,304,NORTH,551.0,2,2025-08-16,"2026-07-16 13:58:28"
3639,1,304,NORTH,513.0,3,2025-09-16,"2026-07-16 13:58:28"
3640,1,304,EAST,548.0,4,2025-10-16,"2026-07-16 13:58:28"
3641,1,304,WEST,699.0,5,2025-11-16,"2026-07-16 13:58:28"
3642,1,304,NORTH,765.0,6,2025-12-16,"2026-07-16 13:58:28"
3643,1,304,WEST,429.0,7,2026-01-16,"2026-07-16 13:58:28"
3644,1,304,WEST,696.0,8,2026-02-16,"2026-07-16 13:58:28"
3645,1,304,NORTH,529.0,9,2026-03-16,"2026-07-16 13:58:28"
3646,1,304,MAIN,585.0,10,2026-04-16,"2026-07-16 13:58:28"
3647,1,304,MAIN,473.0,11,2026-05-16,"2026-07-16 13:58:28"
3648,1,304,NORTH,376.0,12,2026-06-16,"2026-07-16 13:58:28"
3649,1,305,WEST,8629.0,1,2025-07-16,"2026-07-16 13:58:28"
3650,1,305,WEST,8581.0,2,2025-08-16,"2026-07-16 13:58:28"
3651,1,305,WEST,8726.0,3,2025-09-16,"2026-07-16 13:58:28"
3652,1,305,MAIN,8653.0,4,2025-10-16,"2026-07-16 13:58:28"
3653,1,305,WEST,8773.0,5,2025-11-16,"2026-07-16 13:58:28"
3654,1,305,MAIN,8707.0,6,2025-12-16,"2026-07-16 13:58:28"
3655,1,305,MAIN,8507.0,7,2026-01-16,"2026-07-16 13:58:28"
3656,1,305,WEST,8700.0,8,2026-02-16,"2026-07-16 13:58:28"
3657,1,305,EAST,8548.0,9,2026-03-16,"2026-07-16 13:58:28"
3658,1,305,EAST,8790.0,10,2026-04-16,"2026-07-16 13:58:28"
3659,1,305,MAIN,8730.0,11,2026-05-16,"2026-07-16 13:58:28"
3660,1,305,WEST,8469.0,12,2026-06-16,"2026-07-16 13:58:28"
3661,1,306,MAIN,1198.0,1,2025-07-16,"2026-07-16 13:58:28"
3662,1,306,WEST,1204.0,2,2025-08-16,"2026-07-16 13:58:28"
3663,1,306,WEST,1229.0,3,2025-09-16,"2026-07-16 13:58:28"
3664,1,306,WEST,975.0,4,2025-10-16,"2026-07-16 13:58:28"
3665,1,306,NORTH,1286.0,5,2025-11-16,"2026-07-16 13:58:28"
3666,1,306,MAIN,1060.0,6,2025-12-16,"2026-07-16 13:58:28"
3667,1,306,MAIN,1270.0,7,2026-01-16,"2026-07-16 13:58:28"
3668,1,306,EAST,943.0,8,2026-02-16,"2026-07-16 13:58:28"
3669,1,306,MAIN,1280.0,9,2026-03-16,"2026-07-16 13:58:28"
3670,1,306,MAIN,969.0,10,2026-04-16,"2026-07-16 13:58:28"
3671,1,306,MAIN,1140.0,11,2026-05-16,"2026-07-16 13:58:28"
3672,1,306,NORTH,1268.0,12,2026-06-16,"2026-07-16 13:58:28"
3673,1,307,WEST,6877.0,1,2025-07-16,"2026-07-16 13:58:28"
3674,1,307,EAST,6537.0,2,2025-08-16,"2026-07-16 13:58:28"
3675,1,307,EAST,6533.0,3,2025-09-16,"2026-07-16 13:58:28"
3676,1,307,NORTH,6687.0,4,2025-10-16,"2026-07-16 13:58:28"
3677,1,307,MAIN,6689.0,5,2025-11-16,"2026-07-16 13:58:28"
3678,1,307,NORTH,6769.0,6,2025-12-16,"2026-07-16 13:58:28"
3679,1,307,MAIN,6676.0,7,2026-01-16,"2026-07-16 13:58:28"
3680,1,307,WEST,6902.0,8,2026-02-16,"2026-07-16 13:58:28"
3681,1,307,EAST,6669.0,9,2026-03-16,"2026-07-16 13:58:28"
3682,1,307,EAST,6604.0,10,2026-04-16,"2026-07-16 13:58:28"
3683,1,307,EAST,6731.0,11,2026-05-16,"2026-07-16 13:58:28"
3684,1,307,NORTH,6642.0,12,2026-06-16,"2026-07-16 13:58:28"
3685,1,308,MAIN,627.0,1,2025-07-16,"2026-07-16 13:58:28"
3686,1,308,WEST,277.0,2,2025-08-16,"2026-07-16 13:58:28"
3687,1,308,WEST,478.0,3,2025-09-16,"2026-07-16 13:58:28"
3688,1,308,NORTH,310.0,4,2025-10-16,"2026-07-16 13:58:28"
3689,1,308,NORTH,269.0,5,2025-11-16,"2026-07-16 13:58:28"
3690,1,308,MAIN,604.0,6,2025-12-16,"2026-07-16 13:58:28"
3691,1,308,NORTH,391.0,7,2026-01-16,"2026-07-16 13:58:28"
3692,1,308,NORTH,449.0,8,2026-02-16,"2026-07-16 13:58:28"
3693,1,308,EAST,355.0,9,2026-03-16,"2026-07-16 13:58:28"
3694,1,308,EAST,625.0,10,2026-04-16,"2026-07-16 13:58:28"
3695,1,308,WEST,442.0,11,2026-05-16,"2026-07-16 13:58:28"
3696,1,308,MAIN,291.0,12,2026-06-16,"2026-07-16 13:58:28"
3697,1,309,NORTH,4302.0,1,2025-07-16,"2026-07-16 13:58:28"
3698,1,309,EAST,4496.0,2,2025-08-16,"2026-07-16 13:58:28"
3699,1,309,EAST,4284.0,3,2025-09-16,"2026-07-16 13:58:28"
3700,1,309,MAIN,4388.0,4,2025-10-16,"2026-07-16 13:58:28"
3701,1,309,MAIN,4361.0,5,2025-11-16,"2026-07-16 13:58:28"
3702,1,309,EAST,4348.0,6,2025-12-16,"2026-07-16 13:58:28"
3703,1,309,NORTH,4284.0,7,2026-01-16,"2026-07-16 13:58:28"
3704,1,309,WEST,4444.0,8,2026-02-16,"2026-07-16 13:58:28"
3705,1,309,EAST,4622.0,9,2026-03-16,"2026-07-16 13:58:28"
3706,1,309,MAIN,4334.0,10,2026-04-16,"2026-07-16 13:58:28"
3707,1,309,MAIN,4435.0,11,2026-05-16,"2026-07-16 13:58:28"
3708,1,309,WEST,4408.0,12,2026-06-16,"2026-07-16 13:58:28"
3709,1,310,MAIN,4466.0,1,2025-07-16,"2026-07-16 13:58:28"
3710,1,310,EAST,4508.0,2,2025-08-16,"2026-07-16 13:58:28"
3711,1,310,EAST,4581.0,3,2025-09-16,"2026-07-16 13:58:28"
3712,1,310,NORTH,4728.0,4,2025-10-16,"2026-07-16 13:58:28"
3713,1,310,EAST,4424.0,5,2025-11-16,"2026-07-16 13:58:28"
3714,1,310,EAST,4657.0,6,2025-12-16,"2026-07-16 13:58:28"
3715,1,310,NORTH,4555.0,7,2026-01-16,"2026-07-16 13:58:28"
3716,1,310,EAST,4535.0,8,2026-02-16,"2026-07-16 13:58:28"
3717,1,310,NORTH,4732.0,9,2026-03-16,"2026-07-16 13:58:28"
3718,1,310,MAIN,4655.0,10,2026-04-16,"2026-07-16 13:58:28"
3719,1,310,MAIN,4569.0,11,2026-05-16,"2026-07-16 13:58:28"
3720,1,310,EAST,4577.0,12,2026-06-16,"2026-07-16 13:58:28"
3721,1,311,MAIN,9352.0,1,2025-07-16,"2026-07-16 13:58:28"
3722,1,311,MAIN,9489.0,2,2025-08-16,"2026-07-16 13:58:28"
3723,1,311,MAIN,9533.0,3,2025-09-16,"2026-07-16 13:58:28"
3724,1,311,NORTH,9303.0,4,2025-10-16,"2026-07-16 13:58:28"
3725,1,311,NORTH,9548.0,5,2025-11-16,"2026-07-16 13:58:28"
3726,1,311,NORTH,9323.0,6,2025-12-16,"2026-07-16 13:58:28"
3727,1,311,WEST,9435.0,7,2026-01-16,"2026-07-16 13:58:28"
3728,1,311,EAST,9456.0,8,2026-02-16,"2026-07-16 13:58:28"
3729,1,311,NORTH,9373.0,9,2026-03-16,"2026-07-16 13:58:28"
3730,1,311,NORTH,9376.0,10,2026-04-16,"2026-07-16 13:58:28"
3731,1,311,EAST,9187.0,11,2026-05-16,"2026-07-16 13:58:28"
3732,1,311,NORTH,9362.0,12,2026-06-16,"2026-07-16 13:58:28"
3733,1,312,MAIN,6527.0,1,2025-07-16,"2026-07-16 13:58:28"
3734,1,312,WEST,6578.0,2,2025-08-16,"2026-07-16 13:58:28"
3735,1,312,MAIN,6663.0,3,2025-09-16,"2026-07-16 13:58:28"
3736,1,312,MAIN,6484.0,4,2025-10-16,"2026-07-16 13:58:28"
3737,1,312,MAIN,6517.0,5,2025-11-16,"2026-07-16 13:58:28"
3738,1,312,MAIN,6406.0,6,2025-12-16,"2026-07-16 13:58:28"
3739,1,312,EAST,6622.0,7,2026-01-16,"2026-07-16 13:58:28"
3740,1,312,EAST,6396.0,8,2026-02-16,"2026-07-16 13:58:28"
3741,1,312,WEST,6516.0,9,2026-03-16,"2026-07-16 13:58:28"
3742,1,312,MAIN,6321.0,10,2026-04-16,"2026-07-16 13:58:28"
3743,1,312,EAST,6488.0,11,2026-05-16,"2026-07-16 13:58:28"
3744,1,312,MAIN,6403.0,12,2026-06-16,"2026-07-16 13:58:28"
3745,1,313,MAIN,8091.0,1,2025-07-16,"2026-07-16 13:58:28"
3746,1,313,WEST,8095.0,2,2025-08-16,"2026-07-16 13:58:28"
3747,1,313,MAIN,8430.0,3,2025-09-16,"2026-07-16 13:58:28"
3748,1,313,MAIN,8337.0,4,2025-10-16,"2026-07-16 13:58:28"
3749,1,313,EAST,8247.0,5,2025-11-16,"2026-07-16 13:58:28"
3750,1,313,WEST,8105.0,6,2025-12-16,"2026-07-16 13:58:28"
3751,1,313,MAIN,8219.0,7,2026-01-16,"2026-07-16 13:58:28"
3752,1,313,NORTH,8334.0,8,2026-02-16,"2026-07-16 13:58:28"
3753,1,313,MAIN,8465.0,9,2026-03-16,"2026-07-16 13:58:28"
3754,1,313,EAST,8330.0,10,2026-04-16,"2026-07-16 13:58:28"
3755,1,313,WEST,8159.0,11,2026-05-16,"2026-07-16 13:58:28"
3756,1,313,EAST,8348.0,12,2026-06-16,"2026-07-16 13:58:28"
3757,1,314,NORTH,3454.0,1,2025-07-16,"2026-07-16 13:58:28"
3758,1,314,WEST,3425.0,2,2025-08-16,"2026-07-16 13:58:28"
3759,1,314,EAST,3318.0,3,2025-09-16,"2026-07-16 13:58:28"
3760,1,314,WEST,3570.0,4,2025-10-16,"2026-07-16 13:58:28"
3761,1,314,NORTH,3541.0,5,2025-11-16,"2026-07-16 13:58:28"
3762,1,314,EAST,3264.0,6,2025-12-16,"2026-07-16 13:58:28"
3763,1,314,WEST,3413.0,7,2026-01-16,"2026-07-16 13:58:28"
3764,1,314,WEST,3287.0,8,2026-02-16,"2026-07-16 13:58:28"
3765,1,314,EAST,3292.0,9,2026-03-16,"2026-07-16 13:58:28"
3766,1,314,MAIN,3604.0,10,2026-04-16,"2026-07-16 13:58:28"
3767,1,314,MAIN,3547.0,11,2026-05-16,"2026-07-16 13:58:28"
3768,1,314,EAST,3441.0,12,2026-06-16,"2026-07-16 13:58:28"
3769,1,315,MAIN,1308.0,1,2025-07-16,"2026-07-16 13:58:28"
3770,1,315,WEST,1357.0,2,2025-08-16,"2026-07-16 13:58:28"
3771,1,315,EAST,1361.0,3,2025-09-16,"2026-07-16 13:58:28"
3772,1,315,WEST,1302.0,4,2025-10-16,"2026-07-16 13:58:28"
3773,1,315,EAST,1220.0,5,2025-11-16,"2026-07-16 13:58:28"
3774,1,315,MAIN,1153.0,6,2025-12-16,"2026-07-16 13:58:28"
3775,1,315,MAIN,1231.0,7,2026-01-16,"2026-07-16 13:58:28"
3776,1,315,MAIN,1151.0,8,2026-02-16,"2026-07-16 13:58:28"
3777,1,315,WEST,1122.0,9,2026-03-16,"2026-07-16 13:58:28"
3778,1,315,WEST,1193.0,10,2026-04-16,"2026-07-16 13:58:28"
3779,1,315,WEST,1332.0,11,2026-05-16,"2026-07-16 13:58:28"
3780,1,315,WEST,1313.0,12,2026-06-16,"2026-07-16 13:58:28"
3781,1,316,EAST,8591.0,1,2025-07-16,"2026-07-16 13:58:28"
3782,1,316,MAIN,8868.0,2,2025-08-16,"2026-07-16 13:58:28"
3783,1,316,EAST,8790.0,3,2025-09-16,"2026-07-16 13:58:28"
3784,1,316,MAIN,8722.0,4,2025-10-16,"2026-07-16 13:58:28"
3785,1,316,WEST,8799.0,5,2025-11-16,"2026-07-16 13:58:28"
3786,1,316,MAIN,8614.0,6,2025-12-16,"2026-07-16 13:58:28"
3787,1,316,MAIN,8590.0,7,2026-01-16,"2026-07-16 13:58:28"
3788,1,316,WEST,8783.0,8,2026-02-16,"2026-07-16 13:58:28"
3789,1,316,MAIN,8824.0,9,2026-03-16,"2026-07-16 13:58:28"
3790,1,316,MAIN,8678.0,10,2026-04-16,"2026-07-16 13:58:28"
3791,1,316,NORTH,8723.0,11,2026-05-16,"2026-07-16 13:58:28"
3792,1,316,NORTH,8612.0,12,2026-06-16,"2026-07-16 13:58:28"
3793,1,317,WEST,9200.0,1,2025-07-16,"2026-07-16 13:58:28"
3794,1,317,NORTH,9023.0,2,2025-08-16,"2026-07-16 13:58:28"
3795,1,317,NORTH,9134.0,3,2025-09-16,"2026-07-16 13:58:28"
3796,1,317,MAIN,9157.0,4,2025-10-16,"2026-07-16 13:58:28"
3797,1,317,WEST,9180.0,5,2025-11-16,"2026-07-16 13:58:28"
3798,1,317,WEST,9280.0,6,2025-12-16,"2026-07-16 13:58:28"
3799,1,317,WEST,9142.0,7,2026-01-16,"2026-07-16 13:58:28"
3800,1,317,WEST,9302.0,8,2026-02-16,"2026-07-16 13:58:28"
3801,1,317,WEST,8958.0,9,2026-03-16,"2026-07-16 13:58:28"
3802,1,317,NORTH,9118.0,10,2026-04-16,"2026-07-16 13:58:28"
3803,1,317,NORTH,8921.0,11,2026-05-16,"2026-07-16 13:58:28"
3804,1,317,WEST,9097.0,12,2026-06-16,"2026-07-16 13:58:28"
3805,1,318,EAST,320.0,1,2025-07-16,"2026-07-16 13:58:28"
3806,1,318,WEST,48.0,2,2025-08-16,"2026-07-16 13:58:28"
3807,1,318,EAST,152.0,3,2025-09-16,"2026-07-16 13:58:28"
3808,1,318,NORTH,59.0,4,2025-10-16,"2026-07-16 13:58:28"
3809,1,318,NORTH,60.0,5,2025-11-16,"2026-07-16 13:58:28"
3810,1,318,MAIN,282.0,6,2025-12-16,"2026-07-16 13:58:28"
3811,1,318,MAIN,65.0,7,2026-01-16,"2026-07-16 13:58:28"
3812,1,318,WEST,267.0,8,2026-02-16,"2026-07-16 13:58:28"
3813,1,318,EAST,11.0,9,2026-03-16,"2026-07-16 13:58:28"
3814,1,318,WEST,198.0,10,2026-04-16,"2026-07-16 13:58:28"
3815,1,318,MAIN,317.0,11,2026-05-16,"2026-07-16 13:58:28"
3816,1,318,EAST,151.0,12,2026-06-16,"2026-07-16 13:58:28"
3817,1,319,MAIN,3131.0,1,2025-07-16,"2026-07-16 13:58:28"
3818,1,319,NORTH,3259.0,2,2025-08-16,"2026-07-16 13:58:28"
3819,1,319,NORTH,3368.0,3,2025-09-16,"2026-07-16 13:58:28"
3820,1,319,WEST,3054.0,4,2025-10-16,"2026-07-16 13:58:28"
3821,1,319,WEST,3342.0,5,2025-11-16,"2026-07-16 13:58:28"
3822,1,319,EAST,3245.0,6,2025-12-16,"2026-07-16 13:58:28"
3823,1,319,MAIN,3254.0,7,2026-01-16,"2026-07-16 13:58:28"
3824,1,319,WEST,3137.0,8,2026-02-16,"2026-07-16 13:58:28"
3825,1,319,EAST,3316.0,9,2026-03-16,"2026-07-16 13:58:28"
3826,1,319,MAIN,3362.0,10,2026-04-16,"2026-07-16 13:58:28"
3827,1,319,NORTH,3254.0,11,2026-05-16,"2026-07-16 13:58:28"
3828,1,319,NORTH,3290.0,12,2026-06-16,"2026-07-16 13:58:28"
3829,1,320,WEST,4759.0,1,2025-07-16,"2026-07-16 13:58:28"
3830,1,320,MAIN,4748.0,2,2025-08-16,"2026-07-16 13:58:28"
3831,1,320,NORTH,4438.0,3,2025-09-16,"2026-07-16 13:58:28"
3832,1,320,NORTH,4756.0,4,2025-10-16,"2026-07-16 13:58:28"
3833,1,320,MAIN,4465.0,5,2025-11-16,"2026-07-16 13:58:28"
3834,1,320,WEST,4436.0,6,2025-12-16,"2026-07-16 13:58:28"
3835,1,320,EAST,4432.0,7,2026-01-16,"2026-07-16 13:58:28"
3836,1,320,WEST,4406.0,8,2026-02-16,"2026-07-16 13:58:28"
3837,1,320,EAST,4571.0,9,2026-03-16,"2026-07-16 13:58:28"
3838,1,320,MAIN,4522.0,10,2026-04-16,"2026-07-16 13:58:28"
3839,1,320,WEST,4419.0,11,2026-05-16,"2026-07-16 13:58:28"
3840,1,320,EAST,4453.0,12,2026-06-16,"2026-07-16 13:58:28"
3841,1,321,WEST,8994.0,1,2025-07-16,"2026-07-16 13:58:28"
3842,1,321,MAIN,9182.0,2,2025-08-16,"2026-07-16 13:58:28"
3843,1,321,EAST,9230.0,3,2025-09-16,"2026-07-16 13:58:28"
3844,1,321,NORTH,9120.0,4,2025-10-16,"2026-07-16 13:58:28"
3845,1,321,NORTH,9096.0,5,2025-11-16,"2026-07-16 13:58:28"
3846,1,321,MAIN,9031.0,6,2025-12-16,"2026-07-16 13:58:28"
3847,1,321,WEST,9189.0,7,2026-01-16,"2026-07-16 13:58:28"
3848,1,321,WEST,9284.0,8,2026-02-16,"2026-07-16 13:58:28"
3849,1,321,EAST,9146.0,9,2026-03-16,"2026-07-16 13:58:28"
3850,1,321,MAIN,8951.0,10,2026-04-16,"2026-07-16 13:58:28"
3851,1,321,WEST,8966.0,11,2026-05-16,"2026-07-16 13:58:28"
3852,1,321,NORTH,9334.0,12,2026-06-16,"2026-07-16 13:58:28"
3853,1,322,EAST,4877.0,1,2025-07-16,"2026-07-16 13:58:28"
3854,1,322,WEST,4962.0,2,2025-08-16,"2026-07-16 13:58:28"
3855,1,322,EAST,4976.0,3,2025-09-16,"2026-07-16 13:58:28"
3856,1,322,WEST,4984.0,4,2025-10-16,"2026-07-16 13:58:28"
3857,1,322,NORTH,4871.0,5,2025-11-16,"2026-07-16 13:58:28"
3858,1,322,EAST,4871.0,6,2025-12-16,"2026-07-16 13:58:28"
3859,1,322,EAST,5149.0,7,2026-01-16,"2026-07-16 13:58:28"
3860,1,322,WEST,5147.0,8,2026-02-16,"2026-07-16 13:58:28"
3861,1,322,WEST,5155.0,9,2026-03-16,"2026-07-16 13:58:28"
3862,1,322,NORTH,4998.0,10,2026-04-16,"2026-07-16 13:58:28"
3863,1,322,NORTH,5036.0,11,2026-05-16,"2026-07-16 13:58:28"
3864,1,322,EAST,5133.0,12,2026-06-16,"2026-07-16 13:58:28"
3865,1,323,MAIN,5584.0,1,2025-07-16,"2026-07-16 13:58:28"
3866,1,323,MAIN,5414.0,2,2025-08-16,"2026-07-16 13:58:28"
3867,1,323,WEST,5699.0,3,2025-09-16,"2026-07-16 13:58:28"
3868,1,323,NORTH,5649.0,4,2025-10-16,"2026-07-16 13:58:28"
3869,1,323,WEST,5602.0,5,2025-11-16,"2026-07-16 13:58:28"
3870,1,323,MAIN,5740.0,6,2025-12-16,"2026-07-16 13:58:28"
3871,1,323,MAIN,5452.0,7,2026-01-16,"2026-07-16 13:58:28"
3872,1,323,NORTH,5578.0,8,2026-02-16,"2026-07-16 13:58:28"
3873,1,323,WEST,5590.0,9,2026-03-16,"2026-07-16 13:58:28"
3874,1,323,NORTH,5638.0,10,2026-04-16,"2026-07-16 13:58:28"
3875,1,323,WEST,5493.0,11,2026-05-16,"2026-07-16 13:58:28"
3876,1,323,MAIN,5732.0,12,2026-06-16,"2026-07-16 13:58:28"
3877,1,324,NORTH,4987.0,1,2025-07-16,"2026-07-16 13:58:28"
3878,1,324,NORTH,5112.0,2,2025-08-16,"2026-07-16 13:58:28"
3879,1,324,EAST,5277.0,3,2025-09-16,"2026-07-16 13:58:28"
3880,1,324,NORTH,5158.0,4,2025-10-16,"2026-07-16 13:58:28"
3881,1,324,NORTH,4903.0,5,2025-11-16,"2026-07-16 13:58:28"
3882,1,324,EAST,4991.0,6,2025-12-16,"2026-07-16 13:58:28"
3883,1,324,EAST,5085.0,7,2026-01-16,"2026-07-16 13:58:28"
3884,1,324,EAST,5075.0,8,2026-02-16,"2026-07-16 13:58:28"
3885,1,324,MAIN,5091.0,9,2026-03-16,"2026-07-16 13:58:28"
3886,1,324,NORTH,5231.0,10,2026-04-16,"2026-07-16 13:58:28"
3887,1,324,WEST,5107.0,11,2026-05-16,"2026-07-16 13:58:28"
3888,1,324,NORTH,5164.0,12,2026-06-16,"2026-07-16 13:58:28"
3889,1,325,EAST,9925.0,1,2025-07-16,"2026-07-16 13:58:28"
3890,1,325,WEST,9574.0,2,2025-08-16,"2026-07-16 13:58:28"
3891,1,325,NORTH,9633.0,3,2025-09-16,"2026-07-16 13:58:28"
3892,1,325,NORTH,9630.0,4,2025-10-16,"2026-07-16 13:58:28"
3893,1,325,WEST,9791.0,5,2025-11-16,"2026-07-16 13:58:28"
3894,1,325,MAIN,9787.0,6,2025-12-16,"2026-07-16 13:58:28"
3895,1,325,WEST,9867.0,7,2026-01-16,"2026-07-16 13:58:28"
3896,1,325,EAST,9667.0,8,2026-02-16,"2026-07-16 13:58:28"
3897,1,325,MAIN,9644.0,9,2026-03-16,"2026-07-16 13:58:28"
3898,1,325,EAST,9627.0,10,2026-04-16,"2026-07-16 13:58:28"
3899,1,325,MAIN,9775.0,11,2026-05-16,"2026-07-16 13:58:28"
3900,1,325,MAIN,9644.0,12,2026-06-16,"2026-07-16 13:58:28"
3901,1,326,WEST,3796.0,1,2025-07-16,"2026-07-16 13:58:28"
3902,1,326,EAST,3495.0,2,2025-08-16,"2026-07-16 13:58:28"
3903,1,326,WEST,3850.0,3,2025-09-16,"2026-07-16 13:58:28"
3904,1,326,WEST,3555.0,4,2025-10-16,"2026-07-16 13:58:28"
3905,1,326,MAIN,3476.0,5,2025-11-16,"2026-07-16 13:58:28"
3906,1,326,WEST,3861.0,6,2025-12-16,"2026-07-16 13:58:28"
3907,1,326,NORTH,3529.0,7,2026-01-16,"2026-07-16 13:58:28"
3908,1,326,MAIN,3858.0,8,2026-02-16,"2026-07-16 13:58:28"
3909,1,326,NORTH,3612.0,9,2026-03-16,"2026-07-16 13:58:28"
3910,1,326,NORTH,3737.0,10,2026-04-16,"2026-07-16 13:58:28"
3911,1,326,WEST,3563.0,11,2026-05-16,"2026-07-16 13:58:28"
3912,1,326,WEST,3699.0,12,2026-06-16,"2026-07-16 13:58:28"
3913,1,327,EAST,5790.0,1,2025-07-16,"2026-07-16 13:58:28"
3914,1,327,WEST,5865.0,2,2025-08-16,"2026-07-16 13:58:28"
3915,1,327,NORTH,5829.0,3,2025-09-16,"2026-07-16 13:58:28"
3916,1,327,NORTH,5696.0,4,2025-10-16,"2026-07-16 13:58:28"
3917,1,327,EAST,5812.0,5,2025-11-16,"2026-07-16 13:58:28"
3918,1,327,MAIN,5802.0,6,2025-12-16,"2026-07-16 13:58:28"
3919,1,327,WEST,5879.0,7,2026-01-16,"2026-07-16 13:58:28"
3920,1,327,EAST,6047.0,8,2026-02-16,"2026-07-16 13:58:28"
3921,1,327,NORTH,5863.0,9,2026-03-16,"2026-07-16 13:58:28"
3922,1,327,EAST,5912.0,10,2026-04-16,"2026-07-16 13:58:28"
3923,1,327,MAIN,5939.0,11,2026-05-16,"2026-07-16 13:58:28"
3924,1,327,MAIN,5820.0,12,2026-06-16,"2026-07-16 13:58:28"
3925,1,328,MAIN,2342.0,1,2025-07-16,"2026-07-16 13:58:28"
3926,1,328,EAST,2486.0,2,2025-08-16,"2026-07-16 13:58:28"
3927,1,328,MAIN,2304.0,3,2025-09-16,"2026-07-16 13:58:28"
3928,1,328,WEST,2629.0,4,2025-10-16,"2026-07-16 13:58:28"
3929,1,328,WEST,2573.0,5,2025-11-16,"2026-07-16 13:58:28"
3930,1,328,WEST,2353.0,6,2025-12-16,"2026-07-16 13:58:28"
3931,1,328,WEST,2284.0,7,2026-01-16,"2026-07-16 13:58:28"
3932,1,328,NORTH,2315.0,8,2026-02-16,"2026-07-16 13:58:28"
3933,1,328,NORTH,2556.0,9,2026-03-16,"2026-07-16 13:58:28"
3934,1,328,WEST,2421.0,10,2026-04-16,"2026-07-16 13:58:28"
3935,1,328,NORTH,2615.0,11,2026-05-16,"2026-07-16 13:58:28"
3936,1,328,WEST,2343.0,12,2026-06-16,"2026-07-16 13:58:28"
3937,1,329,NORTH,4875.0,1,2025-07-16,"2026-07-16 13:58:28"
3938,1,329,MAIN,4962.0,2,2025-08-16,"2026-07-16 13:58:28"
3939,1,329,MAIN,4937.0,3,2025-09-16,"2026-07-16 13:58:28"
3940,1,329,EAST,4586.0,4,2025-10-16,"2026-07-16 13:58:28"
3941,1,329,MAIN,4718.0,5,2025-11-16,"2026-07-16 13:58:28"
3942,1,329,EAST,4841.0,6,2025-12-16,"2026-07-16 13:58:28"
3943,1,329,MAIN,4766.0,7,2026-01-16,"2026-07-16 13:58:28"
3944,1,329,EAST,4685.0,8,2026-02-16,"2026-07-16 13:58:28"
3945,1,329,WEST,4824.0,9,2026-03-16,"2026-07-16 13:58:28"
3946,1,329,WEST,4572.0,10,2026-04-16,"2026-07-16 13:58:28"
3947,1,329,EAST,4834.0,11,2026-05-16,"2026-07-16 13:58:28"
3948,1,329,EAST,4637.0,12,2026-06-16,"2026-07-16 13:58:28"
3949,1,330,EAST,4255.0,1,2025-07-16,"2026-07-16 13:58:28"
3950,1,330,WEST,4271.0,2,2025-08-16,"2026-07-16 13:58:28"
3951,1,330,EAST,4023.0,3,2025-09-16,"2026-07-16 13:58:28"
3952,1,330,NORTH,4281.0,4,2025-10-16,"2026-07-16 13:58:28"
3953,1,330,EAST,4244.0,5,2025-11-16,"2026-07-16 13:58:28"
3954,1,330,NORTH,3968.0,6,2025-12-16,"2026-07-16 13:58:28"
3955,1,330,NORTH,4002.0,7,2026-01-16,"2026-07-16 13:58:28"
3956,1,330,MAIN,4070.0,8,2026-02-16,"2026-07-16 13:58:28"
3957,1,330,WEST,4078.0,9,2026-03-16,"2026-07-16 13:58:28"
3958,1,330,EAST,4064.0,10,2026-04-16,"2026-07-16 13:58:28"
3959,1,330,EAST,4061.0,11,2026-05-16,"2026-07-16 13:58:28"
3960,1,330,MAIN,4114.0,12,2026-06-16,"2026-07-16 13:58:28"
3961,1,331,MAIN,2491.0,1,2025-07-16,"2026-07-16 13:58:28"
3962,1,331,MAIN,2470.0,2,2025-08-16,"2026-07-16 13:58:28"
3963,1,331,EAST,2710.0,3,2025-09-16,"2026-07-16 13:58:28"
3964,1,331,WEST,2685.0,4,2025-10-16,"2026-07-16 13:58:28"
3965,1,331,NORTH,2714.0,5,2025-11-16,"2026-07-16 13:58:28"
3966,1,331,MAIN,2745.0,6,2025-12-16,"2026-07-16 13:58:28"
3967,1,331,MAIN,2653.0,7,2026-01-16,"2026-07-16 13:58:28"
3968,1,331,WEST,2706.0,8,2026-02-16,"2026-07-16 13:58:28"
3969,1,331,WEST,2641.0,9,2026-03-16,"2026-07-16 13:58:28"
3970,1,331,MAIN,2731.0,10,2026-04-16,"2026-07-16 13:58:28"
3971,1,331,EAST,2559.0,11,2026-05-16,"2026-07-16 13:58:28"
3972,1,331,WEST,2722.0,12,2026-06-16,"2026-07-16 13:58:28"
3973,1,332,WEST,4799.0,1,2025-07-16,"2026-07-16 13:58:28"
3974,1,332,NORTH,5015.0,2,2025-08-16,"2026-07-16 13:58:28"
3975,1,332,WEST,5115.0,3,2025-09-16,"2026-07-16 13:58:28"
3976,1,332,NORTH,5019.0,4,2025-10-16,"2026-07-16 13:58:28"
3977,1,332,MAIN,4859.0,5,2025-11-16,"2026-07-16 13:58:28"
3978,1,332,NORTH,4832.0,6,2025-12-16,"2026-07-16 13:58:28"
3979,1,332,MAIN,5050.0,7,2026-01-16,"2026-07-16 13:58:28"
3980,1,332,EAST,4732.0,8,2026-02-16,"2026-07-16 13:58:28"
3981,1,332,EAST,4901.0,9,2026-03-16,"2026-07-16 13:58:28"
3982,1,332,WEST,5082.0,10,2026-04-16,"2026-07-16 13:58:28"
3983,1,332,NORTH,4780.0,11,2026-05-16,"2026-07-16 13:58:28"
3984,1,332,WEST,4998.0,12,2026-06-16,"2026-07-16 13:58:28"
3985,1,333,WEST,7991.0,1,2025-07-16,"2026-07-16 13:58:28"
3986,1,333,MAIN,7955.0,2,2025-08-16,"2026-07-16 13:58:28"
3987,1,333,NORTH,8001.0,3,2025-09-16,"2026-07-16 13:58:28"
3988,1,333,WEST,7782.0,4,2025-10-16,"2026-07-16 13:58:28"
3989,1,333,WEST,7895.0,5,2025-11-16,"2026-07-16 13:58:28"
3990,1,333,MAIN,7933.0,6,2025-12-16,"2026-07-16 13:58:28"
3991,1,333,NORTH,7893.0,7,2026-01-16,"2026-07-16 13:58:28"
3992,1,333,MAIN,7811.0,8,2026-02-16,"2026-07-16 13:58:28"
3993,1,333,EAST,7774.0,9,2026-03-16,"2026-07-16 13:58:28"
3994,1,333,WEST,8059.0,10,2026-04-16,"2026-07-16 13:58:28"
3995,1,333,NORTH,8045.0,11,2026-05-16,"2026-07-16 13:58:28"
3996,1,333,NORTH,7883.0,12,2026-06-16,"2026-07-16 13:58:28"
3997,1,334,NORTH,6175.0,1,2025-07-16,"2026-07-16 13:58:28"
3998,1,334,NORTH,6557.0,2,2025-08-16,"2026-07-16 13:58:28"
3999,1,334,EAST,6316.0,3,2025-09-16,"2026-07-16 13:58:28"
4000,1,334,MAIN,6185.0,4,2025-10-16,"2026-07-16 13:58:28"
4001,1,334,MAIN,6252.0,5,2025-11-16,"2026-07-16 13:58:28"
4002,1,334,MAIN,6568.0,6,2025-12-16,"2026-07-16 13:58:28"
4003,1,334,WEST,6488.0,7,2026-01-16,"2026-07-16 13:58:28"
4004,1,334,NORTH,6231.0,8,2026-02-16,"2026-07-16 13:58:28"
4005,1,334,EAST,6214.0,9,2026-03-16,"2026-07-16 13:58:28"
4006,1,334,EAST,6351.0,10,2026-04-16,"2026-07-16 13:58:28"
4007,1,334,NORTH,6341.0,11,2026-05-16,"2026-07-16 13:58:28"
4008,1,334,WEST,6417.0,12,2026-06-16,"2026-07-16 13:58:28"
4009,1,335,EAST,3987.0,1,2025-07-16,"2026-07-16 13:58:28"
4010,1,335,MAIN,3919.0,2,2025-08-16,"2026-07-16 13:58:28"
4011,1,335,NORTH,3976.0,3,2025-09-16,"2026-07-16 13:58:28"
4012,1,335,NORTH,3693.0,4,2025-10-16,"2026-07-16 13:58:28"
4013,1,335,NORTH,3796.0,5,2025-11-16,"2026-07-16 13:58:28"
4014,1,335,EAST,3649.0,6,2025-12-16,"2026-07-16 13:58:28"
4015,1,335,MAIN,3900.0,7,2026-01-16,"2026-07-16 13:58:28"
4016,1,335,WEST,3734.0,8,2026-02-16,"2026-07-16 13:58:28"
4017,1,335,EAST,4010.0,9,2026-03-16,"2026-07-16 13:58:28"
4018,1,335,EAST,3901.0,10,2026-04-16,"2026-07-16 13:58:28"
4019,1,335,EAST,3688.0,11,2026-05-16,"2026-07-16 13:58:28"
4020,1,335,NORTH,3960.0,12,2026-06-16,"2026-07-16 13:58:28"
4021,1,336,WEST,5618.0,1,2025-07-16,"2026-07-16 13:58:28"
4022,1,336,EAST,5319.0,2,2025-08-16,"2026-07-16 13:58:28"
4023,1,336,MAIN,5375.0,3,2025-09-16,"2026-07-16 13:58:28"
4024,1,336,EAST,5399.0,4,2025-10-16,"2026-07-16 13:58:28"
4025,1,336,EAST,5536.0,5,2025-11-16,"2026-07-16 13:58:28"
4026,1,336,EAST,5655.0,6,2025-12-16,"2026-07-16 13:58:28"
4027,1,336,EAST,5685.0,7,2026-01-16,"2026-07-16 13:58:28"
4028,1,336,NORTH,5380.0,8,2026-02-16,"2026-07-16 13:58:28"
4029,1,336,EAST,5364.0,9,2026-03-16,"2026-07-16 13:58:28"
4030,1,336,MAIN,5571.0,10,2026-04-16,"2026-07-16 13:58:28"
4031,1,336,EAST,5564.0,11,2026-05-16,"2026-07-16 13:58:28"
4032,1,336,MAIN,5315.0,12,2026-06-16,"2026-07-16 13:58:28"
4033,1,337,WEST,7552.0,1,2025-07-16,"2026-07-16 13:58:28"
4034,1,337,MAIN,7737.0,2,2025-08-16,"2026-07-16 13:58:28"
4035,1,337,EAST,7459.0,3,2025-09-16,"2026-07-16 13:58:28"
4036,1,337,NORTH,7621.0,4,2025-10-16,"2026-07-16 13:58:28"
4037,1,337,MAIN,7584.0,5,2025-11-16,"2026-07-16 13:58:28"
4038,1,337,MAIN,7515.0,6,2025-12-16,"2026-07-16 13:58:28"
4039,1,337,MAIN,7509.0,7,2026-01-16,"2026-07-16 13:58:28"
4040,1,337,NORTH,7646.0,8,2026-02-16,"2026-07-16 13:58:28"
4041,1,337,MAIN,7725.0,9,2026-03-16,"2026-07-16 13:58:28"
4042,1,337,EAST,7655.0,10,2026-04-16,"2026-07-16 13:58:28"
4043,1,337,NORTH,7488.0,11,2026-05-16,"2026-07-16 13:58:28"
4044,1,337,EAST,7372.0,12,2026-06-16,"2026-07-16 13:58:28"
4045,1,338,MAIN,5470.0,1,2025-07-16,"2026-07-16 13:58:28"
4046,1,338,WEST,5135.0,2,2025-08-16,"2026-07-16 13:58:28"
4047,1,338,EAST,5432.0,3,2025-09-16,"2026-07-16 13:58:28"
4048,1,338,NORTH,5293.0,4,2025-10-16,"2026-07-16 13:58:28"
4049,1,338,WEST,5381.0,5,2025-11-16,"2026-07-16 13:58:28"
4050,1,338,EAST,5315.0,6,2025-12-16,"2026-07-16 13:58:28"
4051,1,338,EAST,5174.0,7,2026-01-16,"2026-07-16 13:58:28"
4052,1,338,EAST,5106.0,8,2026-02-16,"2026-07-16 13:58:28"
4053,1,338,EAST,5252.0,9,2026-03-16,"2026-07-16 13:58:28"
4054,1,338,NORTH,5207.0,10,2026-04-16,"2026-07-16 13:58:28"
4055,1,338,NORTH,5391.0,11,2026-05-16,"2026-07-16 13:58:28"
4056,1,338,MAIN,5160.0,12,2026-06-16,"2026-07-16 13:58:28"
4057,1,339,EAST,3477.0,1,2025-07-16,"2026-07-16 13:58:28"
4058,1,339,NORTH,3299.0,2,2025-08-16,"2026-07-16 13:58:28"
4059,1,339,WEST,3340.0,3,2025-09-16,"2026-07-16 13:58:28"
4060,1,339,EAST,3372.0,4,2025-10-16,"2026-07-16 13:58:28"
4061,1,339,EAST,3431.0,5,2025-11-16,"2026-07-16 13:58:28"
4062,1,339,WEST,3297.0,6,2025-12-16,"2026-07-16 13:58:28"
4063,1,339,WEST,3236.0,7,2026-01-16,"2026-07-16 13:58:28"
4064,1,339,NORTH,3418.0,8,2026-02-16,"2026-07-16 13:58:28"
4065,1,339,WEST,3238.0,9,2026-03-16,"2026-07-16 13:58:28"
4066,1,339,MAIN,3341.0,10,2026-04-16,"2026-07-16 13:58:28"
4067,1,339,WEST,3332.0,11,2026-05-16,"2026-07-16 13:58:28"
4068,1,339,WEST,3431.0,12,2026-06-16,"2026-07-16 13:58:28"
4069,1,340,WEST,921.0,1,2025-07-16,"2026-07-16 13:58:28"
4070,1,340,WEST,850.0,2,2025-08-16,"2026-07-16 13:58:28"
4071,1,340,MAIN,868.0,3,2025-09-16,"2026-07-16 13:58:28"
4072,1,340,MAIN,924.0,4,2025-10-16,"2026-07-16 13:58:28"
4073,1,340,MAIN,715.0,5,2025-11-16,"2026-07-16 13:58:28"
4074,1,340,MAIN,569.0,6,2025-12-16,"2026-07-16 13:58:28"
4075,1,340,EAST,577.0,7,2026-01-16,"2026-07-16 13:58:28"
4076,1,340,MAIN,653.0,8,2026-02-16,"2026-07-16 13:58:28"
4077,1,340,WEST,903.0,9,2026-03-16,"2026-07-16 13:58:28"
4078,1,340,WEST,599.0,10,2026-04-16,"2026-07-16 13:58:28"
4079,1,340,MAIN,858.0,11,2026-05-16,"2026-07-16 13:58:28"
4080,1,340,WEST,859.0,12,2026-06-16,"2026-07-16 13:58:28"
4081,1,341,MAIN,9850.0,1,2025-07-16,"2026-07-16 13:58:28"
4082,1,341,NORTH,9916.0,2,2025-08-16,"2026-07-16 13:58:28"
4083,1,341,MAIN,9987.0,3,2025-09-16,"2026-07-16 13:58:28"
4084,1,341,WEST,9906.0,4,2025-10-16,"2026-07-16 13:58:28"
4085,1,341,WEST,9936.0,5,2025-11-16,"2026-07-16 13:58:28"
4086,1,341,NORTH,9625.0,6,2025-12-16,"2026-07-16 13:58:28"
4087,1,341,NORTH,9981.0,7,2026-01-16,"2026-07-16 13:58:28"
4088,1,341,EAST,9690.0,8,2026-02-16,"2026-07-16 13:58:28"
4089,1,341,NORTH,9791.0,9,2026-03-16,"2026-07-16 13:58:28"
4090,1,341,WEST,9874.0,10,2026-04-16,"2026-07-16 13:58:28"
4091,1,341,MAIN,9905.0,11,2026-05-16,"2026-07-16 13:58:28"
4092,1,341,MAIN,9763.0,12,2026-06-16,"2026-07-16 13:58:28"
4093,1,342,MAIN,1101.0,1,2025-07-16,"2026-07-16 13:58:28"
4094,1,342,NORTH,1105.0,2,2025-08-16,"2026-07-16 13:58:28"
4095,1,342,WEST,1003.0,3,2025-09-16,"2026-07-16 13:58:28"
4096,1,342,MAIN,1182.0,4,2025-10-16,"2026-07-16 13:58:28"
4097,1,342,MAIN,1120.0,5,2025-11-16,"2026-07-16 13:58:28"
4098,1,342,MAIN,1245.0,6,2025-12-16,"2026-07-16 13:58:28"
4099,1,342,EAST,974.0,7,2026-01-16,"2026-07-16 13:58:28"
4100,1,342,EAST,1264.0,8,2026-02-16,"2026-07-16 13:58:28"
4101,1,342,EAST,1080.0,9,2026-03-16,"2026-07-16 13:58:28"
4102,1,342,MAIN,1173.0,10,2026-04-16,"2026-07-16 13:58:28"
4103,1,342,NORTH,973.0,11,2026-05-16,"2026-07-16 13:58:28"
4104,1,342,NORTH,1132.0,12,2026-06-16,"2026-07-16 13:58:28"
4105,1,343,EAST,2784.0,1,2025-07-16,"2026-07-16 13:58:28"
4106,1,343,MAIN,2701.0,2,2025-08-16,"2026-07-16 13:58:28"
4107,1,343,EAST,2764.0,3,2025-09-16,"2026-07-16 13:58:28"
4108,1,343,WEST,2992.0,4,2025-10-16,"2026-07-16 13:58:28"
4109,1,343,EAST,2958.0,5,2025-11-16,"2026-07-16 13:58:28"
4110,1,343,MAIN,3031.0,6,2025-12-16,"2026-07-16 13:58:28"
4111,1,343,EAST,2920.0,7,2026-01-16,"2026-07-16 13:58:28"
4112,1,343,MAIN,2995.0,8,2026-02-16,"2026-07-16 13:58:28"
4113,1,343,EAST,2941.0,9,2026-03-16,"2026-07-16 13:58:28"
4114,1,343,MAIN,2929.0,10,2026-04-16,"2026-07-16 13:58:28"
4115,1,343,MAIN,2748.0,11,2026-05-16,"2026-07-16 13:58:28"
4116,1,343,WEST,2776.0,12,2026-06-16,"2026-07-16 13:58:28"
4117,1,344,NORTH,2874.0,1,2025-07-16,"2026-07-16 13:58:28"
4118,1,344,NORTH,3039.0,2,2025-08-16,"2026-07-16 13:58:28"
4119,1,344,WEST,3139.0,3,2025-09-16,"2026-07-16 13:58:28"
4120,1,344,WEST,3000.0,4,2025-10-16,"2026-07-16 13:58:28"
4121,1,344,NORTH,3080.0,5,2025-11-16,"2026-07-16 13:58:28"
4122,1,344,WEST,2900.0,6,2025-12-16,"2026-07-16 13:58:28"
4123,1,344,EAST,2811.0,7,2026-01-16,"2026-07-16 13:58:28"
4124,1,344,MAIN,3112.0,8,2026-02-16,"2026-07-16 13:58:28"
4125,1,344,EAST,3064.0,9,2026-03-16,"2026-07-16 13:58:28"
4126,1,344,MAIN,2853.0,10,2026-04-16,"2026-07-16 13:58:28"
4127,1,344,NORTH,2874.0,11,2026-05-16,"2026-07-16 13:58:28"
4128,1,344,NORTH,3120.0,12,2026-06-16,"2026-07-16 13:58:28"
4129,1,345,WEST,9996.0,1,2025-07-16,"2026-07-16 13:58:28"
4130,1,345,WEST,10167.0,2,2025-08-16,"2026-07-16 13:58:28"
4131,1,345,MAIN,9802.0,3,2025-09-16,"2026-07-16 13:58:28"
4132,1,345,EAST,9833.0,4,2025-10-16,"2026-07-16 13:58:28"
4133,1,345,MAIN,10086.0,5,2025-11-16,"2026-07-16 13:58:28"
4134,1,345,MAIN,10004.0,6,2025-12-16,"2026-07-16 13:58:28"
4135,1,345,NORTH,10003.0,7,2026-01-16,"2026-07-16 13:58:28"
4136,1,345,EAST,10086.0,8,2026-02-16,"2026-07-16 13:58:28"
4137,1,345,NORTH,9984.0,9,2026-03-16,"2026-07-16 13:58:28"
4138,1,345,WEST,9976.0,10,2026-04-16,"2026-07-16 13:58:28"
4139,1,345,WEST,10025.0,11,2026-05-16,"2026-07-16 13:58:28"
4140,1,345,NORTH,10167.0,12,2026-06-16,"2026-07-16 13:58:28"
4141,1,346,WEST,1800.0,1,2025-07-16,"2026-07-16 13:58:28"
4142,1,346,WEST,1639.0,2,2025-08-16,"2026-07-16 13:58:28"
4143,1,346,EAST,1610.0,3,2025-09-16,"2026-07-16 13:58:28"
4144,1,346,WEST,1598.0,4,2025-10-16,"2026-07-16 13:58:28"
4145,1,346,EAST,1962.0,5,2025-11-16,"2026-07-16 13:58:28"
4146,1,346,WEST,1933.0,6,2025-12-16,"2026-07-16 13:58:28"
4147,1,346,WEST,1948.0,7,2026-01-16,"2026-07-16 13:58:28"
4148,1,346,MAIN,1900.0,8,2026-02-16,"2026-07-16 13:58:28"
4149,1,346,EAST,1638.0,9,2026-03-16,"2026-07-16 13:58:28"
4150,1,346,MAIN,1666.0,10,2026-04-16,"2026-07-16 13:58:28"
4151,1,346,MAIN,1899.0,11,2026-05-16,"2026-07-16 13:58:28"
4152,1,346,EAST,1798.0,12,2026-06-16,"2026-07-16 13:58:28"
4153,1,347,NORTH,5956.0,1,2025-07-16,"2026-07-16 13:58:28"
4154,1,347,EAST,5811.0,2,2025-08-16,"2026-07-16 13:58:28"
4155,1,347,NORTH,5839.0,3,2025-09-16,"2026-07-16 13:58:28"
4156,1,347,MAIN,5972.0,4,2025-10-16,"2026-07-16 13:58:28"
4157,1,347,EAST,5886.0,5,2025-11-16,"2026-07-16 13:58:28"
4158,1,347,NORTH,5866.0,6,2025-12-16,"2026-07-16 13:58:28"
4159,1,347,WEST,6014.0,7,2026-01-16,"2026-07-16 13:58:28"
4160,1,347,EAST,5972.0,8,2026-02-16,"2026-07-16 13:58:28"
4161,1,347,WEST,5889.0,9,2026-03-16,"2026-07-16 13:58:28"
4162,1,347,NORTH,5907.0,10,2026-04-16,"2026-07-16 13:58:28"
4163,1,347,WEST,6030.0,11,2026-05-16,"2026-07-16 13:58:28"
4164,1,347,WEST,5795.0,12,2026-06-16,"2026-07-16 13:58:28"
4165,1,348,EAST,4635.0,1,2025-07-16,"2026-07-16 13:58:28"
4166,1,348,WEST,4748.0,2,2025-08-16,"2026-07-16 13:58:28"
4167,1,348,EAST,4603.0,3,2025-09-16,"2026-07-16 13:58:28"
4168,1,348,NORTH,4512.0,4,2025-10-16,"2026-07-16 13:58:28"
4169,1,348,EAST,4483.0,5,2025-11-16,"2026-07-16 13:58:28"
4170,1,348,WEST,4656.0,6,2025-12-16,"2026-07-16 13:58:28"
4171,1,348,WEST,4639.0,7,2026-01-16,"2026-07-16 13:58:28"
4172,1,348,MAIN,4667.0,8,2026-02-16,"2026-07-16 13:58:28"
4173,1,348,EAST,4671.0,9,2026-03-16,"2026-07-16 13:58:28"
4174,1,348,EAST,4550.0,10,2026-04-16,"2026-07-16 13:58:28"
4175,1,348,EAST,4545.0,11,2026-05-16,"2026-07-16 13:58:28"
4176,1,348,WEST,4722.0,12,2026-06-16,"2026-07-16 13:58:28"
4177,1,349,WEST,7696.0,1,2025-07-16,"2026-07-16 13:58:28"
4178,1,349,WEST,7976.0,2,2025-08-16,"2026-07-16 13:58:28"
4179,1,349,MAIN,7859.0,3,2025-09-16,"2026-07-16 13:58:28"
4180,1,349,WEST,7809.0,4,2025-10-16,"2026-07-16 13:58:28"
4181,1,349,NORTH,7907.0,5,2025-11-16,"2026-07-16 13:58:28"
4182,1,349,MAIN,7749.0,6,2025-12-16,"2026-07-16 13:58:28"
4183,1,349,MAIN,7732.0,7,2026-01-16,"2026-07-16 13:58:28"
4184,1,349,EAST,7582.0,8,2026-02-16,"2026-07-16 13:58:28"
4185,1,349,NORTH,7643.0,9,2026-03-16,"2026-07-16 13:58:28"
4186,1,349,EAST,7676.0,10,2026-04-16,"2026-07-16 13:58:28"
4187,1,349,MAIN,7872.0,11,2026-05-16,"2026-07-16 13:58:28"
4188,1,349,MAIN,7972.0,12,2026-06-16,"2026-07-16 13:58:28"
4189,1,350,MAIN,6640.0,1,2025-07-16,"2026-07-16 13:58:28"
4190,1,350,EAST,6527.0,2,2025-08-16,"2026-07-16 13:58:28"
4191,1,350,MAIN,6597.0,3,2025-09-16,"2026-07-16 13:58:28"
4192,1,350,MAIN,6798.0,4,2025-10-16,"2026-07-16 13:58:28"
4193,1,350,MAIN,6846.0,5,2025-11-16,"2026-07-16 13:58:28"
4194,1,350,MAIN,6845.0,6,2025-12-16,"2026-07-16 13:58:28"
4195,1,350,EAST,6583.0,7,2026-01-16,"2026-07-16 13:58:28"
4196,1,350,NORTH,6592.0,8,2026-02-16,"2026-07-16 13:58:28"
4197,1,350,WEST,6510.0,9,2026-03-16,"2026-07-16 13:58:28"
4198,1,350,MAIN,6729.0,10,2026-04-16,"2026-07-16 13:58:28"
4199,1,350,MAIN,6549.0,11,2026-05-16,"2026-07-16 13:58:28"
4200,1,350,MAIN,6589.0,12,2026-06-16,"2026-07-16 13:58:28"
4201,1,351,WEST,9776.0,1,2025-07-16,"2026-07-16 13:58:28"
4202,1,351,MAIN,9920.0,2,2025-08-16,"2026-07-16 13:58:28"
4203,1,351,MAIN,9777.0,3,2025-09-16,"2026-07-16 13:58:28"
4204,1,351,NORTH,9995.0,4,2025-10-16,"2026-07-16 13:58:28"
4205,1,351,EAST,10116.0,5,2025-11-16,"2026-07-16 13:58:28"
4206,1,351,EAST,9772.0,6,2025-12-16,"2026-07-16 13:58:28"
4207,1,351,WEST,9921.0,7,2026-01-16,"2026-07-16 13:58:28"
4208,1,351,WEST,10115.0,8,2026-02-16,"2026-07-16 13:58:28"
4209,1,351,EAST,10091.0,9,2026-03-16,"2026-07-16 13:58:28"
4210,1,351,MAIN,9812.0,10,2026-04-16,"2026-07-16 13:58:28"
4211,1,351,NORTH,9854.0,11,2026-05-16,"2026-07-16 13:58:28"
4212,1,351,NORTH,9942.0,12,2026-06-16,"2026-07-16 13:58:28"
4213,1,352,EAST,3744.0,1,2025-07-16,"2026-07-16 13:58:28"
4214,1,352,NORTH,3625.0,2,2025-08-16,"2026-07-16 13:58:28"
4215,1,352,MAIN,3678.0,3,2025-09-16,"2026-07-16 13:58:28"
4216,1,352,NORTH,3821.0,4,2025-10-16,"2026-07-16 13:58:28"
4217,1,352,MAIN,3587.0,5,2025-11-16,"2026-07-16 13:58:28"
4218,1,352,EAST,3695.0,6,2025-12-16,"2026-07-16 13:58:28"
4219,1,352,NORTH,3854.0,7,2026-01-16,"2026-07-16 13:58:28"
4220,1,352,EAST,3811.0,8,2026-02-16,"2026-07-16 13:58:28"
4221,1,352,EAST,3549.0,9,2026-03-16,"2026-07-16 13:58:28"
4222,1,352,MAIN,3474.0,10,2026-04-16,"2026-07-16 13:58:28"
4223,1,352,WEST,3633.0,11,2026-05-16,"2026-07-16 13:58:28"
4224,1,352,WEST,3489.0,12,2026-06-16,"2026-07-16 13:58:28"
4225,1,353,WEST,4160.0,1,2025-07-16,"2026-07-16 13:58:28"
4226,1,353,MAIN,4079.0,2,2025-08-16,"2026-07-16 13:58:28"
4227,1,353,MAIN,4338.0,3,2025-09-16,"2026-07-16 13:58:28"
4228,1,353,EAST,4063.0,4,2025-10-16,"2026-07-16 13:58:28"
4229,1,353,EAST,4385.0,5,2025-11-16,"2026-07-16 13:58:28"
4230,1,353,MAIN,4318.0,6,2025-12-16,"2026-07-16 13:58:28"
4231,1,353,EAST,4405.0,7,2026-01-16,"2026-07-16 13:58:28"
4232,1,353,MAIN,4071.0,8,2026-02-16,"2026-07-16 13:58:28"
4233,1,353,MAIN,4276.0,9,2026-03-16,"2026-07-16 13:58:28"
4234,1,353,EAST,4168.0,10,2026-04-16,"2026-07-16 13:58:28"
4235,1,353,NORTH,4152.0,11,2026-05-16,"2026-07-16 13:58:28"
4236,1,353,EAST,4296.0,12,2026-06-16,"2026-07-16 13:58:28"
4237,1,354,WEST,8176.0,1,2025-07-16,"2026-07-16 13:58:28"
4238,1,354,NORTH,8339.0,2,2025-08-16,"2026-07-16 13:58:28"
4239,1,354,MAIN,8542.0,3,2025-09-16,"2026-07-16 13:58:28"
4240,1,354,WEST,8336.0,4,2025-10-16,"2026-07-16 13:58:28"
4241,1,354,MAIN,8393.0,5,2025-11-16,"2026-07-16 13:58:28"
4242,1,354,NORTH,8404.0,6,2025-12-16,"2026-07-16 13:58:28"
4243,1,354,WEST,8487.0,7,2026-01-16,"2026-07-16 13:58:28"
4244,1,354,EAST,8210.0,8,2026-02-16,"2026-07-16 13:58:28"
4245,1,354,MAIN,8547.0,9,2026-03-16,"2026-07-16 13:58:28"
4246,1,354,MAIN,8359.0,10,2026-04-16,"2026-07-16 13:58:28"
4247,1,354,EAST,8202.0,11,2026-05-16,"2026-07-16 13:58:28"
4248,1,354,NORTH,8552.0,12,2026-06-16,"2026-07-16 13:58:28"
4249,1,355,WEST,920.0,1,2025-07-16,"2026-07-16 13:58:28"
4250,1,355,EAST,883.0,2,2025-08-16,"2026-07-16 13:58:28"
4251,1,355,EAST,646.0,3,2025-09-16,"2026-07-16 13:58:28"
4252,1,355,NORTH,989.0,4,2025-10-16,"2026-07-16 13:58:28"
4253,1,355,WEST,693.0,5,2025-11-16,"2026-07-16 13:58:28"
4254,1,355,WEST,801.0,6,2025-12-16,"2026-07-16 13:58:28"
4255,1,355,NORTH,848.0,7,2026-01-16,"2026-07-16 13:58:28"
4256,1,355,EAST,720.0,8,2026-02-16,"2026-07-16 13:58:28"
4257,1,355,EAST,802.0,9,2026-03-16,"2026-07-16 13:58:28"
4258,1,355,EAST,660.0,10,2026-04-16,"2026-07-16 13:58:28"
4259,1,355,NORTH,750.0,11,2026-05-16,"2026-07-16 13:58:28"
4260,1,355,MAIN,826.0,12,2026-06-16,"2026-07-16 13:58:28"
4261,1,356,NORTH,8224.0,1,2025-07-16,"2026-07-16 13:58:28"
4262,1,356,MAIN,8157.0,2,2025-08-16,"2026-07-16 13:58:28"
4263,1,356,NORTH,8385.0,3,2025-09-16,"2026-07-16 13:58:28"
4264,1,356,WEST,8339.0,4,2025-10-16,"2026-07-16 13:58:28"
4265,1,356,MAIN,8373.0,5,2025-11-16,"2026-07-16 13:58:28"
4266,1,356,WEST,8294.0,6,2025-12-16,"2026-07-16 13:58:28"
4267,1,356,EAST,8211.0,7,2026-01-16,"2026-07-16 13:58:28"
4268,1,356,WEST,8391.0,8,2026-02-16,"2026-07-16 13:58:28"
4269,1,356,WEST,8461.0,9,2026-03-16,"2026-07-16 13:58:28"
4270,1,356,WEST,8412.0,10,2026-04-16,"2026-07-16 13:58:28"
4271,1,356,EAST,8435.0,11,2026-05-16,"2026-07-16 13:58:28"
4272,1,356,MAIN,8152.0,12,2026-06-16,"2026-07-16 13:58:28"
4273,1,357,NORTH,8694.0,1,2025-07-16,"2026-07-16 13:58:28"
4274,1,357,EAST,8786.0,2,2025-08-16,"2026-07-16 13:58:28"
4275,1,357,MAIN,8735.0,3,2025-09-16,"2026-07-16 13:58:28"
4276,1,357,EAST,8845.0,4,2025-10-16,"2026-07-16 13:58:28"
4277,1,357,NORTH,8682.0,5,2025-11-16,"2026-07-16 13:58:28"
4278,1,357,NORTH,8731.0,6,2025-12-16,"2026-07-16 13:58:28"
4279,1,357,WEST,8743.0,7,2026-01-16,"2026-07-16 13:58:28"
4280,1,357,NORTH,8846.0,8,2026-02-16,"2026-07-16 13:58:28"
4281,1,357,NORTH,8502.0,9,2026-03-16,"2026-07-16 13:58:28"
4282,1,357,NORTH,8774.0,10,2026-04-16,"2026-07-16 13:58:28"
4283,1,357,MAIN,8683.0,11,2026-05-16,"2026-07-16 13:58:28"
4284,1,357,EAST,8818.0,12,2026-06-16,"2026-07-16 13:58:28"
4285,1,358,MAIN,8634.0,1,2025-07-16,"2026-07-16 13:58:28"
4286,1,358,WEST,8760.0,2,2025-08-16,"2026-07-16 13:58:28"
4287,1,358,NORTH,8839.0,3,2025-09-16,"2026-07-16 13:58:28"
4288,1,358,NORTH,8701.0,4,2025-10-16,"2026-07-16 13:58:28"
4289,1,358,MAIN,8558.0,5,2025-11-16,"2026-07-16 13:58:28"
4290,1,358,NORTH,8788.0,6,2025-12-16,"2026-07-16 13:58:28"
4291,1,358,MAIN,8490.0,7,2026-01-16,"2026-07-16 13:58:28"
4292,1,358,WEST,8505.0,8,2026-02-16,"2026-07-16 13:58:28"
4293,1,358,WEST,8541.0,9,2026-03-16,"2026-07-16 13:58:28"
4294,1,358,MAIN,8719.0,10,2026-04-16,"2026-07-16 13:58:28"
4295,1,358,MAIN,8778.0,11,2026-05-16,"2026-07-16 13:58:28"
4296,1,358,NORTH,8480.0,12,2026-06-16,"2026-07-16 13:58:28"
4297,1,359,EAST,7361.0,1,2025-07-16,"2026-07-16 13:58:28"
4298,1,359,EAST,7205.0,2,2025-08-16,"2026-07-16 13:58:28"
4299,1,359,EAST,7181.0,3,2025-09-16,"2026-07-16 13:58:28"
4300,1,359,EAST,7068.0,4,2025-10-16,"2026-07-16 13:58:28"
4301,1,359,MAIN,7286.0,5,2025-11-16,"2026-07-16 13:58:28"
4302,1,359,MAIN,7375.0,6,2025-12-16,"2026-07-16 13:58:28"
4303,1,359,WEST,7416.0,7,2026-01-16,"2026-07-16 13:58:28"
4304,1,359,MAIN,7375.0,8,2026-02-16,"2026-07-16 13:58:28"
4305,1,359,EAST,7392.0,9,2026-03-16,"2026-07-16 13:58:28"
4306,1,359,MAIN,7201.0,10,2026-04-16,"2026-07-16 13:58:28"
4307,1,359,MAIN,7093.0,11,2026-05-16,"2026-07-16 13:58:28"
4308,1,359,WEST,7422.0,12,2026-06-16,"2026-07-16 13:58:28"
4309,1,360,EAST,2583.0,1,2025-07-16,"2026-07-16 13:58:28"
4310,1,360,EAST,2540.0,2,2025-08-16,"2026-07-16 13:58:28"
4311,1,360,MAIN,2468.0,3,2025-09-16,"2026-07-16 13:58:28"
4312,1,360,NORTH,2509.0,4,2025-10-16,"2026-07-16 13:58:28"
4313,1,360,MAIN,2801.0,5,2025-11-16,"2026-07-16 13:58:28"
4314,1,360,EAST,2682.0,6,2025-12-16,"2026-07-16 13:58:28"
4315,1,360,NORTH,2687.0,7,2026-01-16,"2026-07-16 13:58:28"
4316,1,360,NORTH,2756.0,8,2026-02-16,"2026-07-16 13:58:28"
4317,1,360,WEST,2603.0,9,2026-03-16,"2026-07-16 13:58:28"
4318,1,360,EAST,2760.0,10,2026-04-16,"2026-07-16 13:58:28"
4319,1,360,EAST,2585.0,11,2026-05-16,"2026-07-16 13:58:28"
4320,1,360,NORTH,2508.0,12,2026-06-16,"2026-07-16 13:58:28"
4321,1,361,NORTH,409.0,1,2025-07-16,"2026-07-16 13:58:28"
4322,1,361,WEST,302.0,2,2025-08-16,"2026-07-16 13:58:28"
4323,1,361,WEST,272.0,3,2025-09-16,"2026-07-16 13:58:28"
4324,1,361,WEST,220.0,4,2025-10-16,"2026-07-16 13:58:28"
4325,1,361,NORTH,67.0,5,2025-11-16,"2026-07-16 13:58:28"
4326,1,361,NORTH,380.0,6,2025-12-16,"2026-07-16 13:58:28"
4327,1,361,WEST,49.0,7,2026-01-16,"2026-07-16 13:58:28"
4328,1,361,WEST,414.0,8,2026-02-16,"2026-07-16 13:58:28"
4329,1,361,MAIN,123.0,9,2026-03-16,"2026-07-16 13:58:28"
4330,1,361,MAIN,167.0,10,2026-04-16,"2026-07-16 13:58:28"
4331,1,361,MAIN,337.0,11,2026-05-16,"2026-07-16 13:58:28"
4332,1,361,WEST,211.0,12,2026-06-16,"2026-07-16 13:58:28"
4333,1,362,EAST,3266.0,1,2025-07-16,"2026-07-16 13:58:28"
4334,1,362,EAST,3038.0,2,2025-08-16,"2026-07-16 13:58:28"
4335,1,362,MAIN,3353.0,3,2025-09-16,"2026-07-16 13:58:28"
4336,1,362,EAST,3114.0,4,2025-10-16,"2026-07-16 13:58:28"
4337,1,362,MAIN,3116.0,5,2025-11-16,"2026-07-16 13:58:28"
4338,1,362,EAST,3178.0,6,2025-12-16,"2026-07-16 13:58:28"
4339,1,362,MAIN,3078.0,7,2026-01-16,"2026-07-16 13:58:28"
4340,1,362,MAIN,3178.0,8,2026-02-16,"2026-07-16 13:58:28"
4341,1,362,EAST,3208.0,9,2026-03-16,"2026-07-16 13:58:28"
4342,1,362,NORTH,3386.0,10,2026-04-16,"2026-07-16 13:58:28"
4343,1,362,EAST,2998.0,11,2026-05-16,"2026-07-16 13:58:28"
4344,1,362,NORTH,2994.0,12,2026-06-16,"2026-07-16 13:58:28"
4345,1,363,EAST,6953.0,1,2025-07-16,"2026-07-16 13:58:28"
4346,1,363,WEST,7231.0,2,2025-08-16,"2026-07-16 13:58:28"
4347,1,363,WEST,7005.0,3,2025-09-16,"2026-07-16 13:58:28"
4348,1,363,MAIN,7033.0,4,2025-10-16,"2026-07-16 13:58:28"
4349,1,363,NORTH,7079.0,5,2025-11-16,"2026-07-16 13:58:28"
4350,1,363,EAST,7023.0,6,2025-12-16,"2026-07-16 13:58:28"
4351,1,363,MAIN,7078.0,7,2026-01-16,"2026-07-16 13:58:28"
4352,1,363,WEST,7304.0,8,2026-02-16,"2026-07-16 13:58:28"
4353,1,363,NORTH,7097.0,9,2026-03-16,"2026-07-16 13:58:28"
4354,1,363,WEST,7099.0,10,2026-04-16,"2026-07-16 13:58:28"
4355,1,363,MAIN,6999.0,11,2026-05-16,"2026-07-16 13:58:28"
4356,1,363,NORTH,7227.0,12,2026-06-16,"2026-07-16 13:58:28"
4357,1,364,NORTH,1250.0,1,2025-07-16,"2026-07-16 13:58:28"
4358,1,364,WEST,1346.0,2,2025-08-16,"2026-07-16 13:58:28"
4359,1,364,EAST,1264.0,3,2025-09-16,"2026-07-16 13:58:28"
4360,1,364,EAST,1337.0,4,2025-10-16,"2026-07-16 13:58:28"
4361,1,364,NORTH,1392.0,5,2025-11-16,"2026-07-16 13:58:28"
4362,1,364,WEST,1424.0,6,2025-12-16,"2026-07-16 13:58:28"
4363,1,364,MAIN,1420.0,7,2026-01-16,"2026-07-16 13:58:28"
4364,1,364,MAIN,1278.0,8,2026-02-16,"2026-07-16 13:58:28"
4365,1,364,NORTH,1273.0,9,2026-03-16,"2026-07-16 13:58:28"
4366,1,364,MAIN,1270.0,10,2026-04-16,"2026-07-16 13:58:28"
4367,1,364,MAIN,1427.0,11,2026-05-16,"2026-07-16 13:58:28"
4368,1,364,MAIN,1253.0,12,2026-06-16,"2026-07-16 13:58:28"
4369,1,365,WEST,2793.0,1,2025-07-16,"2026-07-16 13:58:28"
4370,1,365,EAST,2787.0,2,2025-08-16,"2026-07-16 13:58:28"
4371,1,365,MAIN,2765.0,3,2025-09-16,"2026-07-16 13:58:28"
4372,1,365,NORTH,2782.0,4,2025-10-16,"2026-07-16 13:58:28"
4373,1,365,NORTH,2778.0,5,2025-11-16,"2026-07-16 13:58:28"
4374,1,365,NORTH,2954.0,6,2025-12-16,"2026-07-16 13:58:28"
4375,1,365,MAIN,2722.0,7,2026-01-16,"2026-07-16 13:58:28"
4376,1,365,NORTH,2781.0,8,2026-02-16,"2026-07-16 13:58:28"
4377,1,365,NORTH,2576.0,9,2026-03-16,"2026-07-16 13:58:28"
4378,1,365,EAST,2710.0,10,2026-04-16,"2026-07-16 13:58:28"
4379,1,365,NORTH,2578.0,11,2026-05-16,"2026-07-16 13:58:28"
4380,1,365,MAIN,2817.0,12,2026-06-16,"2026-07-16 13:58:28"
4381,1,366,MAIN,3453.0,1,2025-07-16,"2026-07-16 13:58:28"
4382,1,366,WEST,3283.0,2,2025-08-16,"2026-07-16 13:58:28"
4383,1,366,MAIN,3271.0,3,2025-09-16,"2026-07-16 13:58:28"
4384,1,366,EAST,3299.0,4,2025-10-16,"2026-07-16 13:58:28"
4385,1,366,WEST,3280.0,5,2025-11-16,"2026-07-16 13:58:28"
4386,1,366,NORTH,3433.0,6,2025-12-16,"2026-07-16 13:58:28"
4387,1,366,MAIN,3127.0,7,2026-01-16,"2026-07-16 13:58:28"
4388,1,366,MAIN,3417.0,8,2026-02-16,"2026-07-16 13:58:28"
4389,1,366,MAIN,3367.0,9,2026-03-16,"2026-07-16 13:58:28"
4390,1,366,EAST,3160.0,10,2026-04-16,"2026-07-16 13:58:28"
4391,1,366,NORTH,3262.0,11,2026-05-16,"2026-07-16 13:58:28"
4392,1,366,WEST,3388.0,12,2026-06-16,"2026-07-16 13:58:28"
4393,1,367,EAST,4498.0,1,2025-07-16,"2026-07-16 13:58:28"
4394,1,367,NORTH,4590.0,2,2025-08-16,"2026-07-16 13:58:28"
4395,1,367,NORTH,4325.0,3,2025-09-16,"2026-07-16 13:58:28"
4396,1,367,EAST,4599.0,4,2025-10-16,"2026-07-16 13:58:28"
4397,1,367,WEST,4615.0,5,2025-11-16,"2026-07-16 13:58:28"
4398,1,367,MAIN,4570.0,6,2025-12-16,"2026-07-16 13:58:28"
4399,1,367,MAIN,4315.0,7,2026-01-16,"2026-07-16 13:58:28"
4400,1,367,EAST,4583.0,8,2026-02-16,"2026-07-16 13:58:28"
4401,1,367,NORTH,4372.0,9,2026-03-16,"2026-07-16 13:58:28"
4402,1,367,WEST,4401.0,10,2026-04-16,"2026-07-16 13:58:28"
4403,1,367,NORTH,4592.0,11,2026-05-16,"2026-07-16 13:58:28"
4404,1,367,WEST,4515.0,12,2026-06-16,"2026-07-16 13:58:28"
4405,1,368,WEST,1459.0,1,2025-07-16,"2026-07-16 13:58:28"
4406,1,368,NORTH,1504.0,2,2025-08-16,"2026-07-16 13:58:28"
4407,1,368,NORTH,1674.0,3,2025-09-16,"2026-07-16 13:58:28"
4408,1,368,WEST,1502.0,4,2025-10-16,"2026-07-16 13:58:28"
4409,1,368,NORTH,1404.0,5,2025-11-16,"2026-07-16 13:58:28"
4410,1,368,WEST,1595.0,6,2025-12-16,"2026-07-16 13:58:28"
4411,1,368,MAIN,1580.0,7,2026-01-16,"2026-07-16 13:58:28"
4412,1,368,NORTH,1658.0,8,2026-02-16,"2026-07-16 13:58:28"
4413,1,368,MAIN,1488.0,9,2026-03-16,"2026-07-16 13:58:28"
4414,1,368,NORTH,1491.0,10,2026-04-16,"2026-07-16 13:58:28"
4415,1,368,EAST,1319.0,11,2026-05-16,"2026-07-16 13:58:28"
4416,1,368,EAST,1311.0,12,2026-06-16,"2026-07-16 13:58:28"
4417,1,369,NORTH,8270.0,1,2025-07-16,"2026-07-16 13:58:28"
4418,1,369,MAIN,8367.0,2,2025-08-16,"2026-07-16 13:58:28"
4419,1,369,WEST,8463.0,3,2025-09-16,"2026-07-16 13:58:28"
4420,1,369,EAST,8514.0,4,2025-10-16,"2026-07-16 13:58:28"
4421,1,369,NORTH,8493.0,5,2025-11-16,"2026-07-16 13:58:28"
4422,1,369,EAST,8316.0,6,2025-12-16,"2026-07-16 13:58:28"
4423,1,369,MAIN,8503.0,7,2026-01-16,"2026-07-16 13:58:28"
4424,1,369,EAST,8499.0,8,2026-02-16,"2026-07-16 13:58:28"
4425,1,369,NORTH,8393.0,9,2026-03-16,"2026-07-16 13:58:28"
4426,1,369,MAIN,8376.0,10,2026-04-16,"2026-07-16 13:58:28"
4427,1,369,WEST,8589.0,11,2026-05-16,"2026-07-16 13:58:28"
4428,1,369,WEST,8531.0,12,2026-06-16,"2026-07-16 13:58:28"
4429,1,370,NORTH,7868.0,1,2025-07-16,"2026-07-16 13:58:28"
4430,1,370,WEST,7788.0,2,2025-08-16,"2026-07-16 13:58:28"
4431,1,370,NORTH,7740.0,3,2025-09-16,"2026-07-16 13:58:28"
4432,1,370,MAIN,7946.0,4,2025-10-16,"2026-07-16 13:58:28"
4433,1,370,NORTH,8075.0,5,2025-11-16,"2026-07-16 13:58:28"
4434,1,370,MAIN,7713.0,6,2025-12-16,"2026-07-16 13:58:28"
4435,1,370,WEST,7973.0,7,2026-01-16,"2026-07-16 13:58:28"
4436,1,370,MAIN,7735.0,8,2026-02-16,"2026-07-16 13:58:28"
4437,1,370,MAIN,7822.0,9,2026-03-16,"2026-07-16 13:58:28"
4438,1,370,WEST,7852.0,10,2026-04-16,"2026-07-16 13:58:28"
4439,1,370,NORTH,7904.0,11,2026-05-16,"2026-07-16 13:58:28"
4440,1,370,NORTH,7735.0,12,2026-06-16,"2026-07-16 13:58:28"
4441,1,371,WEST,6309.0,1,2025-07-16,"2026-07-16 13:58:28"
4442,1,371,MAIN,6318.0,2,2025-08-16,"2026-07-16 13:58:28"
4443,1,371,EAST,6438.0,3,2025-09-16,"2026-07-16 13:58:28"
4444,1,371,NORTH,6136.0,4,2025-10-16,"2026-07-16 13:58:28"
4445,1,371,MAIN,6142.0,5,2025-11-16,"2026-07-16 13:58:28"
4446,1,371,EAST,6384.0,6,2025-12-16,"2026-07-16 13:58:28"
4447,1,371,WEST,6323.0,7,2026-01-16,"2026-07-16 13:58:28"
4448,1,371,WEST,6424.0,8,2026-02-16,"2026-07-16 13:58:28"
4449,1,371,WEST,6132.0,9,2026-03-16,"2026-07-16 13:58:28"
4450,1,371,WEST,6122.0,10,2026-04-16,"2026-07-16 13:58:28"
4451,1,371,WEST,6119.0,11,2026-05-16,"2026-07-16 13:58:28"
4452,1,371,MAIN,6154.0,12,2026-06-16,"2026-07-16 13:58:28"
4453,1,372,WEST,1214.0,1,2025-07-16,"2026-07-16 13:58:28"
4454,1,372,NORTH,1125.0,2,2025-08-16,"2026-07-16 13:58:28"
4455,1,372,WEST,1099.0,3,2025-09-16,"2026-07-16 13:58:28"
4456,1,372,EAST,1290.0,4,2025-10-16,"2026-07-16 13:58:28"
4457,1,372,EAST,1391.0,5,2025-11-16,"2026-07-16 13:58:28"
4458,1,372,NORTH,1144.0,6,2025-12-16,"2026-07-16 13:58:28"
4459,1,372,NORTH,1017.0,7,2026-01-16,"2026-07-16 13:58:28"
4460,1,372,NORTH,1164.0,8,2026-02-16,"2026-07-16 13:58:28"
4461,1,372,EAST,1148.0,9,2026-03-16,"2026-07-16 13:58:28"
4462,1,372,EAST,1221.0,10,2026-04-16,"2026-07-16 13:58:28"
4463,1,372,WEST,1229.0,11,2026-05-16,"2026-07-16 13:58:28"
4464,1,372,EAST,1209.0,12,2026-06-16,"2026-07-16 13:58:28"
4465,1,373,MAIN,1353.0,1,2025-07-16,"2026-07-16 13:58:28"
4466,1,373,MAIN,1594.0,2,2025-08-16,"2026-07-16 13:58:28"
4467,1,373,NORTH,1406.0,3,2025-09-16,"2026-07-16 13:58:28"
4468,1,373,EAST,1333.0,4,2025-10-16,"2026-07-16 13:58:28"
4469,1,373,EAST,1240.0,5,2025-11-16,"2026-07-16 13:58:28"
4470,1,373,NORTH,1554.0,6,2025-12-16,"2026-07-16 13:58:28"
4471,1,373,NORTH,1605.0,7,2026-01-16,"2026-07-16 13:58:28"
4472,1,373,MAIN,1421.0,8,2026-02-16,"2026-07-16 13:58:28"
4473,1,373,WEST,1239.0,9,2026-03-16,"2026-07-16 13:58:28"
4474,1,373,WEST,1249.0,10,2026-04-16,"2026-07-16 13:58:28"
4475,1,373,MAIN,1469.0,11,2026-05-16,"2026-07-16 13:58:28"
4476,1,373,NORTH,1518.0,12,2026-06-16,"2026-07-16 13:58:28"
4477,1,374,MAIN,7860.0,1,2025-07-16,"2026-07-16 13:58:28"
4478,1,374,NORTH,7822.0,2,2025-08-16,"2026-07-16 13:58:28"
4479,1,374,NORTH,7753.0,3,2025-09-16,"2026-07-16 13:58:28"
4480,1,374,NORTH,7570.0,4,2025-10-16,"2026-07-16 13:58:28"
4481,1,374,NORTH,7826.0,5,2025-11-16,"2026-07-16 13:58:28"
4482,1,374,NORTH,7760.0,6,2025-12-16,"2026-07-16 13:58:28"
4483,1,374,WEST,7625.0,7,2026-01-16,"2026-07-16 13:58:28"
4484,1,374,MAIN,7741.0,8,2026-02-16,"2026-07-16 13:58:28"
4485,1,374,MAIN,7750.0,9,2026-03-16,"2026-07-16 13:58:28"
4486,1,374,WEST,7766.0,10,2026-04-16,"2026-07-16 13:58:28"
4487,1,374,EAST,7919.0,11,2026-05-16,"2026-07-16 13:58:28"
4488,1,374,MAIN,7741.0,12,2026-06-16,"2026-07-16 13:58:28"
4489,1,375,NORTH,1795.0,1,2025-07-16,"2026-07-16 13:58:28"
4490,1,375,NORTH,1764.0,2,2025-08-16,"2026-07-16 13:58:28"
4491,1,375,MAIN,1783.0,3,2025-09-16,"2026-07-16 13:58:28"
4492,1,375,MAIN,1719.0,4,2025-10-16,"2026-07-16 13:58:28"
4493,1,375,WEST,1748.0,5,2025-11-16,"2026-07-16 13:58:28"
4494,1,375,WEST,1870.0,6,2025-12-16,"2026-07-16 13:58:28"
4495,1,375,WEST,1759.0,7,2026-01-16,"2026-07-16 13:58:28"
4496,1,375,NORTH,1772.0,8,2026-02-16,"2026-07-16 13:58:28"
4497,1,375,MAIN,1578.0,9,2026-03-16,"2026-07-16 13:58:28"
4498,1,375,NORTH,1578.0,10,2026-04-16,"2026-07-16 13:58:28"
4499,1,375,NORTH,1678.0,11,2026-05-16,"2026-07-16 13:58:28"
4500,1,375,WEST,1629.0,12,2026-06-16,"2026-07-16 13:58:28"
4501,1,376,MAIN,4398.0,1,2025-07-16,"2026-07-16 13:58:28"
4502,1,376,MAIN,4431.0,2,2025-08-16,"2026-07-16 13:58:28"
4503,1,376,EAST,4697.0,3,2025-09-16,"2026-07-16 13:58:28"
4504,1,376,WEST,4654.0,4,2025-10-16,"2026-07-16 13:58:28"
4505,1,376,NORTH,4683.0,5,2025-11-16,"2026-07-16 13:58:28"
4506,1,376,WEST,4754.0,6,2025-12-16,"2026-07-16 13:58:28"
4507,1,376,MAIN,4754.0,7,2026-01-16,"2026-07-16 13:58:28"
4508,1,376,MAIN,4676.0,8,2026-02-16,"2026-07-16 13:58:28"
4509,1,376,NORTH,4631.0,9,2026-03-16,"2026-07-16 13:58:28"
4510,1,376,WEST,4719.0,10,2026-04-16,"2026-07-16 13:58:28"
4511,1,376,MAIN,4580.0,11,2026-05-16,"2026-07-16 13:58:28"
4512,1,376,MAIN,4569.0,12,2026-06-16,"2026-07-16 13:58:28"
4513,1,377,MAIN,8749.0,1,2025-07-16,"2026-07-16 13:58:28"
4514,1,377,MAIN,8570.0,2,2025-08-16,"2026-07-16 13:58:28"
4515,1,377,WEST,8742.0,3,2025-09-16,"2026-07-16 13:58:28"
4516,1,377,NORTH,8699.0,4,2025-10-16,"2026-07-16 13:58:28"
4517,1,377,EAST,8558.0,5,2025-11-16,"2026-07-16 13:58:28"
4518,1,377,MAIN,8399.0,6,2025-12-16,"2026-07-16 13:58:28"
4519,1,377,WEST,8384.0,7,2026-01-16,"2026-07-16 13:58:28"
4520,1,377,MAIN,8506.0,8,2026-02-16,"2026-07-16 13:58:28"
4521,1,377,WEST,8766.0,9,2026-03-16,"2026-07-16 13:58:28"
4522,1,377,WEST,8602.0,10,2026-04-16,"2026-07-16 13:58:28"
4523,1,377,MAIN,8451.0,11,2026-05-16,"2026-07-16 13:58:28"
4524,1,377,MAIN,8408.0,12,2026-06-16,"2026-07-16 13:58:28"
4525,1,378,MAIN,7846.0,1,2025-07-16,"2026-07-16 13:58:28"
4526,1,378,NORTH,7709.0,2,2025-08-16,"2026-07-16 13:58:28"
4527,1,378,MAIN,7969.0,3,2025-09-16,"2026-07-16 13:58:28"
4528,1,378,MAIN,7849.0,4,2025-10-16,"2026-07-16 13:58:28"
4529,1,378,NORTH,7723.0,5,2025-11-16,"2026-07-16 13:58:28"
4530,1,378,EAST,7665.0,6,2025-12-16,"2026-07-16 13:58:28"
4531,1,378,NORTH,7794.0,7,2026-01-16,"2026-07-16 13:58:28"
4532,1,378,MAIN,7696.0,8,2026-02-16,"2026-07-16 13:58:28"
4533,1,378,WEST,7869.0,9,2026-03-16,"2026-07-16 13:58:28"
4534,1,378,WEST,7900.0,10,2026-04-16,"2026-07-16 13:58:28"
4535,1,378,WEST,7993.0,11,2026-05-16,"2026-07-16 13:58:28"
4536,1,378,WEST,7666.0,12,2026-06-16,"2026-07-16 13:58:28"
4537,1,379,EAST,7266.0,1,2025-07-16,"2026-07-16 13:58:28"
4538,1,379,WEST,7418.0,2,2025-08-16,"2026-07-16 13:58:28"
4539,1,379,NORTH,7306.0,3,2025-09-16,"2026-07-16 13:58:28"
4540,1,379,MAIN,7087.0,4,2025-10-16,"2026-07-16 13:58:28"
4541,1,379,EAST,7177.0,5,2025-11-16,"2026-07-16 13:58:28"
4542,1,379,WEST,7299.0,6,2025-12-16,"2026-07-16 13:58:28"
4543,1,379,WEST,7074.0,7,2026-01-16,"2026-07-16 13:58:28"
4544,1,379,EAST,7190.0,8,2026-02-16,"2026-07-16 13:58:28"
4545,1,379,WEST,7064.0,9,2026-03-16,"2026-07-16 13:58:28"
4546,1,379,MAIN,7309.0,10,2026-04-16,"2026-07-16 13:58:28"
4547,1,379,EAST,7339.0,11,2026-05-16,"2026-07-16 13:58:28"
4548,1,379,EAST,7341.0,12,2026-06-16,"2026-07-16 13:58:28"
4549,1,380,WEST,3475.0,1,2025-07-16,"2026-07-16 13:58:28"
4550,1,380,EAST,3400.0,2,2025-08-16,"2026-07-16 13:58:28"
4551,1,380,NORTH,3592.0,3,2025-09-16,"2026-07-16 13:58:28"
4552,1,380,WEST,3635.0,4,2025-10-16,"2026-07-16 13:58:28"
4553,1,380,EAST,3307.0,5,2025-11-16,"2026-07-16 13:58:28"
4554,1,380,WEST,3537.0,6,2025-12-16,"2026-07-16 13:58:28"
4555,1,380,WEST,3507.0,7,2026-01-16,"2026-07-16 13:58:28"
4556,1,380,MAIN,3283.0,8,2026-02-16,"2026-07-16 13:58:28"
4557,1,380,MAIN,3275.0,9,2026-03-16,"2026-07-16 13:58:28"
4558,1,380,WEST,3507.0,10,2026-04-16,"2026-07-16 13:58:28"
4559,1,380,WEST,3526.0,11,2026-05-16,"2026-07-16 13:58:28"
4560,1,380,EAST,3269.0,12,2026-06-16,"2026-07-16 13:58:28"
4561,1,381,NORTH,3239.0,1,2025-07-16,"2026-07-16 13:58:28"
4562,1,381,EAST,3067.0,2,2025-08-16,"2026-07-16 13:58:28"
4563,1,381,MAIN,3265.0,3,2025-09-16,"2026-07-16 13:58:28"
4564,1,381,WEST,3124.0,4,2025-10-16,"2026-07-16 13:58:28"
4565,1,381,MAIN,2957.0,5,2025-11-16,"2026-07-16 13:58:28"
4566,1,381,NORTH,3035.0,6,2025-12-16,"2026-07-16 13:58:28"
4567,1,381,WEST,3181.0,7,2026-01-16,"2026-07-16 13:58:28"
4568,1,381,WEST,3030.0,8,2026-02-16,"2026-07-16 13:58:28"
4569,1,381,MAIN,3229.0,9,2026-03-16,"2026-07-16 13:58:28"
4570,1,381,WEST,2968.0,10,2026-04-16,"2026-07-16 13:58:28"
4571,1,381,EAST,3203.0,11,2026-05-16,"2026-07-16 13:58:28"
4572,1,381,WEST,2926.0,12,2026-06-16,"2026-07-16 13:58:28"
4573,1,382,EAST,1737.0,1,2025-07-16,"2026-07-16 13:58:28"
4574,1,382,NORTH,1506.0,2,2025-08-16,"2026-07-16 13:58:28"
4575,1,382,NORTH,1715.0,3,2025-09-16,"2026-07-16 13:58:28"
4576,1,382,NORTH,1637.0,4,2025-10-16,"2026-07-16 13:58:28"
4577,1,382,NORTH,1514.0,5,2025-11-16,"2026-07-16 13:58:28"
4578,1,382,EAST,1832.0,6,2025-12-16,"2026-07-16 13:58:28"
4579,1,382,MAIN,1542.0,7,2026-01-16,"2026-07-16 13:58:28"
4580,1,382,MAIN,1530.0,8,2026-02-16,"2026-07-16 13:58:28"
4581,1,382,EAST,1438.0,9,2026-03-16,"2026-07-16 13:58:28"
4582,1,382,WEST,1615.0,10,2026-04-16,"2026-07-16 13:58:28"
4583,1,382,EAST,1520.0,11,2026-05-16,"2026-07-16 13:58:28"
4584,1,382,MAIN,1661.0,12,2026-06-16,"2026-07-16 13:58:28"
4585,1,383,WEST,8237.0,1,2025-07-16,"2026-07-16 13:58:28"
4586,1,383,WEST,8240.0,2,2025-08-16,"2026-07-16 13:58:28"
4587,1,383,EAST,8124.0,3,2025-09-16,"2026-07-16 13:58:28"
4588,1,383,NORTH,8260.0,4,2025-10-16,"2026-07-16 13:58:28"
4589,1,383,MAIN,8027.0,5,2025-11-16,"2026-07-16 13:58:28"
4590,1,383,EAST,8208.0,6,2025-12-16,"2026-07-16 13:58:28"
4591,1,383,EAST,8272.0,7,2026-01-16,"2026-07-16 13:58:28"
4592,1,383,NORTH,8003.0,8,2026-02-16,"2026-07-16 13:58:28"
4593,1,383,WEST,8248.0,9,2026-03-16,"2026-07-16 13:58:28"
4594,1,383,EAST,8174.0,10,2026-04-16,"2026-07-16 13:58:28"
4595,1,383,WEST,8039.0,11,2026-05-16,"2026-07-16 13:58:28"
4596,1,383,NORTH,8268.0,12,2026-06-16,"2026-07-16 13:58:28"
4597,1,384,MAIN,6614.0,1,2025-07-16,"2026-07-16 13:58:28"
4598,1,384,NORTH,6559.0,2,2025-08-16,"2026-07-16 13:58:28"
4599,1,384,EAST,6675.0,3,2025-09-16,"2026-07-16 13:58:28"
4600,1,384,NORTH,6624.0,4,2025-10-16,"2026-07-16 13:58:28"
4601,1,384,NORTH,6678.0,5,2025-11-16,"2026-07-16 13:58:28"
4602,1,384,WEST,6461.0,6,2025-12-16,"2026-07-16 13:58:28"
4603,1,384,WEST,6444.0,7,2026-01-16,"2026-07-16 13:58:28"
4604,1,384,MAIN,6500.0,8,2026-02-16,"2026-07-16 13:58:28"
4605,1,384,MAIN,6555.0,9,2026-03-16,"2026-07-16 13:58:28"
4606,1,384,WEST,6670.0,10,2026-04-16,"2026-07-16 13:58:28"
4607,1,384,MAIN,6552.0,11,2026-05-16,"2026-07-16 13:58:28"
4608,1,384,MAIN,6664.0,12,2026-06-16,"2026-07-16 13:58:28"
4609,1,385,WEST,7795.0,1,2025-07-16,"2026-07-16 13:58:28"
4610,1,385,NORTH,8010.0,2,2025-08-16,"2026-07-16 13:58:28"
4611,1,385,MAIN,7846.0,3,2025-09-16,"2026-07-16 13:58:28"
4612,1,385,NORTH,7912.0,4,2025-10-16,"2026-07-16 13:58:28"
4613,1,385,WEST,8027.0,5,2025-11-16,"2026-07-16 13:58:28"
4614,1,385,MAIN,7774.0,6,2025-12-16,"2026-07-16 13:58:28"
4615,1,385,EAST,7965.0,7,2026-01-16,"2026-07-16 13:58:28"
4616,1,385,NORTH,7931.0,8,2026-02-16,"2026-07-16 13:58:28"
4617,1,385,NORTH,7833.0,9,2026-03-16,"2026-07-16 13:58:28"
4618,1,385,NORTH,7870.0,10,2026-04-16,"2026-07-16 13:58:28"
4619,1,385,EAST,7707.0,11,2026-05-16,"2026-07-16 13:58:28"
4620,1,385,MAIN,7982.0,12,2026-06-16,"2026-07-16 13:58:28"
4621,1,386,WEST,2487.0,1,2025-07-16,"2026-07-16 13:58:28"
4622,1,386,EAST,2602.0,2,2025-08-16,"2026-07-16 13:58:28"
4623,1,386,WEST,2233.0,3,2025-09-16,"2026-07-16 13:58:28"
4624,1,386,EAST,2290.0,4,2025-10-16,"2026-07-16 13:58:28"
4625,1,386,WEST,2316.0,5,2025-11-16,"2026-07-16 13:58:28"
4626,1,386,NORTH,2533.0,6,2025-12-16,"2026-07-16 13:58:28"
4627,1,386,EAST,2269.0,7,2026-01-16,"2026-07-16 13:58:28"
4628,1,386,WEST,2524.0,8,2026-02-16,"2026-07-16 13:58:28"
4629,1,386,EAST,2590.0,9,2026-03-16,"2026-07-16 13:58:28"
4630,1,386,MAIN,2627.0,10,2026-04-16,"2026-07-16 13:58:28"
4631,1,386,NORTH,2618.0,11,2026-05-16,"2026-07-16 13:58:28"
4632,1,386,MAIN,2509.0,12,2026-06-16,"2026-07-16 13:58:28"
4633,1,387,MAIN,6223.0,1,2025-07-16,"2026-07-16 13:58:28"
4634,1,387,EAST,6298.0,2,2025-08-16,"2026-07-16 13:58:28"
4635,1,387,NORTH,6404.0,3,2025-09-16,"2026-07-16 13:58:28"
4636,1,387,NORTH,6505.0,4,2025-10-16,"2026-07-16 13:58:28"
4637,1,387,NORTH,6406.0,5,2025-11-16,"2026-07-16 13:58:28"
4638,1,387,NORTH,6392.0,6,2025-12-16,"2026-07-16 13:58:28"
4639,1,387,NORTH,6302.0,7,2026-01-16,"2026-07-16 13:58:28"
4640,1,387,MAIN,6176.0,8,2026-02-16,"2026-07-16 13:58:28"
4641,1,387,WEST,6467.0,9,2026-03-16,"2026-07-16 13:58:28"
4642,1,387,NORTH,6462.0,10,2026-04-16,"2026-07-16 13:58:28"
4643,1,387,EAST,6559.0,11,2026-05-16,"2026-07-16 13:58:28"
4644,1,387,NORTH,6351.0,12,2026-06-16,"2026-07-16 13:58:28"
4645,1,388,MAIN,530.0,1,2025-07-16,"2026-07-16 13:58:28"
4646,1,388,NORTH,769.0,2,2025-08-16,"2026-07-16 13:58:28"
4647,1,388,NORTH,528.0,3,2025-09-16,"2026-07-16 13:58:28"
4648,1,388,WEST,784.0,4,2025-10-16,"2026-07-16 13:58:28"
4649,1,388,NORTH,749.0,5,2025-11-16,"2026-07-16 13:58:28"
4650,1,388,NORTH,598.0,6,2025-12-16,"2026-07-16 13:58:28"
4651,1,388,WEST,799.0,7,2026-01-16,"2026-07-16 13:58:28"
4652,1,388,NORTH,658.0,8,2026-02-16,"2026-07-16 13:58:28"
4653,1,388,EAST,447.0,9,2026-03-16,"2026-07-16 13:58:28"
4654,1,388,MAIN,639.0,10,2026-04-16,"2026-07-16 13:58:28"
4655,1,388,WEST,805.0,11,2026-05-16,"2026-07-16 13:58:28"
4656,1,388,NORTH,590.0,12,2026-06-16,"2026-07-16 13:58:28"
4657,1,389,MAIN,9615.0,1,2025-07-16,"2026-07-16 13:58:28"
4658,1,389,MAIN,9911.0,2,2025-08-16,"2026-07-16 13:58:28"
4659,1,389,NORTH,9791.0,3,2025-09-16,"2026-07-16 13:58:28"
4660,1,389,EAST,9833.0,4,2025-10-16,"2026-07-16 13:58:28"
4661,1,389,EAST,9701.0,5,2025-11-16,"2026-07-16 13:58:28"
4662,1,389,NORTH,9905.0,6,2025-12-16,"2026-07-16 13:58:28"
4663,1,389,EAST,9888.0,7,2026-01-16,"2026-07-16 13:58:28"
4664,1,389,WEST,9569.0,8,2026-02-16,"2026-07-16 13:58:28"
4665,1,389,WEST,9555.0,9,2026-03-16,"2026-07-16 13:58:28"
4666,1,389,WEST,9587.0,10,2026-04-16,"2026-07-16 13:58:28"
4667,1,389,NORTH,9696.0,11,2026-05-16,"2026-07-16 13:58:28"
4668,1,389,MAIN,9540.0,12,2026-06-16,"2026-07-16 13:58:28"
4669,1,390,NORTH,1200.0,1,2025-07-16,"2026-07-16 13:58:28"
4670,1,390,WEST,1201.0,2,2025-08-16,"2026-07-16 13:58:28"
4671,1,390,WEST,865.0,3,2025-09-16,"2026-07-16 13:58:28"
4672,1,390,NORTH,1074.0,4,2025-10-16,"2026-07-16 13:58:28"
4673,1,390,MAIN,1217.0,5,2025-11-16,"2026-07-16 13:58:28"
4674,1,390,NORTH,1063.0,6,2025-12-16,"2026-07-16 13:58:28"
4675,1,390,MAIN,1028.0,7,2026-01-16,"2026-07-16 13:58:28"
4676,1,390,WEST,865.0,8,2026-02-16,"2026-07-16 13:58:28"
4677,1,390,WEST,954.0,9,2026-03-16,"2026-07-16 13:58:28"
4678,1,390,WEST,938.0,10,2026-04-16,"2026-07-16 13:58:28"
4679,1,390,MAIN,1191.0,11,2026-05-16,"2026-07-16 13:58:28"
4680,1,390,EAST,884.0,12,2026-06-16,"2026-07-16 13:58:28"
4681,1,391,MAIN,5069.0,1,2025-07-16,"2026-07-16 13:58:28"
4682,1,391,EAST,4822.0,2,2025-08-16,"2026-07-16 13:58:28"
4683,1,391,EAST,4931.0,3,2025-09-16,"2026-07-16 13:58:28"
4684,1,391,NORTH,4787.0,4,2025-10-16,"2026-07-16 13:58:28"
4685,1,391,WEST,4753.0,5,2025-11-16,"2026-07-16 13:58:28"
4686,1,391,NORTH,5037.0,6,2025-12-16,"2026-07-16 13:58:28"
4687,1,391,EAST,5018.0,7,2026-01-16,"2026-07-16 13:58:28"
4688,1,391,EAST,4938.0,8,2026-02-16,"2026-07-16 13:58:28"
4689,1,391,NORTH,4725.0,9,2026-03-16,"2026-07-16 13:58:28"
4690,1,391,EAST,4808.0,10,2026-04-16,"2026-07-16 13:58:28"
4691,1,391,WEST,4977.0,11,2026-05-16,"2026-07-16 13:58:28"
4692,1,391,MAIN,4836.0,12,2026-06-16,"2026-07-16 13:58:28"
4693,1,392,EAST,8675.0,1,2025-07-16,"2026-07-16 13:58:28"
4694,1,392,EAST,8935.0,2,2025-08-16,"2026-07-16 13:58:28"
4695,1,392,WEST,8716.0,3,2025-09-16,"2026-07-16 13:58:28"
4696,1,392,EAST,8953.0,4,2025-10-16,"2026-07-16 13:58:28"
4697,1,392,MAIN,8725.0,5,2025-11-16,"2026-07-16 13:58:28"
4698,1,392,EAST,8929.0,6,2025-12-16,"2026-07-16 13:58:28"
4699,1,392,EAST,8867.0,7,2026-01-16,"2026-07-16 13:58:28"
4700,1,392,EAST,8917.0,8,2026-02-16,"2026-07-16 13:58:28"
4701,1,392,EAST,8717.0,9,2026-03-16,"2026-07-16 13:58:28"
4702,1,392,MAIN,8831.0,10,2026-04-16,"2026-07-16 13:58:28"
4703,1,392,WEST,8995.0,11,2026-05-16,"2026-07-16 13:58:28"
4704,1,392,WEST,8726.0,12,2026-06-16,"2026-07-16 13:58:28"
4705,1,393,EAST,3827.0,1,2025-07-16,"2026-07-16 13:58:28"
4706,1,393,NORTH,3837.0,2,2025-08-16,"2026-07-16 13:58:28"
4707,1,393,EAST,3808.0,3,2025-09-16,"2026-07-16 13:58:28"
4708,1,393,EAST,3760.0,4,2025-10-16,"2026-07-16 13:58:28"
4709,1,393,EAST,3679.0,5,2025-11-16,"2026-07-16 13:58:28"
4710,1,393,EAST,3533.0,6,2025-12-16,"2026-07-16 13:58:28"
4711,1,393,NORTH,3609.0,7,2026-01-16,"2026-07-16 13:58:28"
4712,1,393,MAIN,3882.0,8,2026-02-16,"2026-07-16 13:58:28"
4713,1,393,WEST,3633.0,9,2026-03-16,"2026-07-16 13:58:28"
4714,1,393,NORTH,3551.0,10,2026-04-16,"2026-07-16 13:58:28"
4715,1,393,EAST,3493.0,11,2026-05-16,"2026-07-16 13:58:28"
4716,1,393,WEST,3697.0,12,2026-06-16,"2026-07-16 13:58:28"
4717,1,394,MAIN,1413.0,1,2025-07-16,"2026-07-16 13:58:28"
4718,1,394,NORTH,1559.0,2,2025-08-16,"2026-07-16 13:58:28"
4719,1,394,WEST,1613.0,3,2025-09-16,"2026-07-16 13:58:28"
4720,1,394,MAIN,1239.0,4,2025-10-16,"2026-07-16 13:58:28"
4721,1,394,EAST,1264.0,5,2025-11-16,"2026-07-16 13:58:28"
4722,1,394,NORTH,1395.0,6,2025-12-16,"2026-07-16 13:58:28"
4723,1,394,EAST,1410.0,7,2026-01-16,"2026-07-16 13:58:28"
4724,1,394,MAIN,1538.0,8,2026-02-16,"2026-07-16 13:58:28"
4725,1,394,MAIN,1234.0,9,2026-03-16,"2026-07-16 13:58:28"
4726,1,394,WEST,1580.0,10,2026-04-16,"2026-07-16 13:58:28"
4727,1,394,NORTH,1574.0,11,2026-05-16,"2026-07-16 13:58:28"
4728,1,394,EAST,1388.0,12,2026-06-16,"2026-07-16 13:58:28"
4729,1,395,NORTH,2061.0,1,2025-07-16,"2026-07-16 13:58:28"
4730,1,395,NORTH,1873.0,2,2025-08-16,"2026-07-16 13:58:28"
4731,1,395,EAST,1989.0,3,2025-09-16,"2026-07-16 13:58:28"
4732,1,395,EAST,2154.0,4,2025-10-16,"2026-07-16 13:58:28"
4733,1,395,EAST,2183.0,5,2025-11-16,"2026-07-16 13:58:28"
4734,1,395,NORTH,1919.0,6,2025-12-16,"2026-07-16 13:58:28"
4735,1,395,EAST,2036.0,7,2026-01-16,"2026-07-16 13:58:28"
4736,1,395,MAIN,2212.0,8,2026-02-16,"2026-07-16 13:58:28"
4737,1,395,MAIN,2012.0,9,2026-03-16,"2026-07-16 13:58:28"
4738,1,395,WEST,2082.0,10,2026-04-16,"2026-07-16 13:58:28"
4739,1,395,NORTH,1900.0,11,2026-05-16,"2026-07-16 13:58:28"
4740,1,395,EAST,1909.0,12,2026-06-16,"2026-07-16 13:58:28"
4741,1,396,EAST,8343.0,1,2025-07-16,"2026-07-16 13:58:28"
4742,1,396,NORTH,8200.0,2,2025-08-16,"2026-07-16 13:58:28"
4743,1,396,WEST,8052.0,3,2025-09-16,"2026-07-16 13:58:28"
4744,1,396,EAST,8259.0,4,2025-10-16,"2026-07-16 13:58:28"
4745,1,396,EAST,8195.0,5,2025-11-16,"2026-07-16 13:58:28"
4746,1,396,NORTH,8208.0,6,2025-12-16,"2026-07-16 13:58:28"
4747,1,396,NORTH,8056.0,7,2026-01-16,"2026-07-16 13:58:28"
4748,1,396,WEST,8355.0,8,2026-02-16,"2026-07-16 13:58:28"
4749,1,396,WEST,8204.0,9,2026-03-16,"2026-07-16 13:58:28"
4750,1,396,WEST,8003.0,10,2026-04-16,"2026-07-16 13:58:28"
4751,1,396,WEST,8049.0,11,2026-05-16,"2026-07-16 13:58:28"
4752,1,396,NORTH,8201.0,12,2026-06-16,"2026-07-16 13:58:28"
4753,1,397,WEST,5375.0,1,2025-07-16,"2026-07-16 13:58:28"
4754,1,397,NORTH,5520.0,2,2025-08-16,"2026-07-16 13:58:28"
4755,1,397,WEST,5208.0,3,2025-09-16,"2026-07-16 13:58:28"
4756,1,397,WEST,5498.0,4,2025-10-16,"2026-07-16 13:58:28"
4757,1,397,EAST,5582.0,5,2025-11-16,"2026-07-16 13:58:28"
4758,1,397,MAIN,5567.0,6,2025-12-16,"2026-07-16 13:58:28"
4759,1,397,WEST,5309.0,7,2026-01-16,"2026-07-16 13:58:28"
4760,1,397,EAST,5467.0,8,2026-02-16,"2026-07-16 13:58:28"
4761,1,397,NORTH,5368.0,9,2026-03-16,"2026-07-16 13:58:28"
4762,1,397,EAST,5193.0,10,2026-04-16,"2026-07-16 13:58:28"
4763,1,397,MAIN,5207.0,11,2026-05-16,"2026-07-16 13:58:28"
4764,1,397,WEST,5350.0,12,2026-06-16,"2026-07-16 13:58:28"
4765,1,398,MAIN,8558.0,1,2025-07-16,"2026-07-16 13:58:28"
4766,1,398,WEST,8368.0,2,2025-08-16,"2026-07-16 13:58:28"
4767,1,398,EAST,8585.0,3,2025-09-16,"2026-07-16 13:58:28"
4768,1,398,WEST,8665.0,4,2025-10-16,"2026-07-16 13:58:28"
4769,1,398,NORTH,8532.0,5,2025-11-16,"2026-07-16 13:58:28"
4770,1,398,NORTH,8703.0,6,2025-12-16,"2026-07-16 13:58:28"
4771,1,398,WEST,8509.0,7,2026-01-16,"2026-07-16 13:58:28"
4772,1,398,NORTH,8672.0,8,2026-02-16,"2026-07-16 13:58:28"
4773,1,398,EAST,8464.0,9,2026-03-16,"2026-07-16 13:58:28"
4774,1,398,MAIN,8502.0,10,2026-04-16,"2026-07-16 13:58:28"
4775,1,398,EAST,8562.0,11,2026-05-16,"2026-07-16 13:58:28"
4776,1,398,EAST,8372.0,12,2026-06-16,"2026-07-16 13:58:28"
4777,1,399,WEST,2197.0,1,2025-07-16,"2026-07-16 13:58:28"
4778,1,399,WEST,2124.0,2,2025-08-16,"2026-07-16 13:58:28"
4779,1,399,EAST,2078.0,3,2025-09-16,"2026-07-16 13:58:28"
4780,1,399,EAST,2009.0,4,2025-10-16,"2026-07-16 13:58:28"
4781,1,399,WEST,1934.0,5,2025-11-16,"2026-07-16 13:58:28"
4782,1,399,NORTH,2062.0,6,2025-12-16,"2026-07-16 13:58:28"
4783,1,399,EAST,2283.0,7,2026-01-16,"2026-07-16 13:58:28"
4784,1,399,MAIN,2288.0,8,2026-02-16,"2026-07-16 13:58:28"
4785,1,399,NORTH,2107.0,9,2026-03-16,"2026-07-16 13:58:28"
4786,1,399,NORTH,2226.0,10,2026-04-16,"2026-07-16 13:58:28"
4787,1,399,MAIN,2093.0,11,2026-05-16,"2026-07-16 13:58:28"
4788,1,399,MAIN,2027.0,12,2026-06-16,"2026-07-16 13:58:28"
4789,1,400,NORTH,4634.0,1,2025-07-16,"2026-07-16 13:58:28"
4790,1,400,WEST,4338.0,2,2025-08-16,"2026-07-16 13:58:28"
4791,1,400,MAIN,4453.0,3,2025-09-16,"2026-07-16 13:58:28"
4792,1,400,WEST,4392.0,4,2025-10-16,"2026-07-16 13:58:28"
4793,1,400,NORTH,4531.0,5,2025-11-16,"2026-07-16 13:58:28"
4794,1,400,MAIN,4598.0,6,2025-12-16,"2026-07-16 13:58:28"
4795,1,400,NORTH,4681.0,7,2026-01-16,"2026-07-16 13:58:28"
4796,1,400,WEST,4495.0,8,2026-02-16,"2026-07-16 13:58:28"
4797,1,400,EAST,4585.0,9,2026-03-16,"2026-07-16 13:58:28"
4798,1,400,EAST,4712.0,10,2026-04-16,"2026-07-16 13:58:28"
4799,1,400,EAST,4355.0,11,2026-05-16,"2026-07-16 13:58:28"
4800,1,400,EAST,4654.0,12,2026-06-16,"2026-07-16 13:58:28"
4801,1,401,EAST,8735.0,1,2025-07-16,"2026-07-16 13:58:28"
4802,1,401,WEST,8427.0,2,2025-08-16,"2026-07-16 13:58:28"
4803,1,401,WEST,8620.0,3,2025-09-16,"2026-07-16 13:58:28"
4804,1,401,EAST,8485.0,4,2025-10-16,"2026-07-16 13:58:28"
4805,1,401,WEST,8450.0,5,2025-11-16,"2026-07-16 13:58:28"
4806,1,401,EAST,8507.0,6,2025-12-16,"2026-07-16 13:58:28"
4807,1,401,NORTH,8622.0,7,2026-01-16,"2026-07-16 13:58:28"
4808,1,401,EAST,8480.0,8,2026-02-16,"2026-07-16 13:58:28"
4809,1,401,EAST,8391.0,9,2026-03-16,"2026-07-16 13:58:28"
4810,1,401,EAST,8585.0,10,2026-04-16,"2026-07-16 13:58:28"
4811,1,401,WEST,8737.0,11,2026-05-16,"2026-07-16 13:58:28"
4812,1,401,EAST,8699.0,12,2026-06-16,"2026-07-16 13:58:28"
4813,1,402,NORTH,2774.0,1,2025-07-16,"2026-07-16 13:58:28"
4814,1,402,NORTH,2580.0,2,2025-08-16,"2026-07-16 13:58:28"
4815,1,402,EAST,2579.0,3,2025-09-16,"2026-07-16 13:58:28"
4816,1,402,WEST,2466.0,4,2025-10-16,"2026-07-16 13:58:28"
4817,1,402,EAST,2716.0,5,2025-11-16,"2026-07-16 13:58:28"
4818,1,402,NORTH,2744.0,6,2025-12-16,"2026-07-16 13:58:28"
4819,1,402,NORTH,2459.0,7,2026-01-16,"2026-07-16 13:58:28"
4820,1,402,EAST,2482.0,8,2026-02-16,"2026-07-16 13:58:28"
4821,1,402,WEST,2770.0,9,2026-03-16,"2026-07-16 13:58:28"
4822,1,402,MAIN,2550.0,10,2026-04-16,"2026-07-16 13:58:28"
4823,1,402,NORTH,2563.0,11,2026-05-16,"2026-07-16 13:58:28"
4824,1,402,WEST,2633.0,12,2026-06-16,"2026-07-16 13:58:28"
4825,1,403,NORTH,1413.0,1,2025-07-16,"2026-07-16 13:58:28"
4826,1,403,MAIN,1118.0,2,2025-08-16,"2026-07-16 13:58:28"
4827,1,403,EAST,1374.0,3,2025-09-16,"2026-07-16 13:58:28"
4828,1,403,NORTH,1245.0,4,2025-10-16,"2026-07-16 13:58:28"
4829,1,403,NORTH,1153.0,5,2025-11-16,"2026-07-16 13:58:28"
4830,1,403,NORTH,1387.0,6,2025-12-16,"2026-07-16 13:58:28"
4831,1,403,NORTH,1225.0,7,2026-01-16,"2026-07-16 13:58:28"
4832,1,403,EAST,1107.0,8,2026-02-16,"2026-07-16 13:58:28"
4833,1,403,NORTH,1261.0,9,2026-03-16,"2026-07-16 13:58:28"
4834,1,403,WEST,1198.0,10,2026-04-16,"2026-07-16 13:58:28"
4835,1,403,MAIN,1140.0,11,2026-05-16,"2026-07-16 13:58:28"
4836,1,403,EAST,1276.0,12,2026-06-16,"2026-07-16 13:58:28"
4837,1,404,MAIN,9490.0,1,2025-07-16,"2026-07-16 13:58:28"
4838,1,404,EAST,9672.0,2,2025-08-16,"2026-07-16 13:58:28"
4839,1,404,NORTH,9805.0,3,2025-09-16,"2026-07-16 13:58:28"
4840,1,404,WEST,9550.0,4,2025-10-16,"2026-07-16 13:58:28"
4841,1,404,EAST,9730.0,5,2025-11-16,"2026-07-16 13:58:28"
4842,1,404,NORTH,9691.0,6,2025-12-16,"2026-07-16 13:58:28"
4843,1,404,NORTH,9669.0,7,2026-01-16,"2026-07-16 13:58:28"
4844,1,404,MAIN,9439.0,8,2026-02-16,"2026-07-16 13:58:28"
4845,1,404,WEST,9497.0,9,2026-03-16,"2026-07-16 13:58:28"
4846,1,404,MAIN,9828.0,10,2026-04-16,"2026-07-16 13:58:28"
4847,1,404,EAST,9571.0,11,2026-05-16,"2026-07-16 13:58:28"
4848,1,404,MAIN,9724.0,12,2026-06-16,"2026-07-16 13:58:28"
4849,1,405,NORTH,7089.0,1,2025-07-16,"2026-07-16 13:58:28"
4850,1,405,MAIN,6822.0,2,2025-08-16,"2026-07-16 13:58:28"
4851,1,405,NORTH,7126.0,3,2025-09-16,"2026-07-16 13:58:28"
4852,1,405,WEST,6881.0,4,2025-10-16,"2026-07-16 13:58:28"
4853,1,405,WEST,6839.0,5,2025-11-16,"2026-07-16 13:58:28"
4854,1,405,NORTH,6924.0,6,2025-12-16,"2026-07-16 13:58:28"
4855,1,405,EAST,6966.0,7,2026-01-16,"2026-07-16 13:58:28"
4856,1,405,WEST,7179.0,8,2026-02-16,"2026-07-16 13:58:28"
4857,1,405,NORTH,6900.0,9,2026-03-16,"2026-07-16 13:58:28"
4858,1,405,WEST,6999.0,10,2026-04-16,"2026-07-16 13:58:28"
4859,1,405,NORTH,6987.0,11,2026-05-16,"2026-07-16 13:58:28"
4860,1,405,EAST,6857.0,12,2026-06-16,"2026-07-16 13:58:28"
4861,1,406,EAST,3321.0,1,2025-07-16,"2026-07-16 13:58:28"
4862,1,406,EAST,3526.0,2,2025-08-16,"2026-07-16 13:58:28"
4863,1,406,NORTH,3519.0,3,2025-09-16,"2026-07-16 13:58:28"
4864,1,406,WEST,3385.0,4,2025-10-16,"2026-07-16 13:58:28"
4865,1,406,MAIN,3545.0,5,2025-11-16,"2026-07-16 13:58:28"
4866,1,406,MAIN,3637.0,6,2025-12-16,"2026-07-16 13:58:28"
4867,1,406,NORTH,3537.0,7,2026-01-16,"2026-07-16 13:58:28"
4868,1,406,EAST,3468.0,8,2026-02-16,"2026-07-16 13:58:28"
4869,1,406,EAST,3315.0,9,2026-03-16,"2026-07-16 13:58:28"
4870,1,406,WEST,3319.0,10,2026-04-16,"2026-07-16 13:58:28"
4871,1,406,WEST,3387.0,11,2026-05-16,"2026-07-16 13:58:28"
4872,1,406,MAIN,3418.0,12,2026-06-16,"2026-07-16 13:58:28"
4873,1,407,WEST,5989.0,1,2025-07-16,"2026-07-16 13:58:28"
4874,1,407,WEST,6042.0,2,2025-08-16,"2026-07-16 13:58:28"
4875,1,407,WEST,6040.0,3,2025-09-16,"2026-07-16 13:58:28"
4876,1,407,WEST,6281.0,4,2025-10-16,"2026-07-16 13:58:28"
4877,1,407,WEST,6246.0,5,2025-11-16,"2026-07-16 13:58:28"
4878,1,407,WEST,6191.0,6,2025-12-16,"2026-07-16 13:58:28"
4879,1,407,EAST,6145.0,7,2026-01-16,"2026-07-16 13:58:28"
4880,1,407,MAIN,6321.0,8,2026-02-16,"2026-07-16 13:58:28"
4881,1,407,WEST,6126.0,9,2026-03-16,"2026-07-16 13:58:28"
4882,1,407,MAIN,6028.0,10,2026-04-16,"2026-07-16 13:58:28"
4883,1,407,WEST,6105.0,11,2026-05-16,"2026-07-16 13:58:28"
4884,1,407,MAIN,6288.0,12,2026-06-16,"2026-07-16 13:58:28"
4885,1,408,WEST,1219.0,1,2025-07-16,"2026-07-16 13:58:28"
4886,1,408,WEST,1085.0,2,2025-08-16,"2026-07-16 13:58:28"
4887,1,408,EAST,1090.0,3,2025-09-16,"2026-07-16 13:58:28"
4888,1,408,WEST,1449.0,4,2025-10-16,"2026-07-16 13:58:28"
4889,1,408,WEST,1331.0,5,2025-11-16,"2026-07-16 13:58:28"
4890,1,408,MAIN,1154.0,6,2025-12-16,"2026-07-16 13:58:28"
4891,1,408,EAST,1460.0,7,2026-01-16,"2026-07-16 13:58:28"
4892,1,408,MAIN,1250.0,8,2026-02-16,"2026-07-16 13:58:28"
4893,1,408,NORTH,1294.0,9,2026-03-16,"2026-07-16 13:58:28"
4894,1,408,NORTH,1150.0,10,2026-04-16,"2026-07-16 13:58:28"
4895,1,408,WEST,1408.0,11,2026-05-16,"2026-07-16 13:58:28"
4896,1,408,MAIN,1462.0,12,2026-06-16,"2026-07-16 13:58:28"
4897,1,409,NORTH,6664.0,1,2025-07-16,"2026-07-16 13:58:28"
4898,1,409,NORTH,6393.0,2,2025-08-16,"2026-07-16 13:58:28"
4899,1,409,EAST,6416.0,3,2025-09-16,"2026-07-16 13:58:28"
4900,1,409,MAIN,6625.0,4,2025-10-16,"2026-07-16 13:58:28"
4901,1,409,NORTH,6489.0,5,2025-11-16,"2026-07-16 13:58:28"
4902,1,409,NORTH,6416.0,6,2025-12-16,"2026-07-16 13:58:28"
4903,1,409,WEST,6702.0,7,2026-01-16,"2026-07-16 13:58:28"
4904,1,409,WEST,6453.0,8,2026-02-16,"2026-07-16 13:58:28"
4905,1,409,NORTH,6715.0,9,2026-03-16,"2026-07-16 13:58:28"
4906,1,409,WEST,6711.0,10,2026-04-16,"2026-07-16 13:58:28"
4907,1,409,EAST,6717.0,11,2026-05-16,"2026-07-16 13:58:28"
4908,1,409,WEST,6436.0,12,2026-06-16,"2026-07-16 13:58:28"
4909,1,410,WEST,9709.0,1,2025-07-16,"2026-07-16 13:58:28"
4910,1,410,MAIN,9635.0,2,2025-08-16,"2026-07-16 13:58:28"
4911,1,410,WEST,9491.0,3,2025-09-16,"2026-07-16 13:58:28"
4912,1,410,NORTH,9594.0,4,2025-10-16,"2026-07-16 13:58:28"
4913,1,410,MAIN,9410.0,5,2025-11-16,"2026-07-16 13:58:28"
4914,1,410,NORTH,9543.0,6,2025-12-16,"2026-07-16 13:58:28"
4915,1,410,EAST,9634.0,7,2026-01-16,"2026-07-16 13:58:28"
4916,1,410,EAST,9402.0,8,2026-02-16,"2026-07-16 13:58:28"
4917,1,410,WEST,9730.0,9,2026-03-16,"2026-07-16 13:58:28"
4918,1,410,MAIN,9636.0,10,2026-04-16,"2026-07-16 13:58:28"
4919,1,410,WEST,9512.0,11,2026-05-16,"2026-07-16 13:58:28"
4920,1,410,NORTH,9488.0,12,2026-06-16,"2026-07-16 13:58:28"
4921,1,411,NORTH,2782.0,1,2025-07-16,"2026-07-16 13:58:28"
4922,1,411,EAST,2440.0,2,2025-08-16,"2026-07-16 13:58:28"
4923,1,411,EAST,2699.0,3,2025-09-16,"2026-07-16 13:58:28"
4924,1,411,EAST,2716.0,4,2025-10-16,"2026-07-16 13:58:28"
4925,1,411,EAST,2443.0,5,2025-11-16,"2026-07-16 13:58:28"
4926,1,411,MAIN,2757.0,6,2025-12-16,"2026-07-16 13:58:28"
4927,1,411,MAIN,2461.0,7,2026-01-16,"2026-07-16 13:58:28"
4928,1,411,WEST,2469.0,8,2026-02-16,"2026-07-16 13:58:28"
4929,1,411,NORTH,2806.0,9,2026-03-16,"2026-07-16 13:58:28"
4930,1,411,NORTH,2622.0,10,2026-04-16,"2026-07-16 13:58:28"
4931,1,411,EAST,2779.0,11,2026-05-16,"2026-07-16 13:58:28"
4932,1,411,NORTH,2593.0,12,2026-06-16,"2026-07-16 13:58:28"
4933,1,412,NORTH,2343.0,1,2025-07-16,"2026-07-16 13:58:28"
4934,1,412,WEST,2555.0,2,2025-08-16,"2026-07-16 13:58:28"
4935,1,412,MAIN,2549.0,3,2025-09-16,"2026-07-16 13:58:28"
4936,1,412,WEST,2460.0,4,2025-10-16,"2026-07-16 13:58:28"
4937,1,412,EAST,2643.0,5,2025-11-16,"2026-07-16 13:58:28"
4938,1,412,WEST,2669.0,6,2025-12-16,"2026-07-16 13:58:28"
4939,1,412,EAST,2434.0,7,2026-01-16,"2026-07-16 13:58:28"
4940,1,412,WEST,2612.0,8,2026-02-16,"2026-07-16 13:58:28"
4941,1,412,WEST,2425.0,9,2026-03-16,"2026-07-16 13:58:28"
4942,1,412,MAIN,2693.0,10,2026-04-16,"2026-07-16 13:58:28"
4943,1,412,NORTH,2426.0,11,2026-05-16,"2026-07-16 13:58:28"
4944,1,412,WEST,2460.0,12,2026-06-16,"2026-07-16 13:58:28"
4945,1,413,WEST,5135.0,1,2025-07-16,"2026-07-16 13:58:28"
4946,1,413,NORTH,5295.0,2,2025-08-16,"2026-07-16 13:58:28"
4947,1,413,WEST,5136.0,3,2025-09-16,"2026-07-16 13:58:28"
4948,1,413,MAIN,5145.0,4,2025-10-16,"2026-07-16 13:58:28"
4949,1,413,WEST,5080.0,5,2025-11-16,"2026-07-16 13:58:28"
4950,1,413,MAIN,5188.0,6,2025-12-16,"2026-07-16 13:58:28"
4951,1,413,EAST,5356.0,7,2026-01-16,"2026-07-16 13:58:28"
4952,1,413,EAST,5071.0,8,2026-02-16,"2026-07-16 13:58:28"
4953,1,413,MAIN,5131.0,9,2026-03-16,"2026-07-16 13:58:28"
4954,1,413,MAIN,5279.0,10,2026-04-16,"2026-07-16 13:58:28"
4955,1,413,WEST,5059.0,11,2026-05-16,"2026-07-16 13:58:28"
4956,1,413,WEST,5171.0,12,2026-06-16,"2026-07-16 13:58:28"
4957,1,414,NORTH,2435.0,1,2025-07-16,"2026-07-16 13:58:28"
4958,1,414,WEST,2380.0,2,2025-08-16,"2026-07-16 13:58:28"
4959,1,414,EAST,2586.0,3,2025-09-16,"2026-07-16 13:58:28"
4960,1,414,MAIN,2408.0,4,2025-10-16,"2026-07-16 13:58:28"
4961,1,414,MAIN,2618.0,5,2025-11-16,"2026-07-16 13:58:28"
4962,1,414,WEST,2405.0,6,2025-12-16,"2026-07-16 13:58:28"
4963,1,414,EAST,2538.0,7,2026-01-16,"2026-07-16 13:58:28"
4964,1,414,WEST,2576.0,8,2026-02-16,"2026-07-16 13:58:28"
4965,1,414,MAIN,2390.0,9,2026-03-16,"2026-07-16 13:58:28"
4966,1,414,EAST,2567.0,10,2026-04-16,"2026-07-16 13:58:28"
4967,1,414,EAST,2479.0,11,2026-05-16,"2026-07-16 13:58:28"
4968,1,414,NORTH,2310.0,12,2026-06-16,"2026-07-16 13:58:28"
4969,1,415,WEST,8699.0,1,2025-07-16,"2026-07-16 13:58:28"
4970,1,415,EAST,8586.0,2,2025-08-16,"2026-07-16 13:58:28"
4971,1,415,NORTH,8445.0,3,2025-09-16,"2026-07-16 13:58:28"
4972,1,415,MAIN,8421.0,4,2025-10-16,"2026-07-16 13:58:28"
4973,1,415,NORTH,8607.0,5,2025-11-16,"2026-07-16 13:58:28"
4974,1,415,MAIN,8622.0,6,2025-12-16,"2026-07-16 13:58:28"
4975,1,415,EAST,8480.0,7,2026-01-16,"2026-07-16 13:58:28"
4976,1,415,MAIN,8404.0,8,2026-02-16,"2026-07-16 13:58:28"
4977,1,415,NORTH,8696.0,9,2026-03-16,"2026-07-16 13:58:28"
4978,1,415,NORTH,8373.0,10,2026-04-16,"2026-07-16 13:58:28"
4979,1,415,WEST,8625.0,11,2026-05-16,"2026-07-16 13:58:28"
4980,1,415,NORTH,8604.0,12,2026-06-16,"2026-07-16 13:58:28"
4981,1,416,EAST,6379.0,1,2025-07-16,"2026-07-16 13:58:28"
4982,1,416,EAST,6314.0,2,2025-08-16,"2026-07-16 13:58:28"
4983,1,416,MAIN,6304.0,3,2025-09-16,"2026-07-16 13:58:28"
4984,1,416,WEST,6281.0,4,2025-10-16,"2026-07-16 13:58:28"
4985,1,416,NORTH,6402.0,5,2025-11-16,"2026-07-16 13:58:28"
4986,1,416,NORTH,6355.0,6,2025-12-16,"2026-07-16 13:58:28"
4987,1,416,WEST,6353.0,7,2026-01-16,"2026-07-16 13:58:28"
4988,1,416,MAIN,6241.0,8,2026-02-16,"2026-07-16 13:58:28"
4989,1,416,MAIN,6271.0,9,2026-03-16,"2026-07-16 13:58:28"
4990,1,416,MAIN,6315.0,10,2026-04-16,"2026-07-16 13:58:28"
4991,1,416,MAIN,6269.0,11,2026-05-16,"2026-07-16 13:58:28"
4992,1,416,WEST,6370.0,12,2026-06-16,"2026-07-16 13:58:28"
4993,1,417,EAST,2270.0,1,2025-07-16,"2026-07-16 13:58:28"
4994,1,417,NORTH,2024.0,2,2025-08-16,"2026-07-16 13:58:28"
4995,1,417,EAST,2024.0,3,2025-09-16,"2026-07-16 13:58:28"
4996,1,417,NORTH,2346.0,4,2025-10-16,"2026-07-16 13:58:28"
4997,1,417,WEST,2298.0,5,2025-11-16,"2026-07-16 13:58:28"
4998,1,417,WEST,2123.0,6,2025-12-16,"2026-07-16 13:58:28"
4999,1,417,MAIN,2275.0,7,2026-01-16,"2026-07-16 13:58:28"
5000,1,417,MAIN,2273.0,8,2026-02-16,"2026-07-16 13:58:28"
5001,1,417,WEST,2144.0,9,2026-03-16,"2026-07-16 13:58:28"
5002,1,417,EAST,2141.0,10,2026-04-16,"2026-07-16 13:58:28"
5003,1,417,MAIN,2092.0,11,2026-05-16,"2026-07-16 13:58:28"
5004,1,417,WEST,2097.0,12,2026-06-16,"2026-07-16 13:58:28"
5005,1,418,WEST,5612.0,1,2025-07-16,"2026-07-16 13:58:28"
5006,1,418,WEST,5548.0,2,2025-08-16,"2026-07-16 13:58:28"
5007,1,418,NORTH,5558.0,3,2025-09-16,"2026-07-16 13:58:28"
5008,1,418,NORTH,5800.0,4,2025-10-16,"2026-07-16 13:58:28"
5009,1,418,NORTH,5587.0,5,2025-11-16,"2026-07-16 13:58:28"
5010,1,418,EAST,5797.0,6,2025-12-16,"2026-07-16 13:58:28"
5011,1,418,WEST,5765.0,7,2026-01-16,"2026-07-16 13:58:28"
5012,1,418,NORTH,5751.0,8,2026-02-16,"2026-07-16 13:58:28"
5013,1,418,NORTH,5909.0,9,2026-03-16,"2026-07-16 13:58:28"
5014,1,418,MAIN,5569.0,10,2026-04-16,"2026-07-16 13:58:28"
5015,1,418,NORTH,5739.0,11,2026-05-16,"2026-07-16 13:58:28"
5016,1,418,NORTH,5889.0,12,2026-06-16,"2026-07-16 13:58:28"
5017,1,419,EAST,8925.0,1,2025-07-16,"2026-07-16 13:58:28"
5018,1,419,MAIN,9028.0,2,2025-08-16,"2026-07-16 13:58:28"
5019,1,419,EAST,9259.0,3,2025-09-16,"2026-07-16 13:58:28"
5020,1,419,EAST,8943.0,4,2025-10-16,"2026-07-16 13:58:28"
5021,1,419,NORTH,9049.0,5,2025-11-16,"2026-07-16 13:58:28"
5022,1,419,NORTH,9215.0,6,2025-12-16,"2026-07-16 13:58:28"
5023,1,419,WEST,8907.0,7,2026-01-16,"2026-07-16 13:58:28"
5024,1,419,WEST,9189.0,8,2026-02-16,"2026-07-16 13:58:28"
5025,1,419,WEST,9147.0,9,2026-03-16,"2026-07-16 13:58:28"
5026,1,419,NORTH,8974.0,10,2026-04-16,"2026-07-16 13:58:28"
5027,1,419,NORTH,9190.0,11,2026-05-16,"2026-07-16 13:58:28"
5028,1,419,NORTH,9205.0,12,2026-06-16,"2026-07-16 13:58:28"
5029,1,420,EAST,6634.0,1,2025-07-16,"2026-07-16 13:58:28"
5030,1,420,WEST,6579.0,2,2025-08-16,"2026-07-16 13:58:28"
5031,1,420,EAST,6927.0,3,2025-09-16,"2026-07-16 13:58:28"
5032,1,420,MAIN,6757.0,4,2025-10-16,"2026-07-16 13:58:28"
5033,1,420,MAIN,6859.0,5,2025-11-16,"2026-07-16 13:58:28"
5034,1,420,EAST,6649.0,6,2025-12-16,"2026-07-16 13:58:28"
5035,1,420,MAIN,6851.0,7,2026-01-16,"2026-07-16 13:58:28"
5036,1,420,WEST,6694.0,8,2026-02-16,"2026-07-16 13:58:28"
5037,1,420,MAIN,6550.0,9,2026-03-16,"2026-07-16 13:58:28"
5038,1,420,NORTH,6895.0,10,2026-04-16,"2026-07-16 13:58:28"
5039,1,420,NORTH,6538.0,11,2026-05-16,"2026-07-16 13:58:28"
5040,1,420,EAST,6642.0,12,2026-06-16,"2026-07-16 13:58:28"
5041,1,421,EAST,5033.0,1,2025-07-16,"2026-07-16 13:58:28"
5042,1,421,NORTH,4956.0,2,2025-08-16,"2026-07-16 13:58:28"
5043,1,421,EAST,4724.0,3,2025-09-16,"2026-07-16 13:58:28"
5044,1,421,WEST,4930.0,4,2025-10-16,"2026-07-16 13:58:28"
5045,1,421,WEST,4869.0,5,2025-11-16,"2026-07-16 13:58:28"
5046,1,421,MAIN,4748.0,6,2025-12-16,"2026-07-16 13:58:28"
5047,1,421,EAST,4988.0,7,2026-01-16,"2026-07-16 13:58:28"
5048,1,421,EAST,4822.0,8,2026-02-16,"2026-07-16 13:58:28"
5049,1,421,MAIN,4920.0,9,2026-03-16,"2026-07-16 13:58:28"
5050,1,421,EAST,4935.0,10,2026-04-16,"2026-07-16 13:58:28"
5051,1,421,NORTH,4780.0,11,2026-05-16,"2026-07-16 13:58:28"
5052,1,421,NORTH,4787.0,12,2026-06-16,"2026-07-16 13:58:28"
5053,1,422,WEST,4517.0,1,2025-07-16,"2026-07-16 13:58:28"
5054,1,422,MAIN,4587.0,2,2025-08-16,"2026-07-16 13:58:28"
5055,1,422,EAST,4486.0,3,2025-09-16,"2026-07-16 13:58:28"
5056,1,422,NORTH,4230.0,4,2025-10-16,"2026-07-16 13:58:28"
5057,1,422,MAIN,4276.0,5,2025-11-16,"2026-07-16 13:58:28"
5058,1,422,NORTH,4304.0,6,2025-12-16,"2026-07-16 13:58:28"
5059,1,422,WEST,4336.0,7,2026-01-16,"2026-07-16 13:58:28"
5060,1,422,WEST,4484.0,8,2026-02-16,"2026-07-16 13:58:28"
5061,1,422,EAST,4530.0,9,2026-03-16,"2026-07-16 13:58:28"
5062,1,422,MAIN,4448.0,10,2026-04-16,"2026-07-16 13:58:28"
5063,1,422,EAST,4436.0,11,2026-05-16,"2026-07-16 13:58:28"
5064,1,422,WEST,4539.0,12,2026-06-16,"2026-07-16 13:58:28"
5065,1,423,WEST,4911.0,1,2025-07-16,"2026-07-16 13:58:28"
5066,1,423,NORTH,5000.0,2,2025-08-16,"2026-07-16 13:58:28"
5067,1,423,MAIN,4834.0,3,2025-09-16,"2026-07-16 13:58:28"
5068,1,423,NORTH,5142.0,4,2025-10-16,"2026-07-16 13:58:28"
5069,1,423,EAST,4938.0,5,2025-11-16,"2026-07-16 13:58:28"
5070,1,423,WEST,5074.0,6,2025-12-16,"2026-07-16 13:58:28"
5071,1,423,NORTH,4976.0,7,2026-01-16,"2026-07-16 13:58:28"
5072,1,423,MAIN,4888.0,8,2026-02-16,"2026-07-16 13:58:28"
5073,1,423,WEST,4860.0,9,2026-03-16,"2026-07-16 13:58:28"
5074,1,423,MAIN,4881.0,10,2026-04-16,"2026-07-16 13:58:28"
5075,1,423,EAST,4909.0,11,2026-05-16,"2026-07-16 13:58:28"
5076,1,423,MAIN,4966.0,12,2026-06-16,"2026-07-16 13:58:28"
5077,1,424,WEST,8172.0,1,2025-07-16,"2026-07-16 13:58:28"
5078,1,424,WEST,8261.0,2,2025-08-16,"2026-07-16 13:58:28"
5079,1,424,EAST,8335.0,3,2025-09-16,"2026-07-16 13:58:28"
5080,1,424,EAST,8275.0,4,2025-10-16,"2026-07-16 13:58:28"
5081,1,424,MAIN,8181.0,5,2025-11-16,"2026-07-16 13:58:28"
5082,1,424,EAST,8230.0,6,2025-12-16,"2026-07-16 13:58:28"
5083,1,424,NORTH,8312.0,7,2026-01-16,"2026-07-16 13:58:28"
5084,1,424,MAIN,7995.0,8,2026-02-16,"2026-07-16 13:58:28"
5085,1,424,NORTH,8362.0,9,2026-03-16,"2026-07-16 13:58:28"
5086,1,424,NORTH,8087.0,10,2026-04-16,"2026-07-16 13:58:28"
5087,1,424,MAIN,8335.0,11,2026-05-16,"2026-07-16 13:58:28"
5088,1,424,MAIN,8158.0,12,2026-06-16,"2026-07-16 13:58:28"
5089,1,425,WEST,448.0,1,2025-07-16,"2026-07-16 13:58:28"
5090,1,425,EAST,531.0,2,2025-08-16,"2026-07-16 13:58:28"
5091,1,425,MAIN,387.0,3,2025-09-16,"2026-07-16 13:58:28"
5092,1,425,WEST,407.0,4,2025-10-16,"2026-07-16 13:58:28"
5093,1,425,WEST,385.0,5,2025-11-16,"2026-07-16 13:58:28"
5094,1,425,EAST,545.0,6,2025-12-16,"2026-07-16 13:58:28"
5095,1,425,WEST,466.0,7,2026-01-16,"2026-07-16 13:58:28"
5096,1,425,MAIN,732.0,8,2026-02-16,"2026-07-16 13:58:28"
5097,1,425,MAIN,507.0,9,2026-03-16,"2026-07-16 13:58:28"
5098,1,425,WEST,594.0,10,2026-04-16,"2026-07-16 13:58:28"
5099,1,425,EAST,675.0,11,2026-05-16,"2026-07-16 13:58:28"
5100,1,425,EAST,657.0,12,2026-06-16,"2026-07-16 13:58:28"
5101,1,426,WEST,9724.0,1,2025-07-16,"2026-07-16 13:58:28"
5102,1,426,MAIN,9656.0,2,2025-08-16,"2026-07-16 13:58:28"
5103,1,426,EAST,9915.0,3,2025-09-16,"2026-07-16 13:58:28"
5104,1,426,WEST,9586.0,4,2025-10-16,"2026-07-16 13:58:28"
5105,1,426,WEST,9776.0,5,2025-11-16,"2026-07-16 13:58:28"
5106,1,426,EAST,9896.0,6,2025-12-16,"2026-07-16 13:58:28"
5107,1,426,EAST,9953.0,7,2026-01-16,"2026-07-16 13:58:28"
5108,1,426,WEST,9626.0,8,2026-02-16,"2026-07-16 13:58:28"
5109,1,426,NORTH,9858.0,9,2026-03-16,"2026-07-16 13:58:28"
5110,1,426,WEST,9633.0,10,2026-04-16,"2026-07-16 13:58:28"
5111,1,426,WEST,9936.0,11,2026-05-16,"2026-07-16 13:58:28"
5112,1,426,EAST,9649.0,12,2026-06-16,"2026-07-16 13:58:28"
5113,1,427,MAIN,7777.0,1,2025-07-16,"2026-07-16 13:58:28"
5114,1,427,WEST,7913.0,2,2025-08-16,"2026-07-16 13:58:28"
5115,1,427,NORTH,7660.0,3,2025-09-16,"2026-07-16 13:58:28"
5116,1,427,MAIN,7902.0,4,2025-10-16,"2026-07-16 13:58:28"
5117,1,427,WEST,7719.0,5,2025-11-16,"2026-07-16 13:58:28"
5118,1,427,NORTH,7770.0,6,2025-12-16,"2026-07-16 13:58:28"
5119,1,427,MAIN,7737.0,7,2026-01-16,"2026-07-16 13:58:28"
5120,1,427,EAST,7719.0,8,2026-02-16,"2026-07-16 13:58:28"
5121,1,427,WEST,7854.0,9,2026-03-16,"2026-07-16 13:58:28"
5122,1,427,MAIN,7918.0,10,2026-04-16,"2026-07-16 13:58:28"
5123,1,427,EAST,7856.0,11,2026-05-16,"2026-07-16 13:58:28"
5124,1,427,EAST,7802.0,12,2026-06-16,"2026-07-16 13:58:28"
5125,1,428,WEST,1695.0,1,2025-07-16,"2026-07-16 13:58:28"
5126,1,428,WEST,1901.0,2,2025-08-16,"2026-07-16 13:58:28"
5127,1,428,WEST,1685.0,3,2025-09-16,"2026-07-16 13:58:28"
5128,1,428,NORTH,1801.0,4,2025-10-16,"2026-07-16 13:58:28"
5129,1,428,EAST,1840.0,5,2025-11-16,"2026-07-16 13:58:28"
5130,1,428,MAIN,1746.0,6,2025-12-16,"2026-07-16 13:58:28"
5131,1,428,EAST,1686.0,7,2026-01-16,"2026-07-16 13:58:28"
5132,1,428,MAIN,2018.0,8,2026-02-16,"2026-07-16 13:58:28"
5133,1,428,WEST,1732.0,9,2026-03-16,"2026-07-16 13:58:28"
5134,1,428,WEST,1987.0,10,2026-04-16,"2026-07-16 13:58:28"
5135,1,428,EAST,1928.0,11,2026-05-16,"2026-07-16 13:58:28"
5136,1,428,NORTH,1913.0,12,2026-06-16,"2026-07-16 13:58:28"
5137,1,429,NORTH,1740.0,1,2025-07-16,"2026-07-16 13:58:28"
5138,1,429,EAST,1789.0,2,2025-08-16,"2026-07-16 13:58:28"
5139,1,429,MAIN,1668.0,3,2025-09-16,"2026-07-16 13:58:28"
5140,1,429,EAST,1870.0,4,2025-10-16,"2026-07-16 13:58:28"
5141,1,429,MAIN,1779.0,5,2025-11-16,"2026-07-16 13:58:28"
5142,1,429,EAST,1719.0,6,2025-12-16,"2026-07-16 13:58:28"
5143,1,429,EAST,1847.0,7,2026-01-16,"2026-07-16 13:58:28"
5144,1,429,MAIN,2027.0,8,2026-02-16,"2026-07-16 13:58:28"
5145,1,429,MAIN,2042.0,9,2026-03-16,"2026-07-16 13:58:28"
5146,1,429,MAIN,1976.0,10,2026-04-16,"2026-07-16 13:58:28"
5147,1,429,WEST,1730.0,11,2026-05-16,"2026-07-16 13:58:28"
5148,1,429,MAIN,1817.0,12,2026-06-16,"2026-07-16 13:58:28"
5149,1,430,NORTH,1008.0,1,2025-07-16,"2026-07-16 13:58:28"
5150,1,430,NORTH,1099.0,2,2025-08-16,"2026-07-16 13:58:28"
5151,1,430,WEST,993.0,3,2025-09-16,"2026-07-16 13:58:28"
5152,1,430,NORTH,794.0,4,2025-10-16,"2026-07-16 13:58:28"
5153,1,430,NORTH,977.0,5,2025-11-16,"2026-07-16 13:58:28"
5154,1,430,NORTH,1075.0,6,2025-12-16,"2026-07-16 13:58:28"
5155,1,430,EAST,1035.0,7,2026-01-16,"2026-07-16 13:58:28"
5156,1,430,WEST,866.0,8,2026-02-16,"2026-07-16 13:58:28"
5157,1,430,WEST,1080.0,9,2026-03-16,"2026-07-16 13:58:28"
5158,1,430,WEST,825.0,10,2026-04-16,"2026-07-16 13:58:28"
5159,1,430,WEST,1067.0,11,2026-05-16,"2026-07-16 13:58:28"
5160,1,430,NORTH,872.0,12,2026-06-16,"2026-07-16 13:58:28"
5161,1,431,EAST,4745.0,1,2025-07-16,"2026-07-16 13:58:28"
5162,1,431,WEST,4796.0,2,2025-08-16,"2026-07-16 13:58:28"
5163,1,431,WEST,4875.0,3,2025-09-16,"2026-07-16 13:58:28"
5164,1,431,EAST,4705.0,4,2025-10-16,"2026-07-16 13:58:28"
5165,1,431,EAST,4550.0,5,2025-11-16,"2026-07-16 13:58:28"
5166,1,431,WEST,4626.0,6,2025-12-16,"2026-07-16 13:58:28"
5167,1,431,NORTH,4754.0,7,2026-01-16,"2026-07-16 13:58:28"
5168,1,431,MAIN,4669.0,8,2026-02-16,"2026-07-16 13:58:28"
5169,1,431,NORTH,4692.0,9,2026-03-16,"2026-07-16 13:58:28"
5170,1,431,MAIN,4710.0,10,2026-04-16,"2026-07-16 13:58:28"
5171,1,431,EAST,4577.0,11,2026-05-16,"2026-07-16 13:58:28"
5172,1,431,WEST,4744.0,12,2026-06-16,"2026-07-16 13:58:28"
5173,1,432,NORTH,5827.0,1,2025-07-16,"2026-07-16 13:58:28"
5174,1,432,EAST,5768.0,2,2025-08-16,"2026-07-16 13:58:28"
5175,1,432,NORTH,5794.0,3,2025-09-16,"2026-07-16 13:58:28"
5176,1,432,NORTH,5868.0,4,2025-10-16,"2026-07-16 13:58:28"
5177,1,432,NORTH,5773.0,5,2025-11-16,"2026-07-16 13:58:28"
5178,1,432,EAST,5819.0,6,2025-12-16,"2026-07-16 13:58:28"
5179,1,432,WEST,5714.0,7,2026-01-16,"2026-07-16 13:58:28"
5180,1,432,MAIN,5758.0,8,2026-02-16,"2026-07-16 13:58:28"
5181,1,432,EAST,5909.0,9,2026-03-16,"2026-07-16 13:58:28"
5182,1,432,NORTH,6013.0,10,2026-04-16,"2026-07-16 13:58:28"
5183,1,432,MAIN,6007.0,11,2026-05-16,"2026-07-16 13:58:28"
5184,1,432,WEST,6023.0,12,2026-06-16,"2026-07-16 13:58:28"
5185,1,433,WEST,5506.0,1,2025-07-16,"2026-07-16 13:58:28"
5186,1,433,WEST,5692.0,2,2025-08-16,"2026-07-16 13:58:28"
5187,1,433,EAST,5513.0,3,2025-09-16,"2026-07-16 13:58:28"
5188,1,433,MAIN,5684.0,4,2025-10-16,"2026-07-16 13:58:28"
5189,1,433,WEST,5428.0,5,2025-11-16,"2026-07-16 13:58:28"
5190,1,433,EAST,5638.0,6,2025-12-16,"2026-07-16 13:58:28"
5191,1,433,NORTH,5814.0,7,2026-01-16,"2026-07-16 13:58:28"
5192,1,433,NORTH,5631.0,8,2026-02-16,"2026-07-16 13:58:28"
5193,1,433,EAST,5726.0,9,2026-03-16,"2026-07-16 13:58:28"
5194,1,433,MAIN,5773.0,10,2026-04-16,"2026-07-16 13:58:28"
5195,1,433,EAST,5763.0,11,2026-05-16,"2026-07-16 13:58:28"
5196,1,433,EAST,5603.0,12,2026-06-16,"2026-07-16 13:58:28"
5197,1,434,NORTH,9976.0,1,2025-07-16,"2026-07-16 13:58:28"
5198,1,434,WEST,10038.0,2,2025-08-16,"2026-07-16 13:58:28"
5199,1,434,EAST,10018.0,3,2025-09-16,"2026-07-16 13:58:28"
5200,1,434,WEST,9764.0,4,2025-10-16,"2026-07-16 13:58:28"
5201,1,434,MAIN,10054.0,5,2025-11-16,"2026-07-16 13:58:28"
5202,1,434,NORTH,9850.0,6,2025-12-16,"2026-07-16 13:58:28"
5203,1,434,MAIN,9873.0,7,2026-01-16,"2026-07-16 13:58:28"
5204,1,434,NORTH,9970.0,8,2026-02-16,"2026-07-16 13:58:28"
5205,1,434,MAIN,9772.0,9,2026-03-16,"2026-07-16 13:58:28"
5206,1,434,WEST,10138.0,10,2026-04-16,"2026-07-16 13:58:28"
5207,1,434,WEST,10116.0,11,2026-05-16,"2026-07-16 13:58:28"
5208,1,434,EAST,10014.0,12,2026-06-16,"2026-07-16 13:58:28"
5209,1,435,WEST,585.0,1,2025-07-16,"2026-07-16 13:58:28"
5210,1,435,WEST,554.0,2,2025-08-16,"2026-07-16 13:58:28"
5211,1,435,NORTH,816.0,3,2025-09-16,"2026-07-16 13:58:28"
5212,1,435,EAST,617.0,4,2025-10-16,"2026-07-16 13:58:28"
5213,1,435,WEST,796.0,5,2025-11-16,"2026-07-16 13:58:28"
5214,1,435,NORTH,728.0,6,2025-12-16,"2026-07-16 13:58:28"
5215,1,435,EAST,726.0,7,2026-01-16,"2026-07-16 13:58:28"
5216,1,435,EAST,611.0,8,2026-02-16,"2026-07-16 13:58:28"
5217,1,435,MAIN,789.0,9,2026-03-16,"2026-07-16 13:58:28"
5218,1,435,EAST,800.0,10,2026-04-16,"2026-07-16 13:58:28"
5219,1,435,EAST,915.0,11,2026-05-16,"2026-07-16 13:58:28"
5220,1,435,EAST,655.0,12,2026-06-16,"2026-07-16 13:58:28"
5221,1,436,MAIN,3025.0,1,2025-07-16,"2026-07-16 13:58:28"
5222,1,436,WEST,2899.0,2,2025-08-16,"2026-07-16 13:58:28"
5223,1,436,NORTH,2735.0,3,2025-09-16,"2026-07-16 13:58:28"
5224,1,436,EAST,2777.0,4,2025-10-16,"2026-07-16 13:58:28"
5225,1,436,WEST,2973.0,5,2025-11-16,"2026-07-16 13:58:28"
5226,1,436,MAIN,2966.0,6,2025-12-16,"2026-07-16 13:58:28"
5227,1,436,MAIN,2715.0,7,2026-01-16,"2026-07-16 13:58:28"
5228,1,436,MAIN,2830.0,8,2026-02-16,"2026-07-16 13:58:28"
5229,1,436,WEST,2906.0,9,2026-03-16,"2026-07-16 13:58:28"
5230,1,436,MAIN,2885.0,10,2026-04-16,"2026-07-16 13:58:28"
5231,1,436,WEST,3051.0,11,2026-05-16,"2026-07-16 13:58:28"
5232,1,436,NORTH,3038.0,12,2026-06-16,"2026-07-16 13:58:28"
5233,1,437,EAST,2367.0,1,2025-07-16,"2026-07-16 13:58:28"
5234,1,437,MAIN,2253.0,2,2025-08-16,"2026-07-16 13:58:28"
5235,1,437,WEST,2291.0,3,2025-09-16,"2026-07-16 13:58:28"
5236,1,437,WEST,2413.0,4,2025-10-16,"2026-07-16 13:58:28"
5237,1,437,NORTH,2380.0,5,2025-11-16,"2026-07-16 13:58:28"
5238,1,437,WEST,2496.0,6,2025-12-16,"2026-07-16 13:58:28"
5239,1,437,WEST,2566.0,7,2026-01-16,"2026-07-16 13:58:28"
5240,1,437,EAST,2531.0,8,2026-02-16,"2026-07-16 13:58:28"
5241,1,437,NORTH,2463.0,9,2026-03-16,"2026-07-16 13:58:28"
5242,1,437,WEST,2547.0,10,2026-04-16,"2026-07-16 13:58:28"
5243,1,437,WEST,2434.0,11,2026-05-16,"2026-07-16 13:58:28"
5244,1,437,EAST,2291.0,12,2026-06-16,"2026-07-16 13:58:28"
5245,1,438,NORTH,1881.0,1,2025-07-16,"2026-07-16 13:58:28"
5246,1,438,MAIN,2042.0,2,2025-08-16,"2026-07-16 13:58:28"
5247,1,438,MAIN,1870.0,3,2025-09-16,"2026-07-16 13:58:28"
5248,1,438,WEST,1860.0,4,2025-10-16,"2026-07-16 13:58:28"
5249,1,438,WEST,1830.0,5,2025-11-16,"2026-07-16 13:58:28"
5250,1,438,MAIN,1882.0,6,2025-12-16,"2026-07-16 13:58:28"
5251,1,438,WEST,1792.0,7,2026-01-16,"2026-07-16 13:58:28"
5252,1,438,MAIN,2047.0,8,2026-02-16,"2026-07-16 13:58:28"
5253,1,438,WEST,1804.0,9,2026-03-16,"2026-07-16 13:58:28"
5254,1,438,WEST,1758.0,10,2026-04-16,"2026-07-16 13:58:28"
5255,1,438,WEST,1827.0,11,2026-05-16,"2026-07-16 13:58:28"
5256,1,438,WEST,1728.0,12,2026-06-16,"2026-07-16 13:58:28"
5257,1,439,NORTH,7646.0,1,2025-07-16,"2026-07-16 13:58:28"
5258,1,439,MAIN,7548.0,2,2025-08-16,"2026-07-16 13:58:28"
5259,1,439,WEST,7832.0,3,2025-09-16,"2026-07-16 13:58:28"
5260,1,439,WEST,7664.0,4,2025-10-16,"2026-07-16 13:58:28"
5261,1,439,WEST,7904.0,5,2025-11-16,"2026-07-16 13:58:28"
5262,1,439,WEST,7900.0,6,2025-12-16,"2026-07-16 13:58:28"
5263,1,439,NORTH,7736.0,7,2026-01-16,"2026-07-16 13:58:28"
5264,1,439,MAIN,7825.0,8,2026-02-16,"2026-07-16 13:58:28"
5265,1,439,EAST,7559.0,9,2026-03-16,"2026-07-16 13:58:28"
5266,1,439,MAIN,7865.0,10,2026-04-16,"2026-07-16 13:58:28"
5267,1,439,EAST,7601.0,11,2026-05-16,"2026-07-16 13:58:28"
5268,1,439,NORTH,7644.0,12,2026-06-16,"2026-07-16 13:58:28"
5269,1,440,NORTH,3409.0,1,2025-07-16,"2026-07-16 13:58:28"
5270,1,440,WEST,3712.0,2,2025-08-16,"2026-07-16 13:58:28"
5271,1,440,NORTH,3670.0,3,2025-09-16,"2026-07-16 13:58:28"
5272,1,440,MAIN,3597.0,4,2025-10-16,"2026-07-16 13:58:28"
5273,1,440,MAIN,3508.0,5,2025-11-16,"2026-07-16 13:58:28"
5274,1,440,EAST,3490.0,6,2025-12-16,"2026-07-16 13:58:28"
5275,1,440,WEST,3493.0,7,2026-01-16,"2026-07-16 13:58:28"
5276,1,440,MAIN,3359.0,8,2026-02-16,"2026-07-16 13:58:28"
5277,1,440,EAST,3524.0,9,2026-03-16,"2026-07-16 13:58:28"
5278,1,440,NORTH,3683.0,10,2026-04-16,"2026-07-16 13:58:28"
5279,1,440,NORTH,3594.0,11,2026-05-16,"2026-07-16 13:58:28"
5280,1,440,EAST,3637.0,12,2026-06-16,"2026-07-16 13:58:28"
5281,1,441,MAIN,4437.0,1,2025-07-16,"2026-07-16 13:58:28"
5282,1,441,EAST,4433.0,2,2025-08-16,"2026-07-16 13:58:28"
5283,1,441,NORTH,4571.0,3,2025-09-16,"2026-07-16 13:58:28"
5284,1,441,MAIN,4530.0,4,2025-10-16,"2026-07-16 13:58:28"
5285,1,441,WEST,4698.0,5,2025-11-16,"2026-07-16 13:58:28"
5286,1,441,EAST,4622.0,6,2025-12-16,"2026-07-16 13:58:28"
5287,1,441,MAIN,4715.0,7,2026-01-16,"2026-07-16 13:58:28"
5288,1,441,EAST,4682.0,8,2026-02-16,"2026-07-16 13:58:28"
5289,1,441,MAIN,4495.0,9,2026-03-16,"2026-07-16 13:58:28"
5290,1,441,EAST,4641.0,10,2026-04-16,"2026-07-16 13:58:28"
5291,1,441,WEST,4680.0,11,2026-05-16,"2026-07-16 13:58:28"
5292,1,441,NORTH,4694.0,12,2026-06-16,"2026-07-16 13:58:28"
5293,1,442,MAIN,1387.0,1,2025-07-16,"2026-07-16 13:58:28"
5294,1,442,NORTH,1272.0,2,2025-08-16,"2026-07-16 13:58:28"
5295,1,442,EAST,1382.0,3,2025-09-16,"2026-07-16 13:58:28"
5296,1,442,WEST,1186.0,4,2025-10-16,"2026-07-16 13:58:28"
5297,1,442,WEST,1211.0,5,2025-11-16,"2026-07-16 13:58:28"
5298,1,442,EAST,1339.0,6,2025-12-16,"2026-07-16 13:58:28"
5299,1,442,NORTH,1384.0,7,2026-01-16,"2026-07-16 13:58:28"
5300,1,442,NORTH,1165.0,8,2026-02-16,"2026-07-16 13:58:28"
5301,1,442,WEST,1179.0,9,2026-03-16,"2026-07-16 13:58:28"
5302,1,442,EAST,1111.0,10,2026-04-16,"2026-07-16 13:58:28"
5303,1,442,WEST,1403.0,11,2026-05-16,"2026-07-16 13:58:28"
5304,1,442,MAIN,1190.0,12,2026-06-16,"2026-07-16 13:58:28"
5305,1,443,WEST,6757.0,1,2025-07-16,"2026-07-16 13:58:28"
5306,1,443,MAIN,6655.0,2,2025-08-16,"2026-07-16 13:58:28"
5307,1,443,WEST,6887.0,3,2025-09-16,"2026-07-16 13:58:28"
5308,1,443,EAST,6779.0,4,2025-10-16,"2026-07-16 13:58:28"
5309,1,443,NORTH,6788.0,5,2025-11-16,"2026-07-16 13:58:28"
5310,1,443,MAIN,7048.0,6,2025-12-16,"2026-07-16 13:58:28"
5311,1,443,MAIN,6751.0,7,2026-01-16,"2026-07-16 13:58:28"
5312,1,443,WEST,6698.0,8,2026-02-16,"2026-07-16 13:58:28"
5313,1,443,WEST,6988.0,9,2026-03-16,"2026-07-16 13:58:28"
5314,1,443,EAST,6847.0,10,2026-04-16,"2026-07-16 13:58:28"
5315,1,443,WEST,6984.0,11,2026-05-16,"2026-07-16 13:58:28"
5316,1,443,WEST,6737.0,12,2026-06-16,"2026-07-16 13:58:28"
5317,1,444,MAIN,4372.0,1,2025-07-16,"2026-07-16 13:58:28"
5318,1,444,EAST,4454.0,2,2025-08-16,"2026-07-16 13:58:28"
5319,1,444,MAIN,4255.0,3,2025-09-16,"2026-07-16 13:58:28"
5320,1,444,EAST,4420.0,4,2025-10-16,"2026-07-16 13:58:28"
5321,1,444,EAST,4200.0,5,2025-11-16,"2026-07-16 13:58:28"
5322,1,444,MAIN,4411.0,6,2025-12-16,"2026-07-16 13:58:28"
5323,1,444,WEST,4292.0,7,2026-01-16,"2026-07-16 13:58:28"
5324,1,444,EAST,4112.0,8,2026-02-16,"2026-07-16 13:58:28"
5325,1,444,EAST,4487.0,9,2026-03-16,"2026-07-16 13:58:28"
5326,1,444,MAIN,4491.0,10,2026-04-16,"2026-07-16 13:58:28"
5327,1,444,NORTH,4442.0,11,2026-05-16,"2026-07-16 13:58:28"
5328,1,444,NORTH,4218.0,12,2026-06-16,"2026-07-16 13:58:28"
5329,1,445,NORTH,8620.0,1,2025-07-16,"2026-07-16 13:58:28"
5330,1,445,WEST,8549.0,2,2025-08-16,"2026-07-16 13:58:28"
5331,1,445,WEST,8602.0,3,2025-09-16,"2026-07-16 13:58:28"
5332,1,445,EAST,8445.0,4,2025-10-16,"2026-07-16 13:58:28"
5333,1,445,NORTH,8520.0,5,2025-11-16,"2026-07-16 13:58:28"
5334,1,445,EAST,8427.0,6,2025-12-16,"2026-07-16 13:58:28"
5335,1,445,NORTH,8285.0,7,2026-01-16,"2026-07-16 13:58:28"
5336,1,445,MAIN,8555.0,8,2026-02-16,"2026-07-16 13:58:28"
5337,1,445,MAIN,8534.0,9,2026-03-16,"2026-07-16 13:58:28"
5338,1,445,EAST,8581.0,10,2026-04-16,"2026-07-16 13:58:28"
5339,1,445,EAST,8395.0,11,2026-05-16,"2026-07-16 13:58:28"
5340,1,445,EAST,8269.0,12,2026-06-16,"2026-07-16 13:58:28"
5341,1,446,EAST,485.0,1,2025-07-16,"2026-07-16 13:58:28"
5342,1,446,EAST,233.0,2,2025-08-16,"2026-07-16 13:58:28"
5343,1,446,WEST,365.0,3,2025-09-16,"2026-07-16 13:58:28"
5344,1,446,NORTH,486.0,4,2025-10-16,"2026-07-16 13:58:28"
5345,1,446,EAST,363.0,5,2025-11-16,"2026-07-16 13:58:28"
5346,1,446,MAIN,255.0,6,2025-12-16,"2026-07-16 13:58:28"
5347,1,446,EAST,396.0,7,2026-01-16,"2026-07-16 13:58:28"
5348,1,446,EAST,479.0,8,2026-02-16,"2026-07-16 13:58:28"
5349,1,446,NORTH,452.0,9,2026-03-16,"2026-07-16 13:58:28"
5350,1,446,WEST,437.0,10,2026-04-16,"2026-07-16 13:58:28"
5351,1,446,NORTH,463.0,11,2026-05-16,"2026-07-16 13:58:28"
5352,1,446,MAIN,291.0,12,2026-06-16,"2026-07-16 13:58:28"
5353,1,447,NORTH,9411.0,1,2025-07-16,"2026-07-16 13:58:28"
5354,1,447,WEST,9540.0,2,2025-08-16,"2026-07-16 13:58:28"
5355,1,447,WEST,9547.0,3,2025-09-16,"2026-07-16 13:58:28"
5356,1,447,EAST,9678.0,4,2025-10-16,"2026-07-16 13:58:28"
5357,1,447,NORTH,9628.0,5,2025-11-16,"2026-07-16 13:58:28"
5358,1,447,MAIN,9424.0,6,2025-12-16,"2026-07-16 13:58:28"
5359,1,447,MAIN,9716.0,7,2026-01-16,"2026-07-16 13:58:28"
5360,1,447,WEST,9408.0,8,2026-02-16,"2026-07-16 13:58:28"
5361,1,447,EAST,9521.0,9,2026-03-16,"2026-07-16 13:58:28"
5362,1,447,EAST,9529.0,10,2026-04-16,"2026-07-16 13:58:28"
5363,1,447,MAIN,9389.0,11,2026-05-16,"2026-07-16 13:58:28"
5364,1,447,NORTH,9584.0,12,2026-06-16,"2026-07-16 13:58:28"
5365,1,448,WEST,427.0,1,2025-07-16,"2026-07-16 13:58:28"
5366,1,448,NORTH,316.0,2,2025-08-16,"2026-07-16 13:58:28"
5367,1,448,NORTH,292.0,3,2025-09-16,"2026-07-16 13:58:28"
5368,1,448,NORTH,597.0,4,2025-10-16,"2026-07-16 13:58:28"
5369,1,448,EAST,413.0,5,2025-11-16,"2026-07-16 13:58:28"
5370,1,448,EAST,539.0,6,2025-12-16,"2026-07-16 13:58:28"
5371,1,448,MAIN,388.0,7,2026-01-16,"2026-07-16 13:58:28"
5372,1,448,EAST,595.0,8,2026-02-16,"2026-07-16 13:58:28"
5373,1,448,NORTH,540.0,9,2026-03-16,"2026-07-16 13:58:28"
5374,1,448,WEST,378.0,10,2026-04-16,"2026-07-16 13:58:28"
5375,1,448,NORTH,250.0,11,2026-05-16,"2026-07-16 13:58:28"
5376,1,448,WEST,514.0,12,2026-06-16,"2026-07-16 13:58:28"
5377,1,449,EAST,823.0,1,2025-07-16,"2026-07-16 13:58:28"
5378,1,449,NORTH,1043.0,2,2025-08-16,"2026-07-16 13:58:28"
5379,1,449,MAIN,1011.0,3,2025-09-16,"2026-07-16 13:58:28"
5380,1,449,WEST,804.0,4,2025-10-16,"2026-07-16 13:58:28"
5381,1,449,NORTH,881.0,5,2025-11-16,"2026-07-16 13:58:28"
5382,1,449,WEST,1073.0,6,2025-12-16,"2026-07-16 13:58:28"
5383,1,449,WEST,838.0,7,2026-01-16,"2026-07-16 13:58:28"
5384,1,449,MAIN,682.0,8,2026-02-16,"2026-07-16 13:58:28"
5385,1,449,EAST,763.0,9,2026-03-16,"2026-07-16 13:58:28"
5386,1,449,EAST,945.0,10,2026-04-16,"2026-07-16 13:58:28"
5387,1,449,MAIN,741.0,11,2026-05-16,"2026-07-16 13:58:28"
5388,1,449,WEST,852.0,12,2026-06-16,"2026-07-16 13:58:28"
5389,1,450,MAIN,9748.0,1,2025-07-16,"2026-07-16 13:58:28"
5390,1,450,EAST,9705.0,2,2025-08-16,"2026-07-16 13:58:28"
5391,1,450,WEST,10004.0,3,2025-09-16,"2026-07-16 13:58:28"
5392,1,450,WEST,9941.0,4,2025-10-16,"2026-07-16 13:58:28"
5393,1,450,NORTH,9940.0,5,2025-11-16,"2026-07-16 13:58:28"
5394,1,450,MAIN,9851.0,6,2025-12-16,"2026-07-16 13:58:28"
5395,1,450,WEST,9708.0,7,2026-01-16,"2026-07-16 13:58:28"
5396,1,450,WEST,9735.0,8,2026-02-16,"2026-07-16 13:58:28"
5397,1,450,NORTH,9959.0,9,2026-03-16,"2026-07-16 13:58:28"
5398,1,450,NORTH,9665.0,10,2026-04-16,"2026-07-16 13:58:28"
5399,1,450,EAST,9982.0,11,2026-05-16,"2026-07-16 13:58:28"
5400,1,450,EAST,9799.0,12,2026-06-16,"2026-07-16 13:58:28"
5401,1,451,EAST,4323.0,1,2025-07-16,"2026-07-16 13:58:28"
5402,1,451,MAIN,4005.0,2,2025-08-16,"2026-07-16 13:58:28"
5403,1,451,EAST,4337.0,3,2025-09-16,"2026-07-16 13:58:28"
5404,1,451,EAST,4360.0,4,2025-10-16,"2026-07-16 13:58:28"
5405,1,451,WEST,4299.0,5,2025-11-16,"2026-07-16 13:58:28"
5406,1,451,MAIN,3985.0,6,2025-12-16,"2026-07-16 13:58:28"
5407,1,451,WEST,4076.0,7,2026-01-16,"2026-07-16 13:58:28"
5408,1,451,MAIN,4080.0,8,2026-02-16,"2026-07-16 13:58:28"
5409,1,451,WEST,4328.0,9,2026-03-16,"2026-07-16 13:58:28"
5410,1,451,EAST,4238.0,10,2026-04-16,"2026-07-16 13:58:28"
5411,1,451,MAIN,4044.0,11,2026-05-16,"2026-07-16 13:58:28"
5412,1,451,EAST,4272.0,12,2026-06-16,"2026-07-16 13:58:28"
5413,1,452,MAIN,8322.0,1,2025-07-16,"2026-07-16 13:58:28"
5414,1,452,WEST,8328.0,2,2025-08-16,"2026-07-16 13:58:28"
5415,1,452,NORTH,8228.0,3,2025-09-16,"2026-07-16 13:58:28"
5416,1,452,NORTH,8458.0,4,2025-10-16,"2026-07-16 13:58:28"
5417,1,452,MAIN,8537.0,5,2025-11-16,"2026-07-16 13:58:28"
5418,1,452,WEST,8293.0,6,2025-12-16,"2026-07-16 13:58:28"
5419,1,452,NORTH,8360.0,7,2026-01-16,"2026-07-16 13:58:28"
5420,1,452,WEST,8375.0,8,2026-02-16,"2026-07-16 13:58:28"
5421,1,452,EAST,8442.0,9,2026-03-16,"2026-07-16 13:58:28"
5422,1,452,MAIN,8237.0,10,2026-04-16,"2026-07-16 13:58:28"
5423,1,452,WEST,8334.0,11,2026-05-16,"2026-07-16 13:58:28"
5424,1,452,NORTH,8327.0,12,2026-06-16,"2026-07-16 13:58:28"
5425,1,453,NORTH,7782.0,1,2025-07-16,"2026-07-16 13:58:28"
5426,1,453,NORTH,7690.0,2,2025-08-16,"2026-07-16 13:58:28"
5427,1,453,NORTH,7481.0,3,2025-09-16,"2026-07-16 13:58:28"
5428,1,453,WEST,7658.0,4,2025-10-16,"2026-07-16 13:58:28"
5429,1,453,WEST,7553.0,5,2025-11-16,"2026-07-16 13:58:28"
5430,1,453,WEST,7510.0,6,2025-12-16,"2026-07-16 13:58:28"
5431,1,453,WEST,7742.0,7,2026-01-16,"2026-07-16 13:58:28"
5432,1,453,EAST,7661.0,8,2026-02-16,"2026-07-16 13:58:28"
5433,1,453,EAST,7534.0,9,2026-03-16,"2026-07-16 13:58:28"
5434,1,453,MAIN,7604.0,10,2026-04-16,"2026-07-16 13:58:28"
5435,1,453,EAST,7603.0,11,2026-05-16,"2026-07-16 13:58:28"
5436,1,453,MAIN,7702.0,12,2026-06-16,"2026-07-16 13:58:28"
5437,1,454,WEST,8955.0,1,2025-07-16,"2026-07-16 13:58:28"
5438,1,454,MAIN,8987.0,2,2025-08-16,"2026-07-16 13:58:28"
5439,1,454,NORTH,8923.0,3,2025-09-16,"2026-07-16 13:58:28"
5440,1,454,WEST,9022.0,4,2025-10-16,"2026-07-16 13:58:28"
5441,1,454,MAIN,9047.0,5,2025-11-16,"2026-07-16 13:58:28"
5442,1,454,NORTH,8766.0,6,2025-12-16,"2026-07-16 13:58:28"
5443,1,454,WEST,9070.0,7,2026-01-16,"2026-07-16 13:58:28"
5444,1,454,WEST,8811.0,8,2026-02-16,"2026-07-16 13:58:28"
5445,1,454,MAIN,8740.0,9,2026-03-16,"2026-07-16 13:58:28"
5446,1,454,MAIN,8847.0,10,2026-04-16,"2026-07-16 13:58:28"
5447,1,454,NORTH,9117.0,11,2026-05-16,"2026-07-16 13:58:28"
5448,1,454,EAST,8997.0,12,2026-06-16,"2026-07-16 13:58:28"
5449,1,455,MAIN,8453.0,1,2025-07-16,"2026-07-16 13:58:28"
5450,1,455,NORTH,8776.0,2,2025-08-16,"2026-07-16 13:58:28"
5451,1,455,WEST,8537.0,3,2025-09-16,"2026-07-16 13:58:28"
5452,1,455,WEST,8453.0,4,2025-10-16,"2026-07-16 13:58:28"
5453,1,455,WEST,8468.0,5,2025-11-16,"2026-07-16 13:58:28"
5454,1,455,MAIN,8529.0,6,2025-12-16,"2026-07-16 13:58:28"
5455,1,455,NORTH,8641.0,7,2026-01-16,"2026-07-16 13:58:28"
5456,1,455,WEST,8762.0,8,2026-02-16,"2026-07-16 13:58:28"
5457,1,455,MAIN,8476.0,9,2026-03-16,"2026-07-16 13:58:28"
5458,1,455,WEST,8683.0,10,2026-04-16,"2026-07-16 13:58:28"
5459,1,455,WEST,8617.0,11,2026-05-16,"2026-07-16 13:58:28"
5460,1,455,EAST,8741.0,12,2026-06-16,"2026-07-16 13:58:28"
5461,1,456,EAST,4180.0,1,2025-07-16,"2026-07-16 13:58:28"
5462,1,456,MAIN,4171.0,2,2025-08-16,"2026-07-16 13:58:28"
5463,1,456,NORTH,4347.0,3,2025-09-16,"2026-07-16 13:58:28"
5464,1,456,MAIN,3972.0,4,2025-10-16,"2026-07-16 13:58:28"
5465,1,456,EAST,4102.0,5,2025-11-16,"2026-07-16 13:58:28"
5466,1,456,NORTH,4221.0,6,2025-12-16,"2026-07-16 13:58:28"
5467,1,456,WEST,4272.0,7,2026-01-16,"2026-07-16 13:58:28"
5468,1,456,MAIN,4214.0,8,2026-02-16,"2026-07-16 13:58:28"
5469,1,456,NORTH,4123.0,9,2026-03-16,"2026-07-16 13:58:28"
5470,1,456,NORTH,4360.0,10,2026-04-16,"2026-07-16 13:58:28"
5471,1,456,WEST,4193.0,11,2026-05-16,"2026-07-16 13:58:28"
5472,1,456,EAST,4007.0,12,2026-06-16,"2026-07-16 13:58:28"
5473,1,457,WEST,6106.0,1,2025-07-16,"2026-07-16 13:58:28"
5474,1,457,NORTH,5778.0,2,2025-08-16,"2026-07-16 13:58:28"
5475,1,457,EAST,5930.0,3,2025-09-16,"2026-07-16 13:58:28"
5476,1,457,EAST,5925.0,4,2025-10-16,"2026-07-16 13:58:28"
5477,1,457,WEST,5907.0,5,2025-11-16,"2026-07-16 13:58:28"
5478,1,457,WEST,5790.0,6,2025-12-16,"2026-07-16 13:58:28"
5479,1,457,MAIN,5967.0,7,2026-01-16,"2026-07-16 13:58:28"
5480,1,457,MAIN,6112.0,8,2026-02-16,"2026-07-16 13:58:28"
5481,1,457,MAIN,6100.0,9,2026-03-16,"2026-07-16 13:58:28"
5482,1,457,MAIN,5949.0,10,2026-04-16,"2026-07-16 13:58:28"
5483,1,457,EAST,6031.0,11,2026-05-16,"2026-07-16 13:58:28"
5484,1,457,NORTH,5975.0,12,2026-06-16,"2026-07-16 13:58:28"
5485,1,458,WEST,5293.0,1,2025-07-16,"2026-07-16 13:58:28"
5486,1,458,EAST,5580.0,2,2025-08-16,"2026-07-16 13:58:28"
5487,1,458,NORTH,5617.0,3,2025-09-16,"2026-07-16 13:58:28"
5488,1,458,MAIN,5411.0,4,2025-10-16,"2026-07-16 13:58:28"
5489,1,458,MAIN,5447.0,5,2025-11-16,"2026-07-16 13:58:28"
5490,1,458,NORTH,5327.0,6,2025-12-16,"2026-07-16 13:58:28"
5491,1,458,NORTH,5406.0,7,2026-01-16,"2026-07-16 13:58:28"
5492,1,458,MAIN,5660.0,8,2026-02-16,"2026-07-16 13:58:28"
5493,1,458,EAST,5443.0,9,2026-03-16,"2026-07-16 13:58:28"
5494,1,458,WEST,5615.0,10,2026-04-16,"2026-07-16 13:58:28"
5495,1,458,NORTH,5495.0,11,2026-05-16,"2026-07-16 13:58:28"
5496,1,458,MAIN,5545.0,12,2026-06-16,"2026-07-16 13:58:28"
5497,1,459,EAST,7914.0,1,2025-07-16,"2026-07-16 13:58:28"
5498,1,459,EAST,7879.0,2,2025-08-16,"2026-07-16 13:58:28"
5499,1,459,WEST,7998.0,3,2025-09-16,"2026-07-16 13:58:28"
5500,1,459,MAIN,7679.0,4,2025-10-16,"2026-07-16 13:58:28"
5501,1,459,EAST,7760.0,5,2025-11-16,"2026-07-16 13:58:28"
5502,1,459,WEST,7938.0,6,2025-12-16,"2026-07-16 13:58:28"
5503,1,459,WEST,7682.0,7,2026-01-16,"2026-07-16 13:58:28"
5504,1,459,NORTH,7920.0,8,2026-02-16,"2026-07-16 13:58:28"
5505,1,459,MAIN,7838.0,9,2026-03-16,"2026-07-16 13:58:28"
5506,1,459,NORTH,7658.0,10,2026-04-16,"2026-07-16 13:58:28"
5507,1,459,WEST,7741.0,11,2026-05-16,"2026-07-16 13:58:28"
5508,1,459,WEST,7744.0,12,2026-06-16,"2026-07-16 13:58:28"
5509,1,460,NORTH,9545.0,1,2025-07-16,"2026-07-16 13:58:28"
5510,1,460,EAST,9718.0,2,2025-08-16,"2026-07-16 13:58:28"
5511,1,460,MAIN,9833.0,3,2025-09-16,"2026-07-16 13:58:28"
5512,1,460,WEST,9463.0,4,2025-10-16,"2026-07-16 13:58:28"
5513,1,460,MAIN,9669.0,5,2025-11-16,"2026-07-16 13:58:28"
5514,1,460,WEST,9685.0,6,2025-12-16,"2026-07-16 13:58:28"
5515,1,460,WEST,9708.0,7,2026-01-16,"2026-07-16 13:58:28"
5516,1,460,MAIN,9634.0,8,2026-02-16,"2026-07-16 13:58:28"
5517,1,460,MAIN,9780.0,9,2026-03-16,"2026-07-16 13:58:28"
5518,1,460,MAIN,9632.0,10,2026-04-16,"2026-07-16 13:58:28"
5519,1,460,EAST,9647.0,11,2026-05-16,"2026-07-16 13:58:28"
5520,1,460,MAIN,9771.0,12,2026-06-16,"2026-07-16 13:58:28"
5521,1,461,WEST,7506.0,1,2025-07-16,"2026-07-16 13:58:28"
5522,1,461,EAST,7736.0,2,2025-08-16,"2026-07-16 13:58:28"
5523,1,461,MAIN,7696.0,3,2025-09-16,"2026-07-16 13:58:28"
5524,1,461,MAIN,7531.0,4,2025-10-16,"2026-07-16 13:58:28"
5525,1,461,WEST,7634.0,5,2025-11-16,"2026-07-16 13:58:28"
5526,1,461,EAST,7733.0,6,2025-12-16,"2026-07-16 13:58:28"
5527,1,461,EAST,7735.0,7,2026-01-16,"2026-07-16 13:58:28"
5528,1,461,WEST,7568.0,8,2026-02-16,"2026-07-16 13:58:28"
5529,1,461,WEST,7880.0,9,2026-03-16,"2026-07-16 13:58:28"
5530,1,461,MAIN,7632.0,10,2026-04-16,"2026-07-16 13:58:28"
5531,1,461,NORTH,7493.0,11,2026-05-16,"2026-07-16 13:58:28"
5532,1,461,WEST,7716.0,12,2026-06-16,"2026-07-16 13:58:28"
5533,1,462,WEST,7386.0,1,2025-07-16,"2026-07-16 13:58:28"
5534,1,462,EAST,7536.0,2,2025-08-16,"2026-07-16 13:58:28"
5535,1,462,NORTH,7401.0,3,2025-09-16,"2026-07-16 13:58:28"
5536,1,462,WEST,7271.0,4,2025-10-16,"2026-07-16 13:58:28"
5537,1,462,NORTH,7505.0,5,2025-11-16,"2026-07-16 13:58:28"
5538,1,462,EAST,7408.0,6,2025-12-16,"2026-07-16 13:58:28"
5539,1,462,MAIN,7377.0,7,2026-01-16,"2026-07-16 13:58:28"
5540,1,462,WEST,7234.0,8,2026-02-16,"2026-07-16 13:58:28"
5541,1,462,EAST,7491.0,9,2026-03-16,"2026-07-16 13:58:28"
5542,1,462,NORTH,7590.0,10,2026-04-16,"2026-07-16 13:58:28"
5543,1,462,MAIN,7479.0,11,2026-05-16,"2026-07-16 13:58:28"
5544,1,462,EAST,7512.0,12,2026-06-16,"2026-07-16 13:58:28"
5545,1,463,NORTH,5400.0,1,2025-07-16,"2026-07-16 13:58:28"
5546,1,463,MAIN,5373.0,2,2025-08-16,"2026-07-16 13:58:28"
5547,1,463,MAIN,5482.0,3,2025-09-16,"2026-07-16 13:58:28"
5548,1,463,MAIN,5250.0,4,2025-10-16,"2026-07-16 13:58:28"
5549,1,463,MAIN,5411.0,5,2025-11-16,"2026-07-16 13:58:28"
5550,1,463,EAST,5435.0,6,2025-12-16,"2026-07-16 13:58:28"
5551,1,463,NORTH,5488.0,7,2026-01-16,"2026-07-16 13:58:28"
5552,1,463,WEST,5447.0,8,2026-02-16,"2026-07-16 13:58:28"
5553,1,463,NORTH,5517.0,9,2026-03-16,"2026-07-16 13:58:28"
5554,1,463,NORTH,5329.0,10,2026-04-16,"2026-07-16 13:58:28"
5555,1,463,WEST,5277.0,11,2026-05-16,"2026-07-16 13:58:28"
5556,1,463,EAST,5369.0,12,2026-06-16,"2026-07-16 13:58:28"
5557,1,464,WEST,5671.0,1,2025-07-16,"2026-07-16 13:58:28"
5558,1,464,WEST,5796.0,2,2025-08-16,"2026-07-16 13:58:28"
5559,1,464,MAIN,5573.0,3,2025-09-16,"2026-07-16 13:58:28"
5560,1,464,EAST,5851.0,4,2025-10-16,"2026-07-16 13:58:28"
5561,1,464,NORTH,5840.0,5,2025-11-16,"2026-07-16 13:58:28"
5562,1,464,WEST,5599.0,6,2025-12-16,"2026-07-16 13:58:28"
5563,1,464,NORTH,5728.0,7,2026-01-16,"2026-07-16 13:58:28"
5564,1,464,EAST,5814.0,8,2026-02-16,"2026-07-16 13:58:28"
5565,1,464,NORTH,5678.0,9,2026-03-16,"2026-07-16 13:58:28"
5566,1,464,EAST,5901.0,10,2026-04-16,"2026-07-16 13:58:28"
5567,1,464,NORTH,5598.0,11,2026-05-16,"2026-07-16 13:58:28"
5568,1,464,MAIN,5680.0,12,2026-06-16,"2026-07-16 13:58:28"
5569,1,465,EAST,3878.0,1,2025-07-16,"2026-07-16 13:58:28"
5570,1,465,WEST,3698.0,2,2025-08-16,"2026-07-16 13:58:28"
5571,1,465,NORTH,3679.0,3,2025-09-16,"2026-07-16 13:58:28"
5572,1,465,MAIN,3689.0,4,2025-10-16,"2026-07-16 13:58:28"
5573,1,465,EAST,3758.0,5,2025-11-16,"2026-07-16 13:58:28"
5574,1,465,WEST,3850.0,6,2025-12-16,"2026-07-16 13:58:28"
5575,1,465,EAST,3719.0,7,2026-01-16,"2026-07-16 13:58:28"
5576,1,465,NORTH,3950.0,8,2026-02-16,"2026-07-16 13:58:28"
5577,1,465,NORTH,3903.0,9,2026-03-16,"2026-07-16 13:58:28"
5578,1,465,EAST,3578.0,10,2026-04-16,"2026-07-16 13:58:28"
5579,1,465,EAST,3911.0,11,2026-05-16,"2026-07-16 13:58:28"
5580,1,465,WEST,3953.0,12,2026-06-16,"2026-07-16 13:58:28"
5581,1,466,NORTH,4914.0,1,2025-07-16,"2026-07-16 13:58:28"
5582,1,466,NORTH,4783.0,2,2025-08-16,"2026-07-16 13:58:28"
5583,1,466,EAST,4726.0,3,2025-09-16,"2026-07-16 13:58:28"
5584,1,466,EAST,4620.0,4,2025-10-16,"2026-07-16 13:58:28"
5585,1,466,EAST,4691.0,5,2025-11-16,"2026-07-16 13:58:28"
5586,1,466,EAST,4906.0,6,2025-12-16,"2026-07-16 13:58:28"
5587,1,466,EAST,4947.0,7,2026-01-16,"2026-07-16 13:58:28"
5588,1,466,NORTH,4951.0,8,2026-02-16,"2026-07-16 13:58:28"
5589,1,466,MAIN,4770.0,9,2026-03-16,"2026-07-16 13:58:28"
5590,1,466,NORTH,4790.0,10,2026-04-16,"2026-07-16 13:58:28"
5591,1,466,NORTH,4880.0,11,2026-05-16,"2026-07-16 13:58:28"
5592,1,466,NORTH,4706.0,12,2026-06-16,"2026-07-16 13:58:28"
5593,1,467,NORTH,5546.0,1,2025-07-16,"2026-07-16 13:58:28"
5594,1,467,NORTH,5553.0,2,2025-08-16,"2026-07-16 13:58:28"
5595,1,467,EAST,5616.0,3,2025-09-16,"2026-07-16 13:58:28"
5596,1,467,WEST,5551.0,4,2025-10-16,"2026-07-16 13:58:28"
5597,1,467,EAST,5444.0,5,2025-11-16,"2026-07-16 13:58:28"
5598,1,467,NORTH,5468.0,6,2025-12-16,"2026-07-16 13:58:28"
5599,1,467,MAIN,5484.0,7,2026-01-16,"2026-07-16 13:58:28"
5600,1,467,WEST,5791.0,8,2026-02-16,"2026-07-16 13:58:28"
5601,1,467,MAIN,5449.0,9,2026-03-16,"2026-07-16 13:58:28"
5602,1,467,MAIN,5476.0,10,2026-04-16,"2026-07-16 13:58:28"
5603,1,467,NORTH,5565.0,11,2026-05-16,"2026-07-16 13:58:28"
5604,1,467,MAIN,5619.0,12,2026-06-16,"2026-07-16 13:58:28"
5605,1,468,EAST,6310.0,1,2025-07-16,"2026-07-16 13:58:28"
5606,1,468,WEST,6333.0,2,2025-08-16,"2026-07-16 13:58:28"
5607,1,468,NORTH,6438.0,3,2025-09-16,"2026-07-16 13:58:28"
5608,1,468,WEST,6348.0,4,2025-10-16,"2026-07-16 13:58:28"
5609,1,468,MAIN,6324.0,5,2025-11-16,"2026-07-16 13:58:28"
5610,1,468,NORTH,6381.0,6,2025-12-16,"2026-07-16 13:58:28"
5611,1,468,NORTH,6429.0,7,2026-01-16,"2026-07-16 13:58:28"
5612,1,468,WEST,6505.0,8,2026-02-16,"2026-07-16 13:58:28"
5613,1,468,NORTH,6470.0,9,2026-03-16,"2026-07-16 13:58:28"
5614,1,468,NORTH,6180.0,10,2026-04-16,"2026-07-16 13:58:28"
5615,1,468,EAST,6188.0,11,2026-05-16,"2026-07-16 13:58:28"
5616,1,468,WEST,6524.0,12,2026-06-16,"2026-07-16 13:58:28"
5617,1,469,NORTH,4105.0,1,2025-07-16,"2026-07-16 13:58:28"
5618,1,469,NORTH,3903.0,2,2025-08-16,"2026-07-16 13:58:28"
5619,1,469,EAST,3900.0,3,2025-09-16,"2026-07-16 13:58:28"
5620,1,469,EAST,3988.0,4,2025-10-16,"2026-07-16 13:58:28"
5621,1,469,MAIN,3873.0,5,2025-11-16,"2026-07-16 13:58:28"
5622,1,469,NORTH,3874.0,6,2025-12-16,"2026-07-16 13:58:28"
5623,1,469,EAST,3835.0,7,2026-01-16,"2026-07-16 13:58:28"
5624,1,469,WEST,4044.0,8,2026-02-16,"2026-07-16 13:58:28"
5625,1,469,NORTH,3907.0,9,2026-03-16,"2026-07-16 13:58:28"
5626,1,469,EAST,3832.0,10,2026-04-16,"2026-07-16 13:58:28"
5627,1,469,EAST,4144.0,11,2026-05-16,"2026-07-16 13:58:28"
5628,1,469,EAST,3935.0,12,2026-06-16,"2026-07-16 13:58:28"
5629,1,470,MAIN,6261.0,1,2025-07-16,"2026-07-16 13:58:28"
5630,1,470,EAST,6206.0,2,2025-08-16,"2026-07-16 13:58:28"
5631,1,470,MAIN,6250.0,3,2025-09-16,"2026-07-16 13:58:28"
5632,1,470,NORTH,6193.0,4,2025-10-16,"2026-07-16 13:58:28"
5633,1,470,NORTH,6130.0,5,2025-11-16,"2026-07-16 13:58:28"
5634,1,470,EAST,6422.0,6,2025-12-16,"2026-07-16 13:58:28"
5635,1,470,MAIN,6323.0,7,2026-01-16,"2026-07-16 13:58:28"
5636,1,470,MAIN,6290.0,8,2026-02-16,"2026-07-16 13:58:28"
5637,1,470,WEST,6240.0,9,2026-03-16,"2026-07-16 13:58:28"
5638,1,470,WEST,6300.0,10,2026-04-16,"2026-07-16 13:58:28"
5639,1,470,WEST,6266.0,11,2026-05-16,"2026-07-16 13:58:28"
5640,1,470,EAST,6228.0,12,2026-06-16,"2026-07-16 13:58:28"
5641,1,471,WEST,1958.0,1,2025-07-16,"2026-07-16 13:58:28"
5642,1,471,MAIN,1968.0,2,2025-08-16,"2026-07-16 13:58:28"
5643,1,471,EAST,1852.0,3,2025-09-16,"2026-07-16 13:58:28"
5644,1,471,NORTH,1859.0,4,2025-10-16,"2026-07-16 13:58:28"
5645,1,471,WEST,1698.0,5,2025-11-16,"2026-07-16 13:58:28"
5646,1,471,NORTH,1768.0,6,2025-12-16,"2026-07-16 13:58:28"
5647,1,471,WEST,2013.0,7,2026-01-16,"2026-07-16 13:58:28"
5648,1,471,WEST,1650.0,8,2026-02-16,"2026-07-16 13:58:28"
5649,1,471,NORTH,1654.0,9,2026-03-16,"2026-07-16 13:58:28"
5650,1,471,WEST,1768.0,10,2026-04-16,"2026-07-16 13:58:28"
5651,1,471,EAST,1771.0,11,2026-05-16,"2026-07-16 13:58:28"
5652,1,471,EAST,1833.0,12,2026-06-16,"2026-07-16 13:58:28"
5653,1,472,NORTH,2429.0,1,2025-07-16,"2026-07-16 13:58:28"
5654,1,472,WEST,2559.0,2,2025-08-16,"2026-07-16 13:58:28"
5655,1,472,NORTH,2329.0,3,2025-09-16,"2026-07-16 13:58:28"
5656,1,472,NORTH,2531.0,4,2025-10-16,"2026-07-16 13:58:28"
5657,1,472,WEST,2357.0,5,2025-11-16,"2026-07-16 13:58:28"
5658,1,472,WEST,2505.0,6,2025-12-16,"2026-07-16 13:58:28"
5659,1,472,WEST,2551.0,7,2026-01-16,"2026-07-16 13:58:28"
5660,1,472,EAST,2601.0,8,2026-02-16,"2026-07-16 13:58:28"
5661,1,472,WEST,2466.0,9,2026-03-16,"2026-07-16 13:58:28"
5662,1,472,EAST,2571.0,10,2026-04-16,"2026-07-16 13:58:28"
5663,1,472,WEST,2398.0,11,2026-05-16,"2026-07-16 13:58:28"
5664,1,472,WEST,2718.0,12,2026-06-16,"2026-07-16 13:58:28"
5665,1,473,NORTH,389.0,1,2025-07-16,"2026-07-16 13:58:28"
5666,1,473,NORTH,236.0,2,2025-08-16,"2026-07-16 13:58:28"
5667,1,473,EAST,498.0,3,2025-09-16,"2026-07-16 13:58:28"
5668,1,473,WEST,199.0,4,2025-10-16,"2026-07-16 13:58:28"
5669,1,473,EAST,583.0,5,2025-11-16,"2026-07-16 13:58:28"
5670,1,473,MAIN,359.0,6,2025-12-16,"2026-07-16 13:58:28"
5671,1,473,MAIN,329.0,7,2026-01-16,"2026-07-16 13:58:28"
5672,1,473,NORTH,484.0,8,2026-02-16,"2026-07-16 13:58:28"
5673,1,473,NORTH,584.0,9,2026-03-16,"2026-07-16 13:58:28"
5674,1,473,WEST,526.0,10,2026-04-16,"2026-07-16 13:58:28"
5675,1,473,WEST,250.0,11,2026-05-16,"2026-07-16 13:58:28"
5676,1,473,WEST,221.0,12,2026-06-16,"2026-07-16 13:58:28"
5677,1,474,NORTH,1590.0,1,2025-07-16,"2026-07-16 13:58:28"
5678,1,474,MAIN,1947.0,2,2025-08-16,"2026-07-16 13:58:28"
5679,1,474,WEST,1600.0,3,2025-09-16,"2026-07-16 13:58:28"
5680,1,474,NORTH,1927.0,4,2025-10-16,"2026-07-16 13:58:28"
5681,1,474,WEST,1786.0,5,2025-11-16,"2026-07-16 13:58:28"
5682,1,474,EAST,1924.0,6,2025-12-16,"2026-07-16 13:58:28"
5683,1,474,EAST,1583.0,7,2026-01-16,"2026-07-16 13:58:28"
5684,1,474,EAST,1698.0,8,2026-02-16,"2026-07-16 13:58:28"
5685,1,474,WEST,1580.0,9,2026-03-16,"2026-07-16 13:58:28"
5686,1,474,EAST,1711.0,10,2026-04-16,"2026-07-16 13:58:28"
5687,1,474,NORTH,1720.0,11,2026-05-16,"2026-07-16 13:58:28"
5688,1,474,NORTH,1713.0,12,2026-06-16,"2026-07-16 13:58:28"
5689,1,475,WEST,4104.0,1,2025-07-16,"2026-07-16 13:58:28"
5690,1,475,NORTH,4081.0,2,2025-08-16,"2026-07-16 13:58:28"
5691,1,475,NORTH,4376.0,3,2025-09-16,"2026-07-16 13:58:28"
5692,1,475,EAST,4385.0,4,2025-10-16,"2026-07-16 13:58:28"
5693,1,475,WEST,4337.0,5,2025-11-16,"2026-07-16 13:58:28"
5694,1,475,MAIN,4221.0,6,2025-12-16,"2026-07-16 13:58:28"
5695,1,475,NORTH,4212.0,7,2026-01-16,"2026-07-16 13:58:28"
5696,1,475,WEST,4276.0,8,2026-02-16,"2026-07-16 13:58:28"
5697,1,475,NORTH,4043.0,9,2026-03-16,"2026-07-16 13:58:28"
5698,1,475,NORTH,4307.0,10,2026-04-16,"2026-07-16 13:58:28"
5699,1,475,NORTH,4219.0,11,2026-05-16,"2026-07-16 13:58:28"
5700,1,475,WEST,4276.0,12,2026-06-16,"2026-07-16 13:58:28"
5701,1,476,NORTH,2128.0,1,2025-07-16,"2026-07-16 13:58:28"
5702,1,476,EAST,2369.0,2,2025-08-16,"2026-07-16 13:58:28"
5703,1,476,MAIN,2391.0,3,2025-09-16,"2026-07-16 13:58:28"
5704,1,476,MAIN,2298.0,4,2025-10-16,"2026-07-16 13:58:28"
5705,1,476,NORTH,2330.0,5,2025-11-16,"2026-07-16 13:58:28"
5706,1,476,WEST,2103.0,6,2025-12-16,"2026-07-16 13:58:28"
5707,1,476,WEST,2077.0,7,2026-01-16,"2026-07-16 13:58:28"
5708,1,476,NORTH,2278.0,8,2026-02-16,"2026-07-16 13:58:28"
5709,1,476,MAIN,2452.0,9,2026-03-16,"2026-07-16 13:58:28"
5710,1,476,NORTH,2290.0,10,2026-04-16,"2026-07-16 13:58:28"
5711,1,476,WEST,2193.0,11,2026-05-16,"2026-07-16 13:58:28"
5712,1,476,WEST,2324.0,12,2026-06-16,"2026-07-16 13:58:28"
5713,1,477,MAIN,7006.0,1,2025-07-16,"2026-07-16 13:58:28"
5714,1,477,NORTH,7134.0,2,2025-08-16,"2026-07-16 13:58:28"
5715,1,477,MAIN,7251.0,3,2025-09-16,"2026-07-16 13:58:28"
5716,1,477,WEST,6880.0,4,2025-10-16,"2026-07-16 13:58:28"
5717,1,477,WEST,7174.0,5,2025-11-16,"2026-07-16 13:58:28"
5718,1,477,MAIN,6883.0,6,2025-12-16,"2026-07-16 13:58:28"
5719,1,477,NORTH,7275.0,7,2026-01-16,"2026-07-16 13:58:28"
5720,1,477,NORTH,7157.0,8,2026-02-16,"2026-07-16 13:58:28"
5721,1,477,NORTH,6894.0,9,2026-03-16,"2026-07-16 13:58:28"
5722,1,477,WEST,6899.0,10,2026-04-16,"2026-07-16 13:58:28"
5723,1,477,MAIN,7198.0,11,2026-05-16,"2026-07-16 13:58:28"
5724,1,477,MAIN,6945.0,12,2026-06-16,"2026-07-16 13:58:28"
5725,1,478,WEST,8974.0,1,2025-07-16,"2026-07-16 13:58:28"
5726,1,478,WEST,8792.0,2,2025-08-16,"2026-07-16 13:58:28"
5727,1,478,WEST,9129.0,3,2025-09-16,"2026-07-16 13:58:28"
5728,1,478,MAIN,8894.0,4,2025-10-16,"2026-07-16 13:58:28"
5729,1,478,EAST,9059.0,5,2025-11-16,"2026-07-16 13:58:28"
5730,1,478,NORTH,9117.0,6,2025-12-16,"2026-07-16 13:58:28"
5731,1,478,WEST,8791.0,7,2026-01-16,"2026-07-16 13:58:28"
5732,1,478,MAIN,9032.0,8,2026-02-16,"2026-07-16 13:58:28"
5733,1,478,EAST,8830.0,9,2026-03-16,"2026-07-16 13:58:28"
5734,1,478,WEST,9143.0,10,2026-04-16,"2026-07-16 13:58:28"
5735,1,478,NORTH,9101.0,11,2026-05-16,"2026-07-16 13:58:28"
5736,1,478,NORTH,8879.0,12,2026-06-16,"2026-07-16 13:58:28"
5737,1,479,WEST,9101.0,1,2025-07-16,"2026-07-16 13:58:28"
5738,1,479,MAIN,9228.0,2,2025-08-16,"2026-07-16 13:58:28"
5739,1,479,EAST,9355.0,3,2025-09-16,"2026-07-16 13:58:28"
5740,1,479,EAST,9392.0,4,2025-10-16,"2026-07-16 13:58:28"
5741,1,479,EAST,9036.0,5,2025-11-16,"2026-07-16 13:58:28"
5742,1,479,NORTH,9187.0,6,2025-12-16,"2026-07-16 13:58:28"
5743,1,479,NORTH,9343.0,7,2026-01-16,"2026-07-16 13:58:28"
5744,1,479,WEST,9044.0,8,2026-02-16,"2026-07-16 13:58:28"
5745,1,479,EAST,9040.0,9,2026-03-16,"2026-07-16 13:58:28"
5746,1,479,NORTH,9189.0,10,2026-04-16,"2026-07-16 13:58:28"
5747,1,479,NORTH,9387.0,11,2026-05-16,"2026-07-16 13:58:28"
5748,1,479,EAST,9032.0,12,2026-06-16,"2026-07-16 13:58:28"
5749,1,480,WEST,4695.0,1,2025-07-16,"2026-07-16 13:58:28"
5750,1,480,WEST,4529.0,2,2025-08-16,"2026-07-16 13:58:28"
5751,1,480,WEST,4459.0,3,2025-09-16,"2026-07-16 13:58:28"
5752,1,480,MAIN,4616.0,4,2025-10-16,"2026-07-16 13:58:28"
5753,1,480,WEST,4756.0,5,2025-11-16,"2026-07-16 13:58:28"
5754,1,480,WEST,4774.0,6,2025-12-16,"2026-07-16 13:58:28"
5755,1,480,NORTH,4773.0,7,2026-01-16,"2026-07-16 13:58:28"
5756,1,480,NORTH,4505.0,8,2026-02-16,"2026-07-16 13:58:28"
5757,1,480,NORTH,4617.0,9,2026-03-16,"2026-07-16 13:58:28"
5758,1,480,MAIN,4553.0,10,2026-04-16,"2026-07-16 13:58:28"
5759,1,480,EAST,4486.0,11,2026-05-16,"2026-07-16 13:58:28"
5760,1,480,NORTH,4610.0,12,2026-06-16,"2026-07-16 13:58:28"
5761,1,481,WEST,8152.0,1,2025-07-16,"2026-07-16 13:58:28"
5762,1,481,MAIN,8180.0,2,2025-08-16,"2026-07-16 13:58:28"
5763,1,481,EAST,8237.0,3,2025-09-16,"2026-07-16 13:58:28"
5764,1,481,MAIN,8125.0,4,2025-10-16,"2026-07-16 13:58:28"
5765,1,481,MAIN,8153.0,5,2025-11-16,"2026-07-16 13:58:28"
5766,1,481,NORTH,8088.0,6,2025-12-16,"2026-07-16 13:58:28"
5767,1,481,MAIN,8184.0,7,2026-01-16,"2026-07-16 13:58:28"
5768,1,481,MAIN,8206.0,8,2026-02-16,"2026-07-16 13:58:28"
5769,1,481,MAIN,8155.0,9,2026-03-16,"2026-07-16 13:58:28"
5770,1,481,EAST,7940.0,10,2026-04-16,"2026-07-16 13:58:28"
5771,1,481,EAST,8246.0,11,2026-05-16,"2026-07-16 13:58:28"
5772,1,481,EAST,8036.0,12,2026-06-16,"2026-07-16 13:58:28"
5773,1,482,MAIN,9449.0,1,2025-07-16,"2026-07-16 13:58:28"
5774,1,482,MAIN,9558.0,2,2025-08-16,"2026-07-16 13:58:28"
5775,1,482,EAST,9371.0,3,2025-09-16,"2026-07-16 13:58:28"
5776,1,482,EAST,9361.0,4,2025-10-16,"2026-07-16 13:58:28"
5777,1,482,EAST,9584.0,5,2025-11-16,"2026-07-16 13:58:28"
5778,1,482,WEST,9585.0,6,2025-12-16,"2026-07-16 13:58:28"
5779,1,482,NORTH,9316.0,7,2026-01-16,"2026-07-16 13:58:28"
5780,1,482,MAIN,9384.0,8,2026-02-16,"2026-07-16 13:58:28"
5781,1,482,MAIN,9459.0,9,2026-03-16,"2026-07-16 13:58:28"
5782,1,482,WEST,9472.0,10,2026-04-16,"2026-07-16 13:58:28"
5783,1,482,WEST,9290.0,11,2026-05-16,"2026-07-16 13:58:28"
5784,1,482,EAST,9606.0,12,2026-06-16,"2026-07-16 13:58:28"
5785,1,483,MAIN,1608.0,1,2025-07-16,"2026-07-16 13:58:28"
5786,1,483,WEST,1546.0,2,2025-08-16,"2026-07-16 13:58:28"
5787,1,483,EAST,1788.0,3,2025-09-16,"2026-07-16 13:58:28"
5788,1,483,EAST,1554.0,4,2025-10-16,"2026-07-16 13:58:28"
5789,1,483,EAST,1481.0,5,2025-11-16,"2026-07-16 13:58:28"
5790,1,483,NORTH,1552.0,6,2025-12-16,"2026-07-16 13:58:28"
5791,1,483,EAST,1841.0,7,2026-01-16,"2026-07-16 13:58:28"
5792,1,483,EAST,1808.0,8,2026-02-16,"2026-07-16 13:58:28"
5793,1,483,NORTH,1587.0,9,2026-03-16,"2026-07-16 13:58:28"
5794,1,483,NORTH,1735.0,10,2026-04-16,"2026-07-16 13:58:28"
5795,1,483,WEST,1600.0,11,2026-05-16,"2026-07-16 13:58:28"
5796,1,483,NORTH,1533.0,12,2026-06-16,"2026-07-16 13:58:28"
5797,1,484,MAIN,934.0,1,2025-07-16,"2026-07-16 13:58:28"
5798,1,484,WEST,1111.0,2,2025-08-16,"2026-07-16 13:58:28"
5799,1,484,NORTH,1096.0,3,2025-09-16,"2026-07-16 13:58:28"
5800,1,484,EAST,813.0,4,2025-10-16,"2026-07-16 13:58:28"
5801,1,484,NORTH,792.0,5,2025-11-16,"2026-07-16 13:58:28"
5802,1,484,MAIN,824.0,6,2025-12-16,"2026-07-16 13:58:28"
5803,1,484,MAIN,1120.0,7,2026-01-16,"2026-07-16 13:58:28"
5804,1,484,WEST,1119.0,8,2026-02-16,"2026-07-16 13:58:28"
5805,1,484,MAIN,837.0,9,2026-03-16,"2026-07-16 13:58:28"
5806,1,484,MAIN,950.0,10,2026-04-16,"2026-07-16 13:58:28"
5807,1,484,WEST,901.0,11,2026-05-16,"2026-07-16 13:58:28"
5808,1,484,WEST,1058.0,12,2026-06-16,"2026-07-16 13:58:28"
5809,1,485,WEST,3629.0,1,2025-07-16,"2026-07-16 13:58:28"
5810,1,485,EAST,3396.0,2,2025-08-16,"2026-07-16 13:58:28"
5811,1,485,NORTH,3626.0,3,2025-09-16,"2026-07-16 13:58:28"
5812,1,485,EAST,3320.0,4,2025-10-16,"2026-07-16 13:58:28"
5813,1,485,EAST,3495.0,5,2025-11-16,"2026-07-16 13:58:28"
5814,1,485,EAST,3438.0,6,2025-12-16,"2026-07-16 13:58:28"
5815,1,485,EAST,3626.0,7,2026-01-16,"2026-07-16 13:58:28"
5816,1,485,MAIN,3527.0,8,2026-02-16,"2026-07-16 13:58:28"
5817,1,485,NORTH,3512.0,9,2026-03-16,"2026-07-16 13:58:28"
5818,1,485,NORTH,3498.0,10,2026-04-16,"2026-07-16 13:58:28"
5819,1,485,EAST,3391.0,11,2026-05-16,"2026-07-16 13:58:28"
5820,1,485,NORTH,3682.0,12,2026-06-16,"2026-07-16 13:58:28"
5821,1,486,EAST,3799.0,1,2025-07-16,"2026-07-16 13:58:28"
5822,1,486,WEST,4020.0,2,2025-08-16,"2026-07-16 13:58:28"
5823,1,486,NORTH,4021.0,3,2025-09-16,"2026-07-16 13:58:28"
5824,1,486,MAIN,3889.0,4,2025-10-16,"2026-07-16 13:58:28"
5825,1,486,MAIN,3860.0,5,2025-11-16,"2026-07-16 13:58:28"
5826,1,486,NORTH,3788.0,6,2025-12-16,"2026-07-16 13:58:28"
5827,1,486,EAST,4088.0,7,2026-01-16,"2026-07-16 13:58:28"
5828,1,486,MAIN,3749.0,8,2026-02-16,"2026-07-16 13:58:28"
5829,1,486,EAST,3981.0,9,2026-03-16,"2026-07-16 13:58:28"
5830,1,486,WEST,3952.0,10,2026-04-16,"2026-07-16 13:58:28"
5831,1,486,EAST,3798.0,11,2026-05-16,"2026-07-16 13:58:28"
5832,1,486,NORTH,4058.0,12,2026-06-16,"2026-07-16 13:58:28"
5833,1,487,WEST,9771.0,1,2025-07-16,"2026-07-16 13:58:28"
5834,1,487,NORTH,9542.0,2,2025-08-16,"2026-07-16 13:58:28"
5835,1,487,EAST,9499.0,3,2025-09-16,"2026-07-16 13:58:28"
5836,1,487,EAST,9751.0,4,2025-10-16,"2026-07-16 13:58:28"
5837,1,487,WEST,9459.0,5,2025-11-16,"2026-07-16 13:58:28"
5838,1,487,EAST,9612.0,6,2025-12-16,"2026-07-16 13:58:28"
5839,1,487,WEST,9712.0,7,2026-01-16,"2026-07-16 13:58:28"
5840,1,487,NORTH,9678.0,8,2026-02-16,"2026-07-16 13:58:28"
5841,1,487,EAST,9536.0,9,2026-03-16,"2026-07-16 13:58:28"
5842,1,487,EAST,9533.0,10,2026-04-16,"2026-07-16 13:58:28"
5843,1,487,WEST,9537.0,11,2026-05-16,"2026-07-16 13:58:28"
5844,1,487,EAST,9699.0,12,2026-06-16,"2026-07-16 13:58:28"
5845,1,488,MAIN,6476.0,1,2025-07-16,"2026-07-16 13:58:28"
5846,1,488,EAST,6396.0,2,2025-08-16,"2026-07-16 13:58:28"
5847,1,488,NORTH,6335.0,3,2025-09-16,"2026-07-16 13:58:28"
5848,1,488,NORTH,6489.0,4,2025-10-16,"2026-07-16 13:58:28"
5849,1,488,NORTH,6566.0,5,2025-11-16,"2026-07-16 13:58:28"
5850,1,488,MAIN,6334.0,6,2025-12-16,"2026-07-16 13:58:28"
5851,1,488,MAIN,6355.0,7,2026-01-16,"2026-07-16 13:58:28"
5852,1,488,EAST,6544.0,8,2026-02-16,"2026-07-16 13:58:28"
5853,1,488,NORTH,6476.0,9,2026-03-16,"2026-07-16 13:58:28"
5854,1,488,WEST,6541.0,10,2026-04-16,"2026-07-16 13:58:28"
5855,1,488,NORTH,6606.0,11,2026-05-16,"2026-07-16 13:58:28"
5856,1,488,NORTH,6554.0,12,2026-06-16,"2026-07-16 13:58:28"
5857,1,489,NORTH,7046.0,1,2025-07-16,"2026-07-16 13:58:28"
5858,1,489,WEST,6909.0,2,2025-08-16,"2026-07-16 13:58:28"
5859,1,489,EAST,6949.0,3,2025-09-16,"2026-07-16 13:58:28"
5860,1,489,NORTH,6663.0,4,2025-10-16,"2026-07-16 13:58:28"
5861,1,489,WEST,6776.0,5,2025-11-16,"2026-07-16 13:58:28"
5862,1,489,EAST,6772.0,6,2025-12-16,"2026-07-16 13:58:28"
5863,1,489,NORTH,6696.0,7,2026-01-16,"2026-07-16 13:58:28"
5864,1,489,NORTH,6963.0,8,2026-02-16,"2026-07-16 13:58:28"
5865,1,489,NORTH,6827.0,9,2026-03-16,"2026-07-16 13:58:28"
5866,1,489,EAST,6967.0,10,2026-04-16,"2026-07-16 13:58:28"
5867,1,489,MAIN,6943.0,11,2026-05-16,"2026-07-16 13:58:28"
5868,1,489,WEST,6747.0,12,2026-06-16,"2026-07-16 13:58:28"
5869,1,490,WEST,9666.0,1,2025-07-16,"2026-07-16 13:58:28"
5870,1,490,WEST,9763.0,2,2025-08-16,"2026-07-16 13:58:28"
5871,1,490,WEST,9695.0,3,2025-09-16,"2026-07-16 13:58:28"
5872,1,490,EAST,9509.0,4,2025-10-16,"2026-07-16 13:58:28"
5873,1,490,MAIN,9620.0,5,2025-11-16,"2026-07-16 13:58:28"
5874,1,490,NORTH,9725.0,6,2025-12-16,"2026-07-16 13:58:28"
5875,1,490,MAIN,9495.0,7,2026-01-16,"2026-07-16 13:58:28"
5876,1,490,MAIN,9647.0,8,2026-02-16,"2026-07-16 13:58:28"
5877,1,490,NORTH,9499.0,9,2026-03-16,"2026-07-16 13:58:28"
5878,1,490,EAST,9619.0,10,2026-04-16,"2026-07-16 13:58:28"
5879,1,490,EAST,9762.0,11,2026-05-16,"2026-07-16 13:58:28"
5880,1,490,NORTH,9384.0,12,2026-06-16,"2026-07-16 13:58:28"
5881,1,491,MAIN,7816.0,1,2025-07-16,"2026-07-16 13:58:28"
5882,1,491,WEST,8023.0,2,2025-08-16,"2026-07-16 13:58:28"
5883,1,491,NORTH,8029.0,3,2025-09-16,"2026-07-16 13:58:28"
5884,1,491,MAIN,7938.0,4,2025-10-16,"2026-07-16 13:58:28"
5885,1,491,MAIN,7878.0,5,2025-11-16,"2026-07-16 13:58:28"
5886,1,491,MAIN,7867.0,6,2025-12-16,"2026-07-16 13:58:28"
5887,1,491,WEST,7698.0,7,2026-01-16,"2026-07-16 13:58:28"
5888,1,491,NORTH,7661.0,8,2026-02-16,"2026-07-16 13:58:28"
5889,1,491,EAST,7678.0,9,2026-03-16,"2026-07-16 13:58:28"
5890,1,491,NORTH,7897.0,10,2026-04-16,"2026-07-16 13:58:28"
5891,1,491,MAIN,8005.0,11,2026-05-16,"2026-07-16 13:58:28"
5892,1,491,MAIN,7990.0,12,2026-06-16,"2026-07-16 13:58:28"
5893,1,492,MAIN,2494.0,1,2025-07-16,"2026-07-16 13:58:28"
5894,1,492,MAIN,2578.0,2,2025-08-16,"2026-07-16 13:58:28"
5895,1,492,EAST,2334.0,3,2025-09-16,"2026-07-16 13:58:28"
5896,1,492,MAIN,2605.0,4,2025-10-16,"2026-07-16 13:58:28"
5897,1,492,EAST,2710.0,5,2025-11-16,"2026-07-16 13:58:28"
5898,1,492,EAST,2532.0,6,2025-12-16,"2026-07-16 13:58:28"
5899,1,492,WEST,2642.0,7,2026-01-16,"2026-07-16 13:58:28"
5900,1,492,MAIN,2439.0,8,2026-02-16,"2026-07-16 13:58:28"
5901,1,492,WEST,2675.0,9,2026-03-16,"2026-07-16 13:58:28"
5902,1,492,MAIN,2344.0,10,2026-04-16,"2026-07-16 13:58:28"
5903,1,492,MAIN,2381.0,11,2026-05-16,"2026-07-16 13:58:28"
5904,1,492,WEST,2507.0,12,2026-06-16,"2026-07-16 13:58:28"
5905,1,493,NORTH,4866.0,1,2025-07-16,"2026-07-16 13:58:28"
5906,1,493,MAIN,4670.0,2,2025-08-16,"2026-07-16 13:58:28"
5907,1,493,EAST,4872.0,3,2025-09-16,"2026-07-16 13:58:28"
5908,1,493,NORTH,4595.0,4,2025-10-16,"2026-07-16 13:58:28"
5909,1,493,WEST,4655.0,5,2025-11-16,"2026-07-16 13:58:28"
5910,1,493,MAIN,4880.0,6,2025-12-16,"2026-07-16 13:58:28"
5911,1,493,WEST,4919.0,7,2026-01-16,"2026-07-16 13:58:28"
5912,1,493,NORTH,4824.0,8,2026-02-16,"2026-07-16 13:58:28"
5913,1,493,MAIN,4541.0,9,2026-03-16,"2026-07-16 13:58:28"
5914,1,493,WEST,4594.0,10,2026-04-16,"2026-07-16 13:58:28"
5915,1,493,EAST,4769.0,11,2026-05-16,"2026-07-16 13:58:28"
5916,1,493,EAST,4876.0,12,2026-06-16,"2026-07-16 13:58:28"
5917,1,494,EAST,7692.0,1,2025-07-16,"2026-07-16 13:58:28"
5918,1,494,MAIN,8009.0,2,2025-08-16,"2026-07-16 13:58:28"
5919,1,494,EAST,7717.0,3,2025-09-16,"2026-07-16 13:58:28"
5920,1,494,MAIN,7920.0,4,2025-10-16,"2026-07-16 13:58:28"
5921,1,494,MAIN,7925.0,5,2025-11-16,"2026-07-16 13:58:28"
5922,1,494,EAST,7791.0,6,2025-12-16,"2026-07-16 13:58:28"
5923,1,494,MAIN,8054.0,7,2026-01-16,"2026-07-16 13:58:28"
5924,1,494,EAST,7677.0,8,2026-02-16,"2026-07-16 13:58:28"
5925,1,494,EAST,7866.0,9,2026-03-16,"2026-07-16 13:58:28"
5926,1,494,EAST,7688.0,10,2026-04-16,"2026-07-16 13:58:28"
5927,1,494,NORTH,8060.0,11,2026-05-16,"2026-07-16 13:58:28"
5928,1,494,EAST,7704.0,12,2026-06-16,"2026-07-16 13:58:28"
5929,1,495,NORTH,1952.0,1,2025-07-16,"2026-07-16 13:58:28"
5930,1,495,NORTH,2025.0,2,2025-08-16,"2026-07-16 13:58:28"
5931,1,495,WEST,2261.0,3,2025-09-16,"2026-07-16 13:58:28"
5932,1,495,NORTH,1951.0,4,2025-10-16,"2026-07-16 13:58:28"
5933,1,495,NORTH,2022.0,5,2025-11-16,"2026-07-16 13:58:28"
5934,1,495,EAST,2265.0,6,2025-12-16,"2026-07-16 13:58:28"
5935,1,495,MAIN,2258.0,7,2026-01-16,"2026-07-16 13:58:28"
5936,1,495,EAST,2039.0,8,2026-02-16,"2026-07-16 13:58:28"
5937,1,495,EAST,1936.0,9,2026-03-16,"2026-07-16 13:58:28"
5938,1,495,EAST,2091.0,10,2026-04-16,"2026-07-16 13:58:28"
5939,1,495,MAIN,2140.0,11,2026-05-16,"2026-07-16 13:58:28"
5940,1,495,MAIN,1964.0,12,2026-06-16,"2026-07-16 13:58:28"
5941,1,496,NORTH,2109.0,1,2025-07-16,"2026-07-16 13:58:28"
5942,1,496,NORTH,2394.0,2,2025-08-16,"2026-07-16 13:58:28"
5943,1,496,MAIN,2387.0,3,2025-09-16,"2026-07-16 13:58:28"
5944,1,496,WEST,2207.0,4,2025-10-16,"2026-07-16 13:58:28"
5945,1,496,MAIN,2386.0,5,2025-11-16,"2026-07-16 13:58:28"
5946,1,496,EAST,2193.0,6,2025-12-16,"2026-07-16 13:58:28"
5947,1,496,NORTH,2104.0,7,2026-01-16,"2026-07-16 13:58:28"
5948,1,496,MAIN,2317.0,8,2026-02-16,"2026-07-16 13:58:28"
5949,1,496,WEST,2202.0,9,2026-03-16,"2026-07-16 13:58:28"
5950,1,496,MAIN,2175.0,10,2026-04-16,"2026-07-16 13:58:28"
5951,1,496,WEST,2068.0,11,2026-05-16,"2026-07-16 13:58:28"
5952,1,496,WEST,2165.0,12,2026-06-16,"2026-07-16 13:58:28"
5953,1,497,WEST,1559.0,1,2025-07-16,"2026-07-16 13:58:28"
5954,1,497,NORTH,1448.0,2,2025-08-16,"2026-07-16 13:58:28"
5955,1,497,MAIN,1445.0,3,2025-09-16,"2026-07-16 13:58:28"
5956,1,497,MAIN,1517.0,4,2025-10-16,"2026-07-16 13:58:28"
5957,1,497,WEST,1493.0,5,2025-11-16,"2026-07-16 13:58:28"
5958,1,497,EAST,1452.0,6,2025-12-16,"2026-07-16 13:58:28"
5959,1,497,EAST,1585.0,7,2026-01-16,"2026-07-16 13:58:28"
5960,1,497,WEST,1439.0,8,2026-02-16,"2026-07-16 13:58:28"
5961,1,497,MAIN,1493.0,9,2026-03-16,"2026-07-16 13:58:28"
5962,1,497,NORTH,1257.0,10,2026-04-16,"2026-07-16 13:58:28"
5963,1,497,NORTH,1550.0,11,2026-05-16,"2026-07-16 13:58:28"
5964,1,497,NORTH,1415.0,12,2026-06-16,"2026-07-16 13:58:28"
5965,1,498,EAST,2201.0,1,2025-07-16,"2026-07-16 13:58:28"
5966,1,498,MAIN,2451.0,2,2025-08-16,"2026-07-16 13:58:28"
5967,1,498,EAST,2198.0,3,2025-09-16,"2026-07-16 13:58:28"
5968,1,498,MAIN,2360.0,4,2025-10-16,"2026-07-16 13:58:28"
5969,1,498,NORTH,2459.0,5,2025-11-16,"2026-07-16 13:58:28"
5970,1,498,WEST,2372.0,6,2025-12-16,"2026-07-16 13:58:28"
5971,1,498,MAIN,2400.0,7,2026-01-16,"2026-07-16 13:58:28"
5972,1,498,WEST,2121.0,8,2026-02-16,"2026-07-16 13:58:28"
5973,1,498,EAST,2208.0,9,2026-03-16,"2026-07-16 13:58:28"
5974,1,498,NORTH,2127.0,10,2026-04-16,"2026-07-16 13:58:28"
5975,1,498,EAST,2499.0,11,2026-05-16,"2026-07-16 13:58:28"
5976,1,498,WEST,2212.0,12,2026-06-16,"2026-07-16 13:58:28"
5977,1,499,WEST,6271.0,1,2025-07-16,"2026-07-16 13:58:28"
5978,1,499,NORTH,6204.0,2,2025-08-16,"2026-07-16 13:58:28"
5979,1,499,NORTH,6262.0,3,2025-09-16,"2026-07-16 13:58:28"
5980,1,499,NORTH,6559.0,4,2025-10-16,"2026-07-16 13:58:28"
5981,1,499,EAST,6421.0,5,2025-11-16,"2026-07-16 13:58:28"
5982,1,499,NORTH,6426.0,6,2025-12-16,"2026-07-16 13:58:28"
5983,1,499,WEST,6218.0,7,2026-01-16,"2026-07-16 13:58:28"
5984,1,499,MAIN,6279.0,8,2026-02-16,"2026-07-16 13:58:28"
5985,1,499,MAIN,6240.0,9,2026-03-16,"2026-07-16 13:58:28"
5986,1,499,NORTH,6403.0,10,2026-04-16,"2026-07-16 13:58:28"
5987,1,499,MAIN,6493.0,11,2026-05-16,"2026-07-16 13:58:28"
5988,1,499,MAIN,6527.0,12,2026-06-16,"2026-07-16 13:58:28"
5989,1,500,WEST,4940.0,1,2025-07-16,"2026-07-16 13:58:28"
5990,1,500,NORTH,4886.0,2,2025-08-16,"2026-07-16 13:58:28"
5991,1,500,NORTH,4777.0,3,2025-09-16,"2026-07-16 13:58:28"
5992,1,500,MAIN,4726.0,4,2025-10-16,"2026-07-16 13:58:28"
5993,1,500,NORTH,4819.0,5,2025-11-16,"2026-07-16 13:58:28"
5994,1,500,WEST,5027.0,6,2025-12-16,"2026-07-16 13:58:28"
5995,1,500,WEST,4802.0,7,2026-01-16,"2026-07-16 13:58:28"
5996,1,500,WEST,5030.0,8,2026-02-16,"2026-07-16 13:58:28"
5997,1,500,MAIN,5014.0,9,2026-03-16,"2026-07-16 13:58:28"
5998,1,500,EAST,4963.0,10,2026-04-16,"2026-07-16 13:58:28"
5999,1,500,MAIN,4877.0,11,2026-05-16,"2026-07-16 13:58:28"
6000,1,500,NORTH,4982.0,12,2026-06-16,"2026-07-16 13:58:28"
