Id,OrgId,MaterialId,SupplierId,UnitPrice,Currency,DataVersion,EffectiveDate,CreatedAt
1,1,1,14,54.252,CNY,1,2025-07-16,"2026-07-16 13:58:28"
2,1,1,14,52.5151,CNY,2,2025-08-16,"2026-07-16 13:58:28"
3,1,1,14,53.3468,CNY,3,2025-09-16,"2026-07-16 13:58:28"
4,1,1,14,52.7122,CNY,4,2025-10-16,"2026-07-16 13:58:28"
5,1,1,14,52.3439,CNY,5,2025-11-16,"2026-07-16 13:58:28"
6,1,1,14,52.5283,CNY,6,2025-12-16,"2026-07-16 13:58:28"
7,1,1,14,51.1172,CNY,7,2026-01-16,"2026-07-16 13:58:28"
8,1,1,14,49.3952,CNY,8,2026-02-16,"2026-07-16 13:58:28"
9,1,1,14,51.0113,CNY,9,2026-03-16,"2026-07-16 13:58:28"
10,1,1,14,52.5586,CNY,10,2026-04-16,"2026-07-16 13:58:28"
11,1,1,14,57.2598,CNY,11,2026-05-16,"2026-07-16 13:58:28"
12,1,1,14,56.107,CNY,12,2026-06-16,"2026-07-16 13:58:28"
13,1,2,17,671.7245,CNY,1,2025-07-16,"2026-07-16 13:58:28"
14,1,2,17,808.5266,CNY,2,2025-08-16,"2026-07-16 13:58:28"
15,1,2,17,774.8474,CNY,3,2025-09-16,"2026-07-16 13:58:28"
16,1,2,17,766.071,CNY,4,2025-10-16,"2026-07-16 13:58:28"
17,1,2,17,776.355,CNY,5,2025-11-16,"2026-07-16 13:58:28"
18,1,2,17,761.2761,CNY,6,2025-12-16,"2026-07-16 13:58:28"
19,1,2,17,713.3275,CNY,7,2026-01-16,"2026-07-16 13:58:28"
20,1,2,17,804.8879,CNY,8,2026-02-16,"2026-07-16 13:58:28"
21,1,2,17,738.8891,CNY,9,2026-03-16,"2026-07-16 13:58:28"
22,1,2,17,795.5771,CNY,10,2026-04-16,"2026-07-16 13:58:28"
23,1,2,17,697.6447,CNY,11,2026-05-16,"2026-07-16 13:58:28"
24,1,2,17,667.1848,CNY,12,2026-06-16,"2026-07-16 13:58:28"
25,1,3,18,673.2969,CNY,1,2025-07-16,"2026-07-16 13:58:28"
26,1,3,18,662.0183,CNY,2,2025-08-16,"2026-07-16 13:58:28"
27,1,3,18,671.9377,CNY,3,2025-09-16,"2026-07-16 13:58:28"
28,1,3,18,646.8393,CNY,4,2025-10-16,"2026-07-16 13:58:28"
29,1,3,18,644.6055,CNY,5,2025-11-16,"2026-07-16 13:58:28"
30,1,3,18,607.9091,CNY,6,2025-12-16,"2026-07-16 13:58:28"
31,1,3,18,606.9795,CNY,7,2026-01-16,"2026-07-16 13:58:28"
32,1,3,18,668.0132,CNY,8,2026-02-16,"2026-07-16 13:58:28"
33,1,3,18,653.637,CNY,9,2026-03-16,"2026-07-16 13:58:28"
34,1,3,18,705.5009,CNY,10,2026-04-16,"2026-07-16 13:58:28"
35,1,3,18,708.404,CNY,11,2026-05-16,"2026-07-16 13:58:28"
36,1,3,18,719.1096,CNY,12,2026-06-16,"2026-07-16 13:58:28"
37,1,4,1,818.1017,CNY,1,2025-07-16,"2026-07-16 13:58:28"
38,1,4,1,875.8236,CNY,2,2025-08-16,"2026-07-16 13:58:28"
39,1,4,1,755.8923,CNY,3,2025-09-16,"2026-07-16 13:58:28"
40,1,4,1,792.0294,CNY,4,2025-10-16,"2026-07-16 13:58:28"
41,1,4,1,759.9557,CNY,5,2025-11-16,"2026-07-16 13:58:28"
42,1,4,1,883.1066,CNY,6,2025-12-16,"2026-07-16 13:58:28"
43,1,4,1,908.8578,CNY,7,2026-01-16,"2026-07-16 13:58:28"
44,1,4,1,805.934,CNY,8,2026-02-16,"2026-07-16 13:58:28"
45,1,4,1,900.4717,CNY,9,2026-03-16,"2026-07-16 13:58:28"
46,1,4,1,847.8861,CNY,10,2026-04-16,"2026-07-16 13:58:28"
47,1,4,1,794.3885,CNY,11,2026-05-16,"2026-07-16 13:58:28"
48,1,4,1,830.0037,CNY,12,2026-06-16,"2026-07-16 13:58:28"
49,1,5,12,22.8302,CNY,1,2025-07-16,"2026-07-16 13:58:28"
50,1,5,12,23.6665,CNY,2,2025-08-16,"2026-07-16 13:58:28"
51,1,5,12,22.2644,CNY,3,2025-09-16,"2026-07-16 13:58:28"
52,1,5,12,23.7823,CNY,4,2025-10-16,"2026-07-16 13:58:28"
53,1,5,12,24.7513,CNY,5,2025-11-16,"2026-07-16 13:58:28"
54,1,5,12,22.5699,CNY,6,2025-12-16,"2026-07-16 13:58:28"
55,1,5,12,21.7158,CNY,7,2026-01-16,"2026-07-16 13:58:28"
56,1,5,12,22.6541,CNY,8,2026-02-16,"2026-07-16 13:58:28"
57,1,5,12,22.8926,CNY,9,2026-03-16,"2026-07-16 13:58:28"
58,1,5,12,23.9462,CNY,10,2026-04-16,"2026-07-16 13:58:28"
59,1,5,12,25.2513,CNY,11,2026-05-16,"2026-07-16 13:58:28"
60,1,5,12,22.7719,CNY,12,2026-06-16,"2026-07-16 13:58:28"
61,1,6,17,284.3162,USD,1,2025-07-16,"2026-07-16 13:58:28"
62,1,6,17,269.5942,USD,2,2025-08-16,"2026-07-16 13:58:28"
63,1,6,17,298.4276,USD,3,2025-09-16,"2026-07-16 13:58:28"
64,1,6,17,286.2341,USD,4,2025-10-16,"2026-07-16 13:58:28"
65,1,6,17,272.6513,USD,5,2025-11-16,"2026-07-16 13:58:28"
66,1,6,17,271.9837,USD,6,2025-12-16,"2026-07-16 13:58:28"
67,1,6,17,300.0618,USD,7,2026-01-16,"2026-07-16 13:58:28"
68,1,6,17,271.058,USD,8,2026-02-16,"2026-07-16 13:58:28"
69,1,6,17,289.2385,USD,9,2026-03-16,"2026-07-16 13:58:28"
70,1,6,17,293.8863,USD,10,2026-04-16,"2026-07-16 13:58:28"
71,1,6,17,281.9865,USD,11,2026-05-16,"2026-07-16 13:58:28"
72,1,6,17,256.4484,USD,12,2026-06-16,"2026-07-16 13:58:28"
73,1,7,17,657.1838,CNY,1,2025-07-16,"2026-07-16 13:58:28"
74,1,7,17,588.8635,CNY,2,2025-08-16,"2026-07-16 13:58:28"
75,1,7,17,577.2537,CNY,3,2025-09-16,"2026-07-16 13:58:28"
76,1,7,17,610.5289,CNY,4,2025-10-16,"2026-07-16 13:58:28"
77,1,7,17,632.2996,CNY,5,2025-11-16,"2026-07-16 13:58:28"
78,1,7,17,612.046,CNY,6,2025-12-16,"2026-07-16 13:58:28"
79,1,7,17,661.162,CNY,7,2026-01-16,"2026-07-16 13:58:28"
80,1,7,17,612.0539,CNY,8,2026-02-16,"2026-07-16 13:58:28"
81,1,7,17,597.3982,CNY,9,2026-03-16,"2026-07-16 13:58:28"
82,1,7,17,628.7779,CNY,10,2026-04-16,"2026-07-16 13:58:28"
83,1,7,17,605.4795,CNY,11,2026-05-16,"2026-07-16 13:58:28"
84,1,7,17,623.9647,CNY,12,2026-06-16,"2026-07-16 13:58:28"
85,1,8,12,542.3063,CNY,1,2025-07-16,"2026-07-16 13:58:28"
86,1,8,12,572.6862,CNY,2,2025-08-16,"2026-07-16 13:58:28"
87,1,8,12,554.474,CNY,3,2025-09-16,"2026-07-16 13:58:28"
88,1,8,12,501.3304,CNY,4,2025-10-16,"2026-07-16 13:58:28"
89,1,8,12,597.4819,CNY,5,2025-11-16,"2026-07-16 13:58:28"
90,1,8,12,591.7089,CNY,6,2025-12-16,"2026-07-16 13:58:28"
91,1,8,12,556.9698,CNY,7,2026-01-16,"2026-07-16 13:58:28"
92,1,8,12,529.2715,CNY,8,2026-02-16,"2026-07-16 13:58:28"
93,1,8,12,507.5023,CNY,9,2026-03-16,"2026-07-16 13:58:28"
94,1,8,12,578.7188,CNY,10,2026-04-16,"2026-07-16 13:58:28"
95,1,8,12,546.6541,CNY,11,2026-05-16,"2026-07-16 13:58:28"
96,1,8,12,514.6439,CNY,12,2026-06-16,"2026-07-16 13:58:28"
97,1,9,16,438.7131,CNY,1,2025-07-16,"2026-07-16 13:58:28"
98,1,9,16,467.6489,CNY,2,2025-08-16,"2026-07-16 13:58:28"
99,1,9,16,474.9015,CNY,3,2025-09-16,"2026-07-16 13:58:28"
100,1,9,16,451.1612,CNY,4,2025-10-16,"2026-07-16 13:58:28"
101,1,9,16,424.9297,CNY,5,2025-11-16,"2026-07-16 13:58:28"
102,1,9,16,501.4379,CNY,6,2025-12-16,"2026-07-16 13:58:28"
103,1,9,16,459.7735,CNY,7,2026-01-16,"2026-07-16 13:58:28"
104,1,9,16,424.1658,CNY,8,2026-02-16,"2026-07-16 13:58:28"
105,1,9,16,459.4179,CNY,9,2026-03-16,"2026-07-16 13:58:28"
106,1,9,16,478.7525,CNY,10,2026-04-16,"2026-07-16 13:58:28"
107,1,9,16,425.4861,CNY,11,2026-05-16,"2026-07-16 13:58:28"
108,1,9,16,436.2216,CNY,12,2026-06-16,"2026-07-16 13:58:28"
109,1,10,7,664.6399,CNY,1,2025-07-16,"2026-07-16 13:58:28"
110,1,10,7,705.9518,CNY,2,2025-08-16,"2026-07-16 13:58:28"
111,1,10,7,775.218,CNY,3,2025-09-16,"2026-07-16 13:58:28"
112,1,10,7,747.3197,CNY,4,2025-10-16,"2026-07-16 13:58:28"
113,1,10,7,719.8927,CNY,5,2025-11-16,"2026-07-16 13:58:28"
114,1,10,7,793.2979,CNY,6,2025-12-16,"2026-07-16 13:58:28"
115,1,10,7,749.5335,CNY,7,2026-01-16,"2026-07-16 13:58:28"
116,1,10,7,747.6583,CNY,8,2026-02-16,"2026-07-16 13:58:28"
117,1,10,7,784.8236,CNY,9,2026-03-16,"2026-07-16 13:58:28"
118,1,10,7,691.8627,CNY,10,2026-04-16,"2026-07-16 13:58:28"
119,1,10,7,665.9149,CNY,11,2026-05-16,"2026-07-16 13:58:28"
120,1,10,7,769.3733,CNY,12,2026-06-16,"2026-07-16 13:58:28"
121,1,11,11,786.3111,CNY,1,2025-07-16,"2026-07-16 13:58:28"
122,1,11,11,789.5248,CNY,2,2025-08-16,"2026-07-16 13:58:28"
123,1,11,11,852.8989,CNY,3,2025-09-16,"2026-07-16 13:58:28"
124,1,11,11,930.6635,CNY,4,2025-10-16,"2026-07-16 13:58:28"
125,1,11,11,803.2595,CNY,5,2025-11-16,"2026-07-16 13:58:28"
126,1,11,11,889.6352,CNY,6,2025-12-16,"2026-07-16 13:58:28"
127,1,11,11,901.0221,CNY,7,2026-01-16,"2026-07-16 13:58:28"
128,1,11,11,813.0143,CNY,8,2026-02-16,"2026-07-16 13:58:28"
129,1,11,11,858.6999,CNY,9,2026-03-16,"2026-07-16 13:58:28"
130,1,11,11,809.585,CNY,10,2026-04-16,"2026-07-16 13:58:28"
131,1,11,11,931.4683,CNY,11,2026-05-16,"2026-07-16 13:58:28"
132,1,11,11,872.7662,CNY,12,2026-06-16,"2026-07-16 13:58:28"
133,1,12,9,111.3338,USD,1,2025-07-16,"2026-07-16 13:58:28"
134,1,12,9,112.2843,USD,2,2025-08-16,"2026-07-16 13:58:28"
135,1,12,9,116.967,USD,3,2025-09-16,"2026-07-16 13:58:28"
136,1,12,9,114.1781,USD,4,2025-10-16,"2026-07-16 13:58:28"
137,1,12,9,109.878,USD,5,2025-11-16,"2026-07-16 13:58:28"
138,1,12,9,97.5391,USD,6,2025-12-16,"2026-07-16 13:58:28"
139,1,12,9,102.5075,USD,7,2026-01-16,"2026-07-16 13:58:28"
140,1,12,9,114.4743,USD,8,2026-02-16,"2026-07-16 13:58:28"
141,1,12,9,102.2973,USD,9,2026-03-16,"2026-07-16 13:58:28"
142,1,12,9,100.5538,USD,10,2026-04-16,"2026-07-16 13:58:28"
143,1,12,9,106.9803,USD,11,2026-05-16,"2026-07-16 13:58:28"
144,1,12,9,113.8729,USD,12,2026-06-16,"2026-07-16 13:58:28"
145,1,13,1,521.4166,USD,1,2025-07-16,"2026-07-16 13:58:28"
146,1,13,1,573.3513,USD,2,2025-08-16,"2026-07-16 13:58:28"
147,1,13,1,573.723,USD,3,2025-09-16,"2026-07-16 13:58:28"
148,1,13,1,564.0514,USD,4,2025-10-16,"2026-07-16 13:58:28"
149,1,13,1,572.755,USD,5,2025-11-16,"2026-07-16 13:58:28"
150,1,13,1,620.4372,USD,6,2025-12-16,"2026-07-16 13:58:28"
151,1,13,1,590.5109,USD,7,2026-01-16,"2026-07-16 13:58:28"
152,1,13,1,611.6712,USD,8,2026-02-16,"2026-07-16 13:58:28"
153,1,13,1,528.9704,USD,9,2026-03-16,"2026-07-16 13:58:28"
154,1,13,1,577.8925,USD,10,2026-04-16,"2026-07-16 13:58:28"
155,1,13,1,552.067,USD,11,2026-05-16,"2026-07-16 13:58:28"
156,1,13,1,529.5766,USD,12,2026-06-16,"2026-07-16 13:58:28"
157,1,14,8,271.3878,CNY,1,2025-07-16,"2026-07-16 13:58:28"
158,1,14,8,284.6825,CNY,2,2025-08-16,"2026-07-16 13:58:28"
159,1,14,8,266.3436,CNY,3,2025-09-16,"2026-07-16 13:58:28"
160,1,14,8,256.3464,CNY,4,2025-10-16,"2026-07-16 13:58:28"
161,1,14,8,285.6648,CNY,5,2025-11-16,"2026-07-16 13:58:28"
162,1,14,8,273.1161,CNY,6,2025-12-16,"2026-07-16 13:58:28"
163,1,14,8,301.0094,CNY,7,2026-01-16,"2026-07-16 13:58:28"
164,1,14,8,258.1805,CNY,8,2026-02-16,"2026-07-16 13:58:28"
165,1,14,8,304.0112,CNY,9,2026-03-16,"2026-07-16 13:58:28"
166,1,14,8,305.9678,CNY,10,2026-04-16,"2026-07-16 13:58:28"
167,1,14,8,300.3055,CNY,11,2026-05-16,"2026-07-16 13:58:28"
168,1,14,8,270.0955,CNY,12,2026-06-16,"2026-07-16 13:58:28"
169,1,15,17,266.3161,CNY,1,2025-07-16,"2026-07-16 13:58:28"
170,1,15,17,229.4433,CNY,2,2025-08-16,"2026-07-16 13:58:28"
171,1,15,17,233.8758,CNY,3,2025-09-16,"2026-07-16 13:58:28"
172,1,15,17,251.9709,CNY,4,2025-10-16,"2026-07-16 13:58:28"
173,1,15,17,232.9141,CNY,5,2025-11-16,"2026-07-16 13:58:28"
174,1,15,17,246.0775,CNY,6,2025-12-16,"2026-07-16 13:58:28"
175,1,15,17,228.9618,CNY,7,2026-01-16,"2026-07-16 13:58:28"
176,1,15,17,255.5896,CNY,8,2026-02-16,"2026-07-16 13:58:28"
177,1,15,17,267.2847,CNY,9,2026-03-16,"2026-07-16 13:58:28"
178,1,15,17,268.377,CNY,10,2026-04-16,"2026-07-16 13:58:28"
179,1,15,17,223.9511,CNY,11,2026-05-16,"2026-07-16 13:58:28"
180,1,15,17,266.113,CNY,12,2026-06-16,"2026-07-16 13:58:28"
181,1,16,7,864.5812,CNY,1,2025-07-16,"2026-07-16 13:58:28"
182,1,16,7,868.0265,CNY,2,2025-08-16,"2026-07-16 13:58:28"
183,1,16,7,782.7016,CNY,3,2025-09-16,"2026-07-16 13:58:28"
184,1,16,7,836.7168,CNY,4,2025-10-16,"2026-07-16 13:58:28"
185,1,16,7,846.9165,CNY,5,2025-11-16,"2026-07-16 13:58:28"
186,1,16,7,856.8081,CNY,6,2025-12-16,"2026-07-16 13:58:28"
187,1,16,7,801.1445,CNY,7,2026-01-16,"2026-07-16 13:58:28"
188,1,16,7,800.8998,CNY,8,2026-02-16,"2026-07-16 13:58:28"
189,1,16,7,779.8677,CNY,9,2026-03-16,"2026-07-16 13:58:28"
190,1,16,7,799.4964,CNY,10,2026-04-16,"2026-07-16 13:58:28"
191,1,16,7,736.4014,CNY,11,2026-05-16,"2026-07-16 13:58:28"
192,1,16,7,770.3596,CNY,12,2026-06-16,"2026-07-16 13:58:28"
193,1,17,9,509.5274,CNY,1,2025-07-16,"2026-07-16 13:58:28"
194,1,17,9,489.2798,CNY,2,2025-08-16,"2026-07-16 13:58:28"
195,1,17,9,453.3619,CNY,3,2025-09-16,"2026-07-16 13:58:28"
196,1,17,9,487.0376,CNY,4,2025-10-16,"2026-07-16 13:58:28"
197,1,17,9,510.8032,CNY,5,2025-11-16,"2026-07-16 13:58:28"
198,1,17,9,463.3666,CNY,6,2025-12-16,"2026-07-16 13:58:28"
199,1,17,9,535.3401,CNY,7,2026-01-16,"2026-07-16 13:58:28"
200,1,17,9,519.268,CNY,8,2026-02-16,"2026-07-16 13:58:28"
201,1,17,9,467.4689,CNY,9,2026-03-16,"2026-07-16 13:58:28"
202,1,17,9,550.3102,CNY,10,2026-04-16,"2026-07-16 13:58:28"
203,1,17,9,470.1121,CNY,11,2026-05-16,"2026-07-16 13:58:28"
204,1,17,9,539.966,CNY,12,2026-06-16,"2026-07-16 13:58:28"
205,1,18,2,271.9087,CNY,1,2025-07-16,"2026-07-16 13:58:28"
206,1,18,2,247.8257,CNY,2,2025-08-16,"2026-07-16 13:58:28"
207,1,18,2,291.308,CNY,3,2025-09-16,"2026-07-16 13:58:28"
208,1,18,2,279.991,CNY,4,2025-10-16,"2026-07-16 13:58:28"
209,1,18,2,247.8052,CNY,5,2025-11-16,"2026-07-16 13:58:28"
210,1,18,2,296.0942,CNY,6,2025-12-16,"2026-07-16 13:58:28"
211,1,18,2,296.0715,CNY,7,2026-01-16,"2026-07-16 13:58:28"
212,1,18,2,274.0874,CNY,8,2026-02-16,"2026-07-16 13:58:28"
213,1,18,2,300.2693,CNY,9,2026-03-16,"2026-07-16 13:58:28"
214,1,18,2,294.015,CNY,10,2026-04-16,"2026-07-16 13:58:28"
215,1,18,2,268.6651,CNY,11,2026-05-16,"2026-07-16 13:58:28"
216,1,18,2,282.3522,CNY,12,2026-06-16,"2026-07-16 13:58:28"
217,1,19,2,724.6336,CNY,1,2025-07-16,"2026-07-16 13:58:28"
218,1,19,2,796.9244,CNY,2,2025-08-16,"2026-07-16 13:58:28"
219,1,19,2,744.455,CNY,3,2025-09-16,"2026-07-16 13:58:28"
220,1,19,2,754.1434,CNY,4,2025-10-16,"2026-07-16 13:58:28"
221,1,19,2,765.0183,CNY,5,2025-11-16,"2026-07-16 13:58:28"
222,1,19,2,810.7015,CNY,6,2025-12-16,"2026-07-16 13:58:28"
223,1,19,2,844.51,CNY,7,2026-01-16,"2026-07-16 13:58:28"
224,1,19,2,782.4658,CNY,8,2026-02-16,"2026-07-16 13:58:28"
225,1,19,2,815.1031,CNY,9,2026-03-16,"2026-07-16 13:58:28"
226,1,19,2,736.4929,CNY,10,2026-04-16,"2026-07-16 13:58:28"
227,1,19,2,721.7336,CNY,11,2026-05-16,"2026-07-16 13:58:28"
228,1,19,2,749.9177,CNY,12,2026-06-16,"2026-07-16 13:58:28"
229,1,20,17,254.633,CNY,1,2025-07-16,"2026-07-16 13:58:28"
230,1,20,17,266.6502,CNY,2,2025-08-16,"2026-07-16 13:58:28"
231,1,20,17,277.7997,CNY,3,2025-09-16,"2026-07-16 13:58:28"
232,1,20,17,302.2647,CNY,4,2025-10-16,"2026-07-16 13:58:28"
233,1,20,17,257.9625,CNY,5,2025-11-16,"2026-07-16 13:58:28"
234,1,20,17,260.1568,CNY,6,2025-12-16,"2026-07-16 13:58:28"
235,1,20,17,283.922,CNY,7,2026-01-16,"2026-07-16 13:58:28"
236,1,20,17,305.8158,CNY,8,2026-02-16,"2026-07-16 13:58:28"
237,1,20,17,275.915,CNY,9,2026-03-16,"2026-07-16 13:58:28"
238,1,20,17,292.6698,CNY,10,2026-04-16,"2026-07-16 13:58:28"
239,1,20,17,290.0249,CNY,11,2026-05-16,"2026-07-16 13:58:28"
240,1,20,17,301.1297,CNY,12,2026-06-16,"2026-07-16 13:58:28"
241,1,21,10,51.3313,CNY,1,2025-07-16,"2026-07-16 13:58:28"
242,1,21,10,56.4041,CNY,2,2025-08-16,"2026-07-16 13:58:28"
243,1,21,10,52.2207,CNY,3,2025-09-16,"2026-07-16 13:58:28"
244,1,21,10,46.8157,CNY,4,2025-10-16,"2026-07-16 13:58:28"
245,1,21,10,54.7463,CNY,5,2025-11-16,"2026-07-16 13:58:28"
246,1,21,10,52.0486,CNY,6,2025-12-16,"2026-07-16 13:58:28"
247,1,21,10,52.3692,CNY,7,2026-01-16,"2026-07-16 13:58:28"
248,1,21,10,56.2068,CNY,8,2026-02-16,"2026-07-16 13:58:28"
249,1,21,10,53.4122,CNY,9,2026-03-16,"2026-07-16 13:58:28"
250,1,21,10,54.8204,CNY,10,2026-04-16,"2026-07-16 13:58:28"
251,1,21,10,51.6988,CNY,11,2026-05-16,"2026-07-16 13:58:28"
252,1,21,10,51.3028,CNY,12,2026-06-16,"2026-07-16 13:58:28"
253,1,22,7,54.0027,USD,1,2025-07-16,"2026-07-16 13:58:28"
254,1,22,7,54.2586,USD,2,2025-08-16,"2026-07-16 13:58:28"
255,1,22,7,55.1358,USD,3,2025-09-16,"2026-07-16 13:58:28"
256,1,22,7,51.0228,USD,4,2025-10-16,"2026-07-16 13:58:28"
257,1,22,7,56.5512,USD,5,2025-11-16,"2026-07-16 13:58:28"
258,1,22,7,49.338,USD,6,2025-12-16,"2026-07-16 13:58:28"
259,1,22,7,49.8668,USD,7,2026-01-16,"2026-07-16 13:58:28"
260,1,22,7,58.2677,USD,8,2026-02-16,"2026-07-16 13:58:28"
261,1,22,7,58.6615,USD,9,2026-03-16,"2026-07-16 13:58:28"
262,1,22,7,58.3408,USD,10,2026-04-16,"2026-07-16 13:58:28"
263,1,22,7,54.3871,USD,11,2026-05-16,"2026-07-16 13:58:28"
264,1,22,7,55.1778,USD,12,2026-06-16,"2026-07-16 13:58:28"
265,1,23,13,837.8223,CNY,1,2025-07-16,"2026-07-16 13:58:28"
266,1,23,13,845.6252,CNY,2,2025-08-16,"2026-07-16 13:58:28"
267,1,23,13,712.6432,CNY,3,2025-09-16,"2026-07-16 13:58:28"
268,1,23,13,793.2584,CNY,4,2025-10-16,"2026-07-16 13:58:28"
269,1,23,13,826.8347,CNY,5,2025-11-16,"2026-07-16 13:58:28"
270,1,23,13,734.8051,CNY,6,2025-12-16,"2026-07-16 13:58:28"
271,1,23,13,826.8706,CNY,7,2026-01-16,"2026-07-16 13:58:28"
272,1,23,13,748.23,CNY,8,2026-02-16,"2026-07-16 13:58:28"
273,1,23,13,709.0631,CNY,9,2026-03-16,"2026-07-16 13:58:28"
274,1,23,13,728.1906,CNY,10,2026-04-16,"2026-07-16 13:58:28"
275,1,23,13,781.236,CNY,11,2026-05-16,"2026-07-16 13:58:28"
276,1,23,13,756.5875,CNY,12,2026-06-16,"2026-07-16 13:58:28"
277,1,24,2,745.9505,CNY,1,2025-07-16,"2026-07-16 13:58:28"
278,1,24,2,723.555,CNY,2,2025-08-16,"2026-07-16 13:58:28"
279,1,24,2,736.6525,CNY,3,2025-09-16,"2026-07-16 13:58:28"
280,1,24,2,730.2681,CNY,4,2025-10-16,"2026-07-16 13:58:28"
281,1,24,2,673.13,CNY,5,2025-11-16,"2026-07-16 13:58:28"
282,1,24,2,662.8742,CNY,6,2025-12-16,"2026-07-16 13:58:28"
283,1,24,2,679.619,CNY,7,2026-01-16,"2026-07-16 13:58:28"
284,1,24,2,759.2449,CNY,8,2026-02-16,"2026-07-16 13:58:28"
285,1,24,2,749.2336,CNY,9,2026-03-16,"2026-07-16 13:58:28"
286,1,24,2,658.7101,CNY,10,2026-04-16,"2026-07-16 13:58:28"
287,1,24,2,691.9742,CNY,11,2026-05-16,"2026-07-16 13:58:28"
288,1,24,2,649.4737,CNY,12,2026-06-16,"2026-07-16 13:58:28"
289,1,25,2,559.0516,CNY,1,2025-07-16,"2026-07-16 13:58:28"
290,1,25,2,541.8441,CNY,2,2025-08-16,"2026-07-16 13:58:28"
291,1,25,2,501.1401,CNY,3,2025-09-16,"2026-07-16 13:58:28"
292,1,25,2,564.7982,CNY,4,2025-10-16,"2026-07-16 13:58:28"
293,1,25,2,569.045,CNY,5,2025-11-16,"2026-07-16 13:58:28"
294,1,25,2,532.4397,CNY,6,2025-12-16,"2026-07-16 13:58:28"
295,1,25,2,512.5496,CNY,7,2026-01-16,"2026-07-16 13:58:28"
296,1,25,2,519.4573,CNY,8,2026-02-16,"2026-07-16 13:58:28"
297,1,25,2,528.4258,CNY,9,2026-03-16,"2026-07-16 13:58:28"
298,1,25,2,538.4591,CNY,10,2026-04-16,"2026-07-16 13:58:28"
299,1,25,2,549.8415,CNY,11,2026-05-16,"2026-07-16 13:58:28"
300,1,25,2,500.4346,CNY,12,2026-06-16,"2026-07-16 13:58:28"
301,1,26,3,624.7288,CNY,1,2025-07-16,"2026-07-16 13:58:28"
302,1,26,3,575.1742,CNY,2,2025-08-16,"2026-07-16 13:58:28"
303,1,26,3,632.4435,CNY,3,2025-09-16,"2026-07-16 13:58:28"
304,1,26,3,576.5359,CNY,4,2025-10-16,"2026-07-16 13:58:28"
305,1,26,3,563.8539,CNY,5,2025-11-16,"2026-07-16 13:58:28"
306,1,26,3,538.5529,CNY,6,2025-12-16,"2026-07-16 13:58:28"
307,1,26,3,536.5587,CNY,7,2026-01-16,"2026-07-16 13:58:28"
308,1,26,3,564.9549,CNY,8,2026-02-16,"2026-07-16 13:58:28"
309,1,26,3,583.7867,CNY,9,2026-03-16,"2026-07-16 13:58:28"
310,1,26,3,605.9995,CNY,10,2026-04-16,"2026-07-16 13:58:28"
311,1,26,3,603.5588,CNY,11,2026-05-16,"2026-07-16 13:58:28"
312,1,26,3,544.2457,CNY,12,2026-06-16,"2026-07-16 13:58:28"
313,1,27,10,293.8806,CNY,1,2025-07-16,"2026-07-16 13:58:28"
314,1,27,10,295.6697,CNY,2,2025-08-16,"2026-07-16 13:58:28"
315,1,27,10,295.1969,CNY,3,2025-09-16,"2026-07-16 13:58:28"
316,1,27,10,333.72,CNY,4,2025-10-16,"2026-07-16 13:58:28"
317,1,27,10,299.5707,CNY,5,2025-11-16,"2026-07-16 13:58:28"
318,1,27,10,331.2335,CNY,6,2025-12-16,"2026-07-16 13:58:28"
319,1,27,10,283.0765,CNY,7,2026-01-16,"2026-07-16 13:58:28"
320,1,27,10,337.0232,CNY,8,2026-02-16,"2026-07-16 13:58:28"
321,1,27,10,290.4599,CNY,9,2026-03-16,"2026-07-16 13:58:28"
322,1,27,10,344.7465,CNY,10,2026-04-16,"2026-07-16 13:58:28"
323,1,27,10,298.7534,CNY,11,2026-05-16,"2026-07-16 13:58:28"
324,1,27,10,284.7958,CNY,12,2026-06-16,"2026-07-16 13:58:28"
325,1,28,18,41.32,CNY,1,2025-07-16,"2026-07-16 13:58:28"
326,1,28,18,39.6377,CNY,2,2025-08-16,"2026-07-16 13:58:28"
327,1,28,18,40.103,CNY,3,2025-09-16,"2026-07-16 13:58:28"
328,1,28,18,38.1574,CNY,4,2025-10-16,"2026-07-16 13:58:28"
329,1,28,18,37.296,CNY,5,2025-11-16,"2026-07-16 13:58:28"
330,1,28,18,42.3832,CNY,6,2025-12-16,"2026-07-16 13:58:28"
331,1,28,18,36.2839,CNY,7,2026-01-16,"2026-07-16 13:58:28"
332,1,28,18,36.5353,CNY,8,2026-02-16,"2026-07-16 13:58:28"
333,1,28,18,41.333,CNY,9,2026-03-16,"2026-07-16 13:58:28"
334,1,28,18,36.276,CNY,10,2026-04-16,"2026-07-16 13:58:28"
335,1,28,18,41.6011,CNY,11,2026-05-16,"2026-07-16 13:58:28"
336,1,28,18,38.427,CNY,12,2026-06-16,"2026-07-16 13:58:28"
337,1,29,6,791.7107,CNY,1,2025-07-16,"2026-07-16 13:58:28"
338,1,29,6,726.2618,CNY,2,2025-08-16,"2026-07-16 13:58:28"
339,1,29,6,714.318,CNY,3,2025-09-16,"2026-07-16 13:58:28"
340,1,29,6,730.6583,CNY,4,2025-10-16,"2026-07-16 13:58:28"
341,1,29,6,791.9913,CNY,5,2025-11-16,"2026-07-16 13:58:28"
342,1,29,6,804.8087,CNY,6,2025-12-16,"2026-07-16 13:58:28"
343,1,29,6,730.8304,CNY,7,2026-01-16,"2026-07-16 13:58:28"
344,1,29,6,844.6089,CNY,8,2026-02-16,"2026-07-16 13:58:28"
345,1,29,6,850.3185,CNY,9,2026-03-16,"2026-07-16 13:58:28"
346,1,29,6,799.0874,CNY,10,2026-04-16,"2026-07-16 13:58:28"
347,1,29,6,838.2368,CNY,11,2026-05-16,"2026-07-16 13:58:28"
348,1,29,6,794.2671,CNY,12,2026-06-16,"2026-07-16 13:58:28"
349,1,30,9,618.9701,CNY,1,2025-07-16,"2026-07-16 13:58:28"
350,1,30,9,616.0265,CNY,2,2025-08-16,"2026-07-16 13:58:28"
351,1,30,9,668.0579,CNY,3,2025-09-16,"2026-07-16 13:58:28"
352,1,30,9,622.4977,CNY,4,2025-10-16,"2026-07-16 13:58:28"
353,1,30,9,729.4503,CNY,5,2025-11-16,"2026-07-16 13:58:28"
354,1,30,9,619.6521,CNY,6,2025-12-16,"2026-07-16 13:58:28"
355,1,30,9,679.2825,CNY,7,2026-01-16,"2026-07-16 13:58:28"
356,1,30,9,743.56,CNY,8,2026-02-16,"2026-07-16 13:58:28"
357,1,30,9,641.6068,CNY,9,2026-03-16,"2026-07-16 13:58:28"
358,1,30,9,686.8371,CNY,10,2026-04-16,"2026-07-16 13:58:28"
359,1,30,9,617.2473,CNY,11,2026-05-16,"2026-07-16 13:58:28"
360,1,30,9,616.7377,CNY,12,2026-06-16,"2026-07-16 13:58:28"
361,1,31,14,360.4152,CNY,1,2025-07-16,"2026-07-16 13:58:28"
362,1,31,14,344.4689,CNY,2,2025-08-16,"2026-07-16 13:58:28"
363,1,31,14,376.7314,CNY,3,2025-09-16,"2026-07-16 13:58:28"
364,1,31,14,391.4703,CNY,4,2025-10-16,"2026-07-16 13:58:28"
365,1,31,14,370.0537,CNY,5,2025-11-16,"2026-07-16 13:58:28"
366,1,31,14,346.4442,CNY,6,2025-12-16,"2026-07-16 13:58:28"
367,1,31,14,335.5579,CNY,7,2026-01-16,"2026-07-16 13:58:28"
368,1,31,14,402.5856,CNY,8,2026-02-16,"2026-07-16 13:58:28"
369,1,31,14,363.2885,CNY,9,2026-03-16,"2026-07-16 13:58:28"
370,1,31,14,393.9902,CNY,10,2026-04-16,"2026-07-16 13:58:28"
371,1,31,14,384.4359,CNY,11,2026-05-16,"2026-07-16 13:58:28"
372,1,31,14,389.3056,CNY,12,2026-06-16,"2026-07-16 13:58:28"
373,1,32,17,679.8418,CNY,1,2025-07-16,"2026-07-16 13:58:28"
374,1,32,17,678.9093,CNY,2,2025-08-16,"2026-07-16 13:58:28"
375,1,32,17,730.106,CNY,3,2025-09-16,"2026-07-16 13:58:28"
376,1,32,17,728.7916,CNY,4,2025-10-16,"2026-07-16 13:58:28"
377,1,32,17,638.0582,CNY,5,2025-11-16,"2026-07-16 13:58:28"
378,1,32,17,735.5276,CNY,6,2025-12-16,"2026-07-16 13:58:28"
379,1,32,17,626.3176,CNY,7,2026-01-16,"2026-07-16 13:58:28"
380,1,32,17,734.8463,CNY,8,2026-02-16,"2026-07-16 13:58:28"
381,1,32,17,684.8509,CNY,9,2026-03-16,"2026-07-16 13:58:28"
382,1,32,17,666.4017,CNY,10,2026-04-16,"2026-07-16 13:58:28"
383,1,32,17,626.7161,CNY,11,2026-05-16,"2026-07-16 13:58:28"
384,1,32,17,642.6347,CNY,12,2026-06-16,"2026-07-16 13:58:28"
385,1,33,12,747.3842,CNY,1,2025-07-16,"2026-07-16 13:58:28"
386,1,33,12,770.125,CNY,2,2025-08-16,"2026-07-16 13:58:28"
387,1,33,12,690.3277,CNY,3,2025-09-16,"2026-07-16 13:58:28"
388,1,33,12,728.7999,CNY,4,2025-10-16,"2026-07-16 13:58:28"
389,1,33,12,694.3342,CNY,5,2025-11-16,"2026-07-16 13:58:28"
390,1,33,12,762.5141,CNY,6,2025-12-16,"2026-07-16 13:58:28"
391,1,33,12,805.0564,CNY,7,2026-01-16,"2026-07-16 13:58:28"
392,1,33,12,809.1543,CNY,8,2026-02-16,"2026-07-16 13:58:28"
393,1,33,12,801.893,CNY,9,2026-03-16,"2026-07-16 13:58:28"
394,1,33,12,793.203,CNY,10,2026-04-16,"2026-07-16 13:58:28"
395,1,33,12,668.2837,CNY,11,2026-05-16,"2026-07-16 13:58:28"
396,1,33,12,679.6515,CNY,12,2026-06-16,"2026-07-16 13:58:28"
397,1,34,6,22.2108,CNY,1,2025-07-16,"2026-07-16 13:58:28"
398,1,34,6,24.1222,CNY,2,2025-08-16,"2026-07-16 13:58:28"
399,1,34,6,21.3362,CNY,3,2025-09-16,"2026-07-16 13:58:28"
400,1,34,6,24.1528,CNY,4,2025-10-16,"2026-07-16 13:58:28"
401,1,34,6,21.3941,CNY,5,2025-11-16,"2026-07-16 13:58:28"
402,1,34,6,23.686,CNY,6,2025-12-16,"2026-07-16 13:58:28"
403,1,34,6,21.9629,CNY,7,2026-01-16,"2026-07-16 13:58:28"
404,1,34,6,23.7539,CNY,8,2026-02-16,"2026-07-16 13:58:28"
405,1,34,6,23.3586,CNY,9,2026-03-16,"2026-07-16 13:58:28"
406,1,34,6,23.6921,CNY,10,2026-04-16,"2026-07-16 13:58:28"
407,1,34,6,22.2958,CNY,11,2026-05-16,"2026-07-16 13:58:28"
408,1,34,6,22.3074,CNY,12,2026-06-16,"2026-07-16 13:58:28"
409,1,35,10,110.8892,CNY,1,2025-07-16,"2026-07-16 13:58:28"
410,1,35,10,115.3343,CNY,2,2025-08-16,"2026-07-16 13:58:28"
411,1,35,10,118.5187,CNY,3,2025-09-16,"2026-07-16 13:58:28"
412,1,35,10,132.5793,CNY,4,2025-10-16,"2026-07-16 13:58:28"
413,1,35,10,116.1049,CNY,5,2025-11-16,"2026-07-16 13:58:28"
414,1,35,10,133.6968,CNY,6,2025-12-16,"2026-07-16 13:58:28"
415,1,35,10,124.0382,CNY,7,2026-01-16,"2026-07-16 13:58:28"
416,1,35,10,118.223,CNY,8,2026-02-16,"2026-07-16 13:58:28"
417,1,35,10,125.7816,CNY,9,2026-03-16,"2026-07-16 13:58:28"
418,1,35,10,130.2045,CNY,10,2026-04-16,"2026-07-16 13:58:28"
419,1,35,10,121.3997,CNY,11,2026-05-16,"2026-07-16 13:58:28"
420,1,35,10,120.554,CNY,12,2026-06-16,"2026-07-16 13:58:28"
421,1,36,18,792.4505,CNY,1,2025-07-16,"2026-07-16 13:58:28"
422,1,36,18,686.1189,CNY,2,2025-08-16,"2026-07-16 13:58:28"
423,1,36,18,766.8644,CNY,3,2025-09-16,"2026-07-16 13:58:28"
424,1,36,18,725.1759,CNY,4,2025-10-16,"2026-07-16 13:58:28"
425,1,36,18,837.5494,CNY,5,2025-11-16,"2026-07-16 13:58:28"
426,1,36,18,730.8871,CNY,6,2025-12-16,"2026-07-16 13:58:28"
427,1,36,18,687.9558,CNY,7,2026-01-16,"2026-07-16 13:58:28"
428,1,36,18,697.4606,CNY,8,2026-02-16,"2026-07-16 13:58:28"
429,1,36,18,753.6522,CNY,9,2026-03-16,"2026-07-16 13:58:28"
430,1,36,18,814.8557,CNY,10,2026-04-16,"2026-07-16 13:58:28"
431,1,36,18,732.2769,CNY,11,2026-05-16,"2026-07-16 13:58:28"
432,1,36,18,696.6691,CNY,12,2026-06-16,"2026-07-16 13:58:28"
433,1,37,17,548.0593,USD,1,2025-07-16,"2026-07-16 13:58:28"
434,1,37,17,604.0097,USD,2,2025-08-16,"2026-07-16 13:58:28"
435,1,37,17,569.6026,USD,3,2025-09-16,"2026-07-16 13:58:28"
436,1,37,17,564.2172,USD,4,2025-10-16,"2026-07-16 13:58:28"
437,1,37,17,606.5499,USD,5,2025-11-16,"2026-07-16 13:58:28"
438,1,37,17,603.4244,USD,6,2025-12-16,"2026-07-16 13:58:28"
439,1,37,17,597.4335,USD,7,2026-01-16,"2026-07-16 13:58:28"
440,1,37,17,522.2487,USD,8,2026-02-16,"2026-07-16 13:58:28"
441,1,37,17,513.7271,USD,9,2026-03-16,"2026-07-16 13:58:28"
442,1,37,17,535.8881,USD,10,2026-04-16,"2026-07-16 13:58:28"
443,1,37,17,595.1761,USD,11,2026-05-16,"2026-07-16 13:58:28"
444,1,37,17,555.6252,USD,12,2026-06-16,"2026-07-16 13:58:28"
445,1,38,19,425.4543,CNY,1,2025-07-16,"2026-07-16 13:58:28"
446,1,38,19,444.2602,CNY,2,2025-08-16,"2026-07-16 13:58:28"
447,1,38,19,474.8149,CNY,3,2025-09-16,"2026-07-16 13:58:28"
448,1,38,19,449.7848,CNY,4,2025-10-16,"2026-07-16 13:58:28"
449,1,38,19,490.0489,CNY,5,2025-11-16,"2026-07-16 13:58:28"
450,1,38,19,435.4907,CNY,6,2025-12-16,"2026-07-16 13:58:28"
451,1,38,19,478.1424,CNY,7,2026-01-16,"2026-07-16 13:58:28"
452,1,38,19,484.3059,CNY,8,2026-02-16,"2026-07-16 13:58:28"
453,1,38,19,447.6147,CNY,9,2026-03-16,"2026-07-16 13:58:28"
454,1,38,19,420.3995,CNY,10,2026-04-16,"2026-07-16 13:58:28"
455,1,38,19,406.8108,CNY,11,2026-05-16,"2026-07-16 13:58:28"
456,1,38,19,417.5441,CNY,12,2026-06-16,"2026-07-16 13:58:28"
457,1,39,2,868.4548,USD,1,2025-07-16,"2026-07-16 13:58:28"
458,1,39,2,878.3196,USD,2,2025-08-16,"2026-07-16 13:58:28"
459,1,39,2,809.6069,USD,3,2025-09-16,"2026-07-16 13:58:28"
460,1,39,2,848.2568,USD,4,2025-10-16,"2026-07-16 13:58:28"
461,1,39,2,803.2104,USD,5,2025-11-16,"2026-07-16 13:58:28"
462,1,39,2,826.9908,USD,6,2025-12-16,"2026-07-16 13:58:28"
463,1,39,2,870.4331,USD,7,2026-01-16,"2026-07-16 13:58:28"
464,1,39,2,784.2312,USD,8,2026-02-16,"2026-07-16 13:58:28"
465,1,39,2,731.905,USD,9,2026-03-16,"2026-07-16 13:58:28"
466,1,39,2,767.2997,USD,10,2026-04-16,"2026-07-16 13:58:28"
467,1,39,2,876.9403,USD,11,2026-05-16,"2026-07-16 13:58:28"
468,1,39,2,871.3313,USD,12,2026-06-16,"2026-07-16 13:58:28"
469,1,40,1,498.4374,CNY,1,2025-07-16,"2026-07-16 13:58:28"
470,1,40,1,464.2359,CNY,2,2025-08-16,"2026-07-16 13:58:28"
471,1,40,1,430.3238,CNY,3,2025-09-16,"2026-07-16 13:58:28"
472,1,40,1,486.4076,CNY,4,2025-10-16,"2026-07-16 13:58:28"
473,1,40,1,474.4931,CNY,5,2025-11-16,"2026-07-16 13:58:28"
474,1,40,1,497.5456,CNY,6,2025-12-16,"2026-07-16 13:58:28"
475,1,40,1,444.6927,CNY,7,2026-01-16,"2026-07-16 13:58:28"
476,1,40,1,428.2729,CNY,8,2026-02-16,"2026-07-16 13:58:28"
477,1,40,1,496.8511,CNY,9,2026-03-16,"2026-07-16 13:58:28"
478,1,40,1,466.6638,CNY,10,2026-04-16,"2026-07-16 13:58:28"
479,1,40,1,465.4589,CNY,11,2026-05-16,"2026-07-16 13:58:28"
480,1,40,1,504.7481,CNY,12,2026-06-16,"2026-07-16 13:58:28"
481,1,41,7,73.4494,USD,1,2025-07-16,"2026-07-16 13:58:28"
482,1,41,7,76.0796,USD,2,2025-08-16,"2026-07-16 13:58:28"
483,1,41,7,64.2833,USD,3,2025-09-16,"2026-07-16 13:58:28"
484,1,41,7,65.0542,USD,4,2025-10-16,"2026-07-16 13:58:28"
485,1,41,7,68.5058,USD,5,2025-11-16,"2026-07-16 13:58:28"
486,1,41,7,75.0325,USD,6,2025-12-16,"2026-07-16 13:58:28"
487,1,41,7,76.1154,USD,7,2026-01-16,"2026-07-16 13:58:28"
488,1,41,7,73.9827,USD,8,2026-02-16,"2026-07-16 13:58:28"
489,1,41,7,69.865,USD,9,2026-03-16,"2026-07-16 13:58:28"
490,1,41,7,64.4176,USD,10,2026-04-16,"2026-07-16 13:58:28"
491,1,41,7,68.1152,USD,11,2026-05-16,"2026-07-16 13:58:28"
492,1,41,7,64.4731,USD,12,2026-06-16,"2026-07-16 13:58:28"
493,1,42,5,653.7299,USD,1,2025-07-16,"2026-07-16 13:58:28"
494,1,42,5,636.1032,USD,2,2025-08-16,"2026-07-16 13:58:28"
495,1,42,5,707.4179,USD,3,2025-09-16,"2026-07-16 13:58:28"
496,1,42,5,625.0115,USD,4,2025-10-16,"2026-07-16 13:58:28"
497,1,42,5,631.6254,USD,5,2025-11-16,"2026-07-16 13:58:28"
498,1,42,5,660.7847,USD,6,2025-12-16,"2026-07-16 13:58:28"
499,1,42,5,725.2737,USD,7,2026-01-16,"2026-07-16 13:58:28"
500,1,42,5,612.9941,USD,8,2026-02-16,"2026-07-16 13:58:28"
501,1,42,5,652.8828,USD,9,2026-03-16,"2026-07-16 13:58:28"
502,1,42,5,602.5523,USD,10,2026-04-16,"2026-07-16 13:58:28"
503,1,42,5,672.0019,USD,11,2026-05-16,"2026-07-16 13:58:28"
504,1,42,5,703.6959,USD,12,2026-06-16,"2026-07-16 13:58:28"
505,1,43,5,600.2324,USD,1,2025-07-16,"2026-07-16 13:58:28"
506,1,43,5,619.5769,USD,2,2025-08-16,"2026-07-16 13:58:28"
507,1,43,5,527.8893,USD,3,2025-09-16,"2026-07-16 13:58:28"
508,1,43,5,545.5683,USD,4,2025-10-16,"2026-07-16 13:58:28"
509,1,43,5,588.1261,USD,5,2025-11-16,"2026-07-16 13:58:28"
510,1,43,5,529.1121,USD,6,2025-12-16,"2026-07-16 13:58:28"
511,1,43,5,622.2395,USD,7,2026-01-16,"2026-07-16 13:58:28"
512,1,43,5,569.9517,USD,8,2026-02-16,"2026-07-16 13:58:28"
513,1,43,5,603.2936,USD,9,2026-03-16,"2026-07-16 13:58:28"
514,1,43,5,574.5117,USD,10,2026-04-16,"2026-07-16 13:58:28"
515,1,43,5,524.7087,USD,11,2026-05-16,"2026-07-16 13:58:28"
516,1,43,5,615.5627,USD,12,2026-06-16,"2026-07-16 13:58:28"
517,1,44,15,694.4354,CNY,1,2025-07-16,"2026-07-16 13:58:28"
518,1,44,15,663.813,CNY,2,2025-08-16,"2026-07-16 13:58:28"
519,1,44,15,705.3903,CNY,3,2025-09-16,"2026-07-16 13:58:28"
520,1,44,15,702.2002,CNY,4,2025-10-16,"2026-07-16 13:58:28"
521,1,44,15,603.4112,CNY,5,2025-11-16,"2026-07-16 13:58:28"
522,1,44,15,619.0402,CNY,6,2025-12-16,"2026-07-16 13:58:28"
523,1,44,15,604.414,CNY,7,2026-01-16,"2026-07-16 13:58:28"
524,1,44,15,698.854,CNY,8,2026-02-16,"2026-07-16 13:58:28"
525,1,44,15,595.0207,CNY,9,2026-03-16,"2026-07-16 13:58:28"
526,1,44,15,634.7106,CNY,10,2026-04-16,"2026-07-16 13:58:28"
527,1,44,15,682.6554,CNY,11,2026-05-16,"2026-07-16 13:58:28"
528,1,44,15,686.8793,CNY,12,2026-06-16,"2026-07-16 13:58:28"
529,1,45,2,519.7978,CNY,1,2025-07-16,"2026-07-16 13:58:28"
530,1,45,2,548.0142,CNY,2,2025-08-16,"2026-07-16 13:58:28"
531,1,45,2,580.6319,CNY,3,2025-09-16,"2026-07-16 13:58:28"
532,1,45,2,577.6916,CNY,4,2025-10-16,"2026-07-16 13:58:28"
533,1,45,2,565.2941,CNY,5,2025-11-16,"2026-07-16 13:58:28"
534,1,45,2,576.3069,CNY,6,2025-12-16,"2026-07-16 13:58:28"
535,1,45,2,522.1127,CNY,7,2026-01-16,"2026-07-16 13:58:28"
536,1,45,2,580.9973,CNY,8,2026-02-16,"2026-07-16 13:58:28"
537,1,45,2,596.8938,CNY,9,2026-03-16,"2026-07-16 13:58:28"
538,1,45,2,628.4901,CNY,10,2026-04-16,"2026-07-16 13:58:28"
539,1,45,2,585.8468,CNY,11,2026-05-16,"2026-07-16 13:58:28"
540,1,45,2,622.3395,CNY,12,2026-06-16,"2026-07-16 13:58:28"
541,1,46,16,148.2886,CNY,1,2025-07-16,"2026-07-16 13:58:28"
542,1,46,16,135.7676,CNY,2,2025-08-16,"2026-07-16 13:58:28"
543,1,46,16,140.3683,CNY,3,2025-09-16,"2026-07-16 13:58:28"
544,1,46,16,131.5504,CNY,4,2025-10-16,"2026-07-16 13:58:28"
545,1,46,16,134.7876,CNY,5,2025-11-16,"2026-07-16 13:58:28"
546,1,46,16,156.4462,CNY,6,2025-12-16,"2026-07-16 13:58:28"
547,1,46,16,154.1654,CNY,7,2026-01-16,"2026-07-16 13:58:28"
548,1,46,16,150.0637,CNY,8,2026-02-16,"2026-07-16 13:58:28"
549,1,46,16,130.7359,CNY,9,2026-03-16,"2026-07-16 13:58:28"
550,1,46,16,148.2835,CNY,10,2026-04-16,"2026-07-16 13:58:28"
551,1,46,16,143.5426,CNY,11,2026-05-16,"2026-07-16 13:58:28"
552,1,46,16,156.1786,CNY,12,2026-06-16,"2026-07-16 13:58:28"
553,1,47,17,848.6721,USD,1,2025-07-16,"2026-07-16 13:58:28"
554,1,47,17,837.2762,USD,2,2025-08-16,"2026-07-16 13:58:28"
555,1,47,17,858.0114,USD,3,2025-09-16,"2026-07-16 13:58:28"
556,1,47,17,958.4043,USD,4,2025-10-16,"2026-07-16 13:58:28"
557,1,47,17,874.9064,USD,5,2025-11-16,"2026-07-16 13:58:28"
558,1,47,17,933.015,USD,6,2025-12-16,"2026-07-16 13:58:28"
559,1,47,17,843.8828,USD,7,2026-01-16,"2026-07-16 13:58:28"
560,1,47,17,834.9747,USD,8,2026-02-16,"2026-07-16 13:58:28"
561,1,47,17,852.7695,USD,9,2026-03-16,"2026-07-16 13:58:28"
562,1,47,17,943.9658,USD,10,2026-04-16,"2026-07-16 13:58:28"
563,1,47,17,939.938,USD,11,2026-05-16,"2026-07-16 13:58:28"
564,1,47,17,807.6416,USD,12,2026-06-16,"2026-07-16 13:58:28"
565,1,48,19,211.3461,CNY,1,2025-07-16,"2026-07-16 13:58:28"
566,1,48,19,239.1091,CNY,2,2025-08-16,"2026-07-16 13:58:28"
567,1,48,19,199.7761,CNY,3,2025-09-16,"2026-07-16 13:58:28"
568,1,48,19,231.4355,CNY,4,2025-10-16,"2026-07-16 13:58:28"
569,1,48,19,225.5575,CNY,5,2025-11-16,"2026-07-16 13:58:28"
570,1,48,19,217.0923,CNY,6,2025-12-16,"2026-07-16 13:58:28"
571,1,48,19,211.4837,CNY,7,2026-01-16,"2026-07-16 13:58:28"
572,1,48,19,219.0285,CNY,8,2026-02-16,"2026-07-16 13:58:28"
573,1,48,19,233.002,CNY,9,2026-03-16,"2026-07-16 13:58:28"
574,1,48,19,231.3782,CNY,10,2026-04-16,"2026-07-16 13:58:28"
575,1,48,19,200.9935,CNY,11,2026-05-16,"2026-07-16 13:58:28"
576,1,48,19,217.9177,CNY,12,2026-06-16,"2026-07-16 13:58:28"
577,1,49,17,425.3735,USD,1,2025-07-16,"2026-07-16 13:58:28"
578,1,49,17,384.9535,USD,2,2025-08-16,"2026-07-16 13:58:28"
579,1,49,17,441.0106,USD,3,2025-09-16,"2026-07-16 13:58:28"
580,1,49,17,452.821,USD,4,2025-10-16,"2026-07-16 13:58:28"
581,1,49,17,437.0471,USD,5,2025-11-16,"2026-07-16 13:58:28"
582,1,49,17,411.2079,USD,6,2025-12-16,"2026-07-16 13:58:28"
583,1,49,17,428.088,USD,7,2026-01-16,"2026-07-16 13:58:28"
584,1,49,17,401.4832,USD,8,2026-02-16,"2026-07-16 13:58:28"
585,1,49,17,409.6576,USD,9,2026-03-16,"2026-07-16 13:58:28"
586,1,49,17,422.3758,USD,10,2026-04-16,"2026-07-16 13:58:28"
587,1,49,17,417.4076,USD,11,2026-05-16,"2026-07-16 13:58:28"
588,1,49,17,384.5907,USD,12,2026-06-16,"2026-07-16 13:58:28"
589,1,50,6,117.3444,CNY,1,2025-07-16,"2026-07-16 13:58:28"
590,1,50,6,111.7066,CNY,2,2025-08-16,"2026-07-16 13:58:28"
591,1,50,6,115.0557,CNY,3,2025-09-16,"2026-07-16 13:58:28"
592,1,50,6,108.8039,CNY,4,2025-10-16,"2026-07-16 13:58:28"
593,1,50,6,104.7141,CNY,5,2025-11-16,"2026-07-16 13:58:28"
594,1,50,6,108.9774,CNY,6,2025-12-16,"2026-07-16 13:58:28"
595,1,50,6,116.4308,CNY,7,2026-01-16,"2026-07-16 13:58:28"
596,1,50,6,100.8984,CNY,8,2026-02-16,"2026-07-16 13:58:28"
597,1,50,6,100.5204,CNY,9,2026-03-16,"2026-07-16 13:58:28"
598,1,50,6,104.6807,CNY,10,2026-04-16,"2026-07-16 13:58:28"
599,1,50,6,117.4227,CNY,11,2026-05-16,"2026-07-16 13:58:28"
600,1,50,6,112.2912,CNY,12,2026-06-16,"2026-07-16 13:58:28"
601,1,51,2,427.9651,CNY,1,2025-07-16,"2026-07-16 13:58:28"
602,1,51,2,476.4031,CNY,2,2025-08-16,"2026-07-16 13:58:28"
603,1,51,2,439.4789,CNY,3,2025-09-16,"2026-07-16 13:58:28"
604,1,51,2,443.2399,CNY,4,2025-10-16,"2026-07-16 13:58:28"
605,1,51,2,430.7001,CNY,5,2025-11-16,"2026-07-16 13:58:28"
606,1,51,2,471.6609,CNY,6,2025-12-16,"2026-07-16 13:58:28"
607,1,51,2,434.931,CNY,7,2026-01-16,"2026-07-16 13:58:28"
608,1,51,2,438.6359,CNY,8,2026-02-16,"2026-07-16 13:58:28"
609,1,51,2,428.5697,CNY,9,2026-03-16,"2026-07-16 13:58:28"
610,1,51,2,421.2033,CNY,10,2026-04-16,"2026-07-16 13:58:28"
611,1,51,2,475.5145,CNY,11,2026-05-16,"2026-07-16 13:58:28"
612,1,51,2,471.1556,CNY,12,2026-06-16,"2026-07-16 13:58:28"
613,1,52,7,665.3766,CNY,1,2025-07-16,"2026-07-16 13:58:28"
614,1,52,7,639.8173,CNY,2,2025-08-16,"2026-07-16 13:58:28"
615,1,52,7,639.2161,CNY,3,2025-09-16,"2026-07-16 13:58:28"
616,1,52,7,664.1146,CNY,4,2025-10-16,"2026-07-16 13:58:28"
617,1,52,7,726.0718,CNY,5,2025-11-16,"2026-07-16 13:58:28"
618,1,52,7,667.2031,CNY,6,2025-12-16,"2026-07-16 13:58:28"
619,1,52,7,698.6899,CNY,7,2026-01-16,"2026-07-16 13:58:28"
620,1,52,7,732.2125,CNY,8,2026-02-16,"2026-07-16 13:58:28"
621,1,52,7,671.4197,CNY,9,2026-03-16,"2026-07-16 13:58:28"
622,1,52,7,652.7095,CNY,10,2026-04-16,"2026-07-16 13:58:28"
623,1,52,7,694.3336,CNY,11,2026-05-16,"2026-07-16 13:58:28"
624,1,52,7,726.7404,CNY,12,2026-06-16,"2026-07-16 13:58:28"
625,1,53,11,538.385,CNY,1,2025-07-16,"2026-07-16 13:58:28"
626,1,53,11,476.262,CNY,2,2025-08-16,"2026-07-16 13:58:28"
627,1,53,11,484.853,CNY,3,2025-09-16,"2026-07-16 13:58:28"
628,1,53,11,471.3208,CNY,4,2025-10-16,"2026-07-16 13:58:28"
629,1,53,11,493.3207,CNY,5,2025-11-16,"2026-07-16 13:58:28"
630,1,53,11,535.2626,CNY,6,2025-12-16,"2026-07-16 13:58:28"
631,1,53,11,537.5899,CNY,7,2026-01-16,"2026-07-16 13:58:28"
632,1,53,11,539.5663,CNY,8,2026-02-16,"2026-07-16 13:58:28"
633,1,53,11,572.5668,CNY,9,2026-03-16,"2026-07-16 13:58:28"
634,1,53,11,539.3186,CNY,10,2026-04-16,"2026-07-16 13:58:28"
635,1,53,11,530.1332,CNY,11,2026-05-16,"2026-07-16 13:58:28"
636,1,53,11,498.7005,CNY,12,2026-06-16,"2026-07-16 13:58:28"
637,1,54,7,541.4403,CNY,1,2025-07-16,"2026-07-16 13:58:28"
638,1,54,7,474.4125,CNY,2,2025-08-16,"2026-07-16 13:58:28"
639,1,54,7,546.4998,CNY,3,2025-09-16,"2026-07-16 13:58:28"
640,1,54,7,552.4856,CNY,4,2025-10-16,"2026-07-16 13:58:28"
641,1,54,7,552.3299,CNY,5,2025-11-16,"2026-07-16 13:58:28"
642,1,54,7,529.7257,CNY,6,2025-12-16,"2026-07-16 13:58:28"
643,1,54,7,505.948,CNY,7,2026-01-16,"2026-07-16 13:58:28"
644,1,54,7,466.2925,CNY,8,2026-02-16,"2026-07-16 13:58:28"
645,1,54,7,480.9579,CNY,9,2026-03-16,"2026-07-16 13:58:28"
646,1,54,7,548.6657,CNY,10,2026-04-16,"2026-07-16 13:58:28"
647,1,54,7,518.6135,CNY,11,2026-05-16,"2026-07-16 13:58:28"
648,1,54,7,548.2247,CNY,12,2026-06-16,"2026-07-16 13:58:28"
649,1,55,2,886.4945,CNY,1,2025-07-16,"2026-07-16 13:58:28"
650,1,55,2,871.8113,CNY,2,2025-08-16,"2026-07-16 13:58:28"
651,1,55,2,887.3507,CNY,3,2025-09-16,"2026-07-16 13:58:28"
652,1,55,2,831.7139,CNY,4,2025-10-16,"2026-07-16 13:58:28"
653,1,55,2,829.4641,CNY,5,2025-11-16,"2026-07-16 13:58:28"
654,1,55,2,862.6246,CNY,6,2025-12-16,"2026-07-16 13:58:28"
655,1,55,2,840.9491,CNY,7,2026-01-16,"2026-07-16 13:58:28"
656,1,55,2,862.6229,CNY,8,2026-02-16,"2026-07-16 13:58:28"
657,1,55,2,757.4572,CNY,9,2026-03-16,"2026-07-16 13:58:28"
658,1,55,2,843.7059,CNY,10,2026-04-16,"2026-07-16 13:58:28"
659,1,55,2,872.0992,CNY,11,2026-05-16,"2026-07-16 13:58:28"
660,1,55,2,837.6,CNY,12,2026-06-16,"2026-07-16 13:58:28"
661,1,56,15,209.8424,CNY,1,2025-07-16,"2026-07-16 13:58:28"
662,1,56,15,208.3387,CNY,2,2025-08-16,"2026-07-16 13:58:28"
663,1,56,15,228.8757,CNY,3,2025-09-16,"2026-07-16 13:58:28"
664,1,56,15,244.2986,CNY,4,2025-10-16,"2026-07-16 13:58:28"
665,1,56,15,226.98,CNY,5,2025-11-16,"2026-07-16 13:58:28"
666,1,56,15,225.3969,CNY,6,2025-12-16,"2026-07-16 13:58:28"
667,1,56,15,204.4103,CNY,7,2026-01-16,"2026-07-16 13:58:28"
668,1,56,15,232.434,CNY,8,2026-02-16,"2026-07-16 13:58:28"
669,1,56,15,230.1275,CNY,9,2026-03-16,"2026-07-16 13:58:28"
670,1,56,15,205.1415,CNY,10,2026-04-16,"2026-07-16 13:58:28"
671,1,56,15,212.557,CNY,11,2026-05-16,"2026-07-16 13:58:28"
672,1,56,15,203.1685,CNY,12,2026-06-16,"2026-07-16 13:58:28"
673,1,57,4,909.2254,CNY,1,2025-07-16,"2026-07-16 13:58:28"
674,1,57,4,906.152,CNY,2,2025-08-16,"2026-07-16 13:58:28"
675,1,57,4,878.2988,CNY,3,2025-09-16,"2026-07-16 13:58:28"
676,1,57,4,837.7497,CNY,4,2025-10-16,"2026-07-16 13:58:28"
677,1,57,4,918.0388,CNY,5,2025-11-16,"2026-07-16 13:58:28"
678,1,57,4,918.1245,CNY,6,2025-12-16,"2026-07-16 13:58:28"
679,1,57,4,849.8749,CNY,7,2026-01-16,"2026-07-16 13:58:28"
680,1,57,4,781.3967,CNY,8,2026-02-16,"2026-07-16 13:58:28"
681,1,57,4,920.4586,CNY,9,2026-03-16,"2026-07-16 13:58:28"
682,1,57,4,921.633,CNY,10,2026-04-16,"2026-07-16 13:58:28"
683,1,57,4,814.1188,CNY,11,2026-05-16,"2026-07-16 13:58:28"
684,1,57,4,850.8011,CNY,12,2026-06-16,"2026-07-16 13:58:28"
685,1,58,7,654.5464,CNY,1,2025-07-16,"2026-07-16 13:58:28"
686,1,58,7,667.0757,CNY,2,2025-08-16,"2026-07-16 13:58:28"
687,1,58,7,682.3302,CNY,3,2025-09-16,"2026-07-16 13:58:28"
688,1,58,7,766.671,CNY,4,2025-10-16,"2026-07-16 13:58:28"
689,1,58,7,738.0184,CNY,5,2025-11-16,"2026-07-16 13:58:28"
690,1,58,7,701.1053,CNY,6,2025-12-16,"2026-07-16 13:58:28"
691,1,58,7,677.6572,CNY,7,2026-01-16,"2026-07-16 13:58:28"
692,1,58,7,776.4044,CNY,8,2026-02-16,"2026-07-16 13:58:28"
693,1,58,7,714.8285,CNY,9,2026-03-16,"2026-07-16 13:58:28"
694,1,58,7,656.425,CNY,10,2026-04-16,"2026-07-16 13:58:28"
695,1,58,7,752.7409,CNY,11,2026-05-16,"2026-07-16 13:58:28"
696,1,58,7,652.2163,CNY,12,2026-06-16,"2026-07-16 13:58:28"
697,1,59,10,249.2833,CNY,1,2025-07-16,"2026-07-16 13:58:28"
698,1,59,10,245.9366,CNY,2,2025-08-16,"2026-07-16 13:58:28"
699,1,59,10,242.2915,CNY,3,2025-09-16,"2026-07-16 13:58:28"
700,1,59,10,235.5392,CNY,4,2025-10-16,"2026-07-16 13:58:28"
701,1,59,10,255.096,CNY,5,2025-11-16,"2026-07-16 13:58:28"
702,1,59,10,216.2636,CNY,6,2025-12-16,"2026-07-16 13:58:28"
703,1,59,10,261.9197,CNY,7,2026-01-16,"2026-07-16 13:58:28"
704,1,59,10,257.7878,CNY,8,2026-02-16,"2026-07-16 13:58:28"
705,1,59,10,259.6222,CNY,9,2026-03-16,"2026-07-16 13:58:28"
706,1,59,10,237.9204,CNY,10,2026-04-16,"2026-07-16 13:58:28"
707,1,59,10,250.4368,CNY,11,2026-05-16,"2026-07-16 13:58:28"
708,1,59,10,219.9567,CNY,12,2026-06-16,"2026-07-16 13:58:28"
709,1,60,2,618.2958,CNY,1,2025-07-16,"2026-07-16 13:58:28"
710,1,60,2,644.4289,CNY,2,2025-08-16,"2026-07-16 13:58:28"
711,1,60,2,655.8398,CNY,3,2025-09-16,"2026-07-16 13:58:28"
712,1,60,2,672.3398,CNY,4,2025-10-16,"2026-07-16 13:58:28"
713,1,60,2,734.4037,CNY,5,2025-11-16,"2026-07-16 13:58:28"
714,1,60,2,609.3248,CNY,6,2025-12-16,"2026-07-16 13:58:28"
715,1,60,2,701.895,CNY,7,2026-01-16,"2026-07-16 13:58:28"
716,1,60,2,612.9298,CNY,8,2026-02-16,"2026-07-16 13:58:28"
717,1,60,2,668.3697,CNY,9,2026-03-16,"2026-07-16 13:58:28"
718,1,60,2,636.7576,CNY,10,2026-04-16,"2026-07-16 13:58:28"
719,1,60,2,674.4682,CNY,11,2026-05-16,"2026-07-16 13:58:28"
720,1,60,2,712.9413,CNY,12,2026-06-16,"2026-07-16 13:58:28"
721,1,61,5,48.4907,CNY,1,2025-07-16,"2026-07-16 13:58:28"
722,1,61,5,43.4609,CNY,2,2025-08-16,"2026-07-16 13:58:28"
723,1,61,5,47.0382,CNY,3,2025-09-16,"2026-07-16 13:58:28"
724,1,61,5,46.8943,CNY,4,2025-10-16,"2026-07-16 13:58:28"
725,1,61,5,43.157,CNY,5,2025-11-16,"2026-07-16 13:58:28"
726,1,61,5,47.3086,CNY,6,2025-12-16,"2026-07-16 13:58:28"
727,1,61,5,49.9945,CNY,7,2026-01-16,"2026-07-16 13:58:28"
728,1,61,5,45.1793,CNY,8,2026-02-16,"2026-07-16 13:58:28"
729,1,61,5,46.3814,CNY,9,2026-03-16,"2026-07-16 13:58:28"
730,1,61,5,43.0107,CNY,10,2026-04-16,"2026-07-16 13:58:28"
731,1,61,5,43.3271,CNY,11,2026-05-16,"2026-07-16 13:58:28"
732,1,61,5,44.9529,CNY,12,2026-06-16,"2026-07-16 13:58:28"
733,1,62,10,362.7006,USD,1,2025-07-16,"2026-07-16 13:58:28"
734,1,62,10,376.4935,USD,2,2025-08-16,"2026-07-16 13:58:28"
735,1,62,10,403.5292,USD,3,2025-09-16,"2026-07-16 13:58:28"
736,1,62,10,353.2391,USD,4,2025-10-16,"2026-07-16 13:58:28"
737,1,62,10,340.9377,USD,5,2025-11-16,"2026-07-16 13:58:28"
738,1,62,10,377.3066,USD,6,2025-12-16,"2026-07-16 13:58:28"
739,1,62,10,392.6069,USD,7,2026-01-16,"2026-07-16 13:58:28"
740,1,62,10,394.3349,USD,8,2026-02-16,"2026-07-16 13:58:28"
741,1,62,10,376.4202,USD,9,2026-03-16,"2026-07-16 13:58:28"
742,1,62,10,357.4708,USD,10,2026-04-16,"2026-07-16 13:58:28"
743,1,62,10,336.9497,USD,11,2026-05-16,"2026-07-16 13:58:28"
744,1,62,10,380.7496,USD,12,2026-06-16,"2026-07-16 13:58:28"
745,1,63,5,112.2825,CNY,1,2025-07-16,"2026-07-16 13:58:28"
746,1,63,5,128.3495,CNY,2,2025-08-16,"2026-07-16 13:58:28"
747,1,63,5,122.1077,CNY,3,2025-09-16,"2026-07-16 13:58:28"
748,1,63,5,128.1027,CNY,4,2025-10-16,"2026-07-16 13:58:28"
749,1,63,5,124.223,CNY,5,2025-11-16,"2026-07-16 13:58:28"
750,1,63,5,119.5429,CNY,6,2025-12-16,"2026-07-16 13:58:28"
751,1,63,5,119.048,CNY,7,2026-01-16,"2026-07-16 13:58:28"
752,1,63,5,111.1199,CNY,8,2026-02-16,"2026-07-16 13:58:28"
753,1,63,5,128.5562,CNY,9,2026-03-16,"2026-07-16 13:58:28"
754,1,63,5,123.655,CNY,10,2026-04-16,"2026-07-16 13:58:28"
755,1,63,5,110.9634,CNY,11,2026-05-16,"2026-07-16 13:58:28"
756,1,63,5,127.7745,CNY,12,2026-06-16,"2026-07-16 13:58:28"
757,1,64,7,808.224,CNY,1,2025-07-16,"2026-07-16 13:58:28"
758,1,64,7,747.9066,CNY,2,2025-08-16,"2026-07-16 13:58:28"
759,1,64,7,793.8269,CNY,3,2025-09-16,"2026-07-16 13:58:28"
760,1,64,7,774.0212,CNY,4,2025-10-16,"2026-07-16 13:58:28"
761,1,64,7,835.188,CNY,5,2025-11-16,"2026-07-16 13:58:28"
762,1,64,7,849.83,CNY,6,2025-12-16,"2026-07-16 13:58:28"
763,1,64,7,837.5786,CNY,7,2026-01-16,"2026-07-16 13:58:28"
764,1,64,7,829.4638,CNY,8,2026-02-16,"2026-07-16 13:58:28"
765,1,64,7,726.6528,CNY,9,2026-03-16,"2026-07-16 13:58:28"
766,1,64,7,773.117,CNY,10,2026-04-16,"2026-07-16 13:58:28"
767,1,64,7,852.2293,CNY,11,2026-05-16,"2026-07-16 13:58:28"
768,1,64,7,764.0202,CNY,12,2026-06-16,"2026-07-16 13:58:28"
769,1,65,5,20.8279,CNY,1,2025-07-16,"2026-07-16 13:58:28"
770,1,65,5,19.9708,CNY,2,2025-08-16,"2026-07-16 13:58:28"
771,1,65,5,17.6515,CNY,3,2025-09-16,"2026-07-16 13:58:28"
772,1,65,5,17.6499,CNY,4,2025-10-16,"2026-07-16 13:58:28"
773,1,65,5,20.4331,CNY,5,2025-11-16,"2026-07-16 13:58:28"
774,1,65,5,17.9808,CNY,6,2025-12-16,"2026-07-16 13:58:28"
775,1,65,5,19.648,CNY,7,2026-01-16,"2026-07-16 13:58:28"
776,1,65,5,18.9489,CNY,8,2026-02-16,"2026-07-16 13:58:28"
777,1,65,5,19.7591,CNY,9,2026-03-16,"2026-07-16 13:58:28"
778,1,65,5,18.7487,CNY,10,2026-04-16,"2026-07-16 13:58:28"
779,1,65,5,20.2546,CNY,11,2026-05-16,"2026-07-16 13:58:28"
780,1,65,5,18.4313,CNY,12,2026-06-16,"2026-07-16 13:58:28"
781,1,66,11,915.9622,USD,1,2025-07-16,"2026-07-16 13:58:28"
782,1,66,11,960.3911,USD,2,2025-08-16,"2026-07-16 13:58:28"
783,1,66,11,878.4821,USD,3,2025-09-16,"2026-07-16 13:58:28"
784,1,66,11,938.0337,USD,4,2025-10-16,"2026-07-16 13:58:28"
785,1,66,11,910.4535,USD,5,2025-11-16,"2026-07-16 13:58:28"
786,1,66,11,930.0751,USD,6,2025-12-16,"2026-07-16 13:58:28"
787,1,66,11,804.636,USD,7,2026-01-16,"2026-07-16 13:58:28"
788,1,66,11,918.4836,USD,8,2026-02-16,"2026-07-16 13:58:28"
789,1,66,11,865.4627,USD,9,2026-03-16,"2026-07-16 13:58:28"
790,1,66,11,871.8645,USD,10,2026-04-16,"2026-07-16 13:58:28"
791,1,66,11,868.9313,USD,11,2026-05-16,"2026-07-16 13:58:28"
792,1,66,11,821.1972,USD,12,2026-06-16,"2026-07-16 13:58:28"
793,1,67,10,443.833,USD,1,2025-07-16,"2026-07-16 13:58:28"
794,1,67,10,477.4967,USD,2,2025-08-16,"2026-07-16 13:58:28"
795,1,67,10,518.0003,USD,3,2025-09-16,"2026-07-16 13:58:28"
796,1,67,10,505.067,USD,4,2025-10-16,"2026-07-16 13:58:28"
797,1,67,10,498.7669,USD,5,2025-11-16,"2026-07-16 13:58:28"
798,1,67,10,469.1974,USD,6,2025-12-16,"2026-07-16 13:58:28"
799,1,67,10,499.7246,USD,7,2026-01-16,"2026-07-16 13:58:28"
800,1,67,10,495.4893,USD,8,2026-02-16,"2026-07-16 13:58:28"
801,1,67,10,471.9106,USD,9,2026-03-16,"2026-07-16 13:58:28"
802,1,67,10,478.5461,USD,10,2026-04-16,"2026-07-16 13:58:28"
803,1,67,10,522.499,USD,11,2026-05-16,"2026-07-16 13:58:28"
804,1,67,10,503.3274,USD,12,2026-06-16,"2026-07-16 13:58:28"
805,1,68,1,811.6393,CNY,1,2025-07-16,"2026-07-16 13:58:28"
806,1,68,1,858.9595,CNY,2,2025-08-16,"2026-07-16 13:58:28"
807,1,68,1,765.6005,CNY,3,2025-09-16,"2026-07-16 13:58:28"
808,1,68,1,760.9628,CNY,4,2025-10-16,"2026-07-16 13:58:28"
809,1,68,1,844.0203,CNY,5,2025-11-16,"2026-07-16 13:58:28"
810,1,68,1,725.1819,CNY,6,2025-12-16,"2026-07-16 13:58:28"
811,1,68,1,868.4259,CNY,7,2026-01-16,"2026-07-16 13:58:28"
812,1,68,1,755.002,CNY,8,2026-02-16,"2026-07-16 13:58:28"
813,1,68,1,817.8967,CNY,9,2026-03-16,"2026-07-16 13:58:28"
814,1,68,1,780.0341,CNY,10,2026-04-16,"2026-07-16 13:58:28"
815,1,68,1,870.2908,CNY,11,2026-05-16,"2026-07-16 13:58:28"
816,1,68,1,731.9378,CNY,12,2026-06-16,"2026-07-16 13:58:28"
817,1,69,15,649.9263,CNY,1,2025-07-16,"2026-07-16 13:58:28"
818,1,69,15,656.3141,CNY,2,2025-08-16,"2026-07-16 13:58:28"
819,1,69,15,636.5187,CNY,3,2025-09-16,"2026-07-16 13:58:28"
820,1,69,15,761.0642,CNY,4,2025-10-16,"2026-07-16 13:58:28"
821,1,69,15,671.9266,CNY,5,2025-11-16,"2026-07-16 13:58:28"
822,1,69,15,677.8673,CNY,6,2025-12-16,"2026-07-16 13:58:28"
823,1,69,15,691.132,CNY,7,2026-01-16,"2026-07-16 13:58:28"
824,1,69,15,657.4759,CNY,8,2026-02-16,"2026-07-16 13:58:28"
825,1,69,15,741.9721,CNY,9,2026-03-16,"2026-07-16 13:58:28"
826,1,69,15,697.2333,CNY,10,2026-04-16,"2026-07-16 13:58:28"
827,1,69,15,761.5041,CNY,11,2026-05-16,"2026-07-16 13:58:28"
828,1,69,15,662.0331,CNY,12,2026-06-16,"2026-07-16 13:58:28"
829,1,70,5,971.6954,CNY,1,2025-07-16,"2026-07-16 13:58:28"
830,1,70,5,831.2084,CNY,2,2025-08-16,"2026-07-16 13:58:28"
831,1,70,5,920.8072,CNY,3,2025-09-16,"2026-07-16 13:58:28"
832,1,70,5,868.4243,CNY,4,2025-10-16,"2026-07-16 13:58:28"
833,1,70,5,951.0416,CNY,5,2025-11-16,"2026-07-16 13:58:28"
834,1,70,5,895.1637,CNY,6,2025-12-16,"2026-07-16 13:58:28"
835,1,70,5,951.592,CNY,7,2026-01-16,"2026-07-16 13:58:28"
836,1,70,5,848.4559,CNY,8,2026-02-16,"2026-07-16 13:58:28"
837,1,70,5,926.3554,CNY,9,2026-03-16,"2026-07-16 13:58:28"
838,1,70,5,939.6456,CNY,10,2026-04-16,"2026-07-16 13:58:28"
839,1,70,5,844.8076,CNY,11,2026-05-16,"2026-07-16 13:58:28"
840,1,70,5,856.3385,CNY,12,2026-06-16,"2026-07-16 13:58:28"
841,1,71,9,295.5371,CNY,1,2025-07-16,"2026-07-16 13:58:28"
842,1,71,9,334.0923,CNY,2,2025-08-16,"2026-07-16 13:58:28"
843,1,71,9,333.5981,CNY,3,2025-09-16,"2026-07-16 13:58:28"
844,1,71,9,333.7813,CNY,4,2025-10-16,"2026-07-16 13:58:28"
845,1,71,9,300.0626,CNY,5,2025-11-16,"2026-07-16 13:58:28"
846,1,71,9,325.4695,CNY,6,2025-12-16,"2026-07-16 13:58:28"
847,1,71,9,321.733,CNY,7,2026-01-16,"2026-07-16 13:58:28"
848,1,71,9,333.7514,CNY,8,2026-02-16,"2026-07-16 13:58:28"
849,1,71,9,319.8221,CNY,9,2026-03-16,"2026-07-16 13:58:28"
850,1,71,9,316.9397,CNY,10,2026-04-16,"2026-07-16 13:58:28"
851,1,71,9,285.2296,CNY,11,2026-05-16,"2026-07-16 13:58:28"
852,1,71,9,317.816,CNY,12,2026-06-16,"2026-07-16 13:58:28"
853,1,72,17,524.8532,USD,1,2025-07-16,"2026-07-16 13:58:28"
854,1,72,17,535.6735,USD,2,2025-08-16,"2026-07-16 13:58:28"
855,1,72,17,538.0422,USD,3,2025-09-16,"2026-07-16 13:58:28"
856,1,72,17,539.1836,USD,4,2025-10-16,"2026-07-16 13:58:28"
857,1,72,17,485.2713,USD,5,2025-11-16,"2026-07-16 13:58:28"
858,1,72,17,519.8127,USD,6,2025-12-16,"2026-07-16 13:58:28"
859,1,72,17,483.6729,USD,7,2026-01-16,"2026-07-16 13:58:28"
860,1,72,17,481.8559,USD,8,2026-02-16,"2026-07-16 13:58:28"
861,1,72,17,531.0201,USD,9,2026-03-16,"2026-07-16 13:58:28"
862,1,72,17,537.0862,USD,10,2026-04-16,"2026-07-16 13:58:28"
863,1,72,17,469.1159,USD,11,2026-05-16,"2026-07-16 13:58:28"
864,1,72,17,530.2402,USD,12,2026-06-16,"2026-07-16 13:58:28"
865,1,73,3,273.8486,CNY,1,2025-07-16,"2026-07-16 13:58:28"
866,1,73,3,277.602,CNY,2,2025-08-16,"2026-07-16 13:58:28"
867,1,73,3,317.6832,CNY,3,2025-09-16,"2026-07-16 13:58:28"
868,1,73,3,331.6868,CNY,4,2025-10-16,"2026-07-16 13:58:28"
869,1,73,3,278.7155,CNY,5,2025-11-16,"2026-07-16 13:58:28"
870,1,73,3,328.6553,CNY,6,2025-12-16,"2026-07-16 13:58:28"
871,1,73,3,286.3347,CNY,7,2026-01-16,"2026-07-16 13:58:28"
872,1,73,3,273.2172,CNY,8,2026-02-16,"2026-07-16 13:58:28"
873,1,73,3,322.9366,CNY,9,2026-03-16,"2026-07-16 13:58:28"
874,1,73,3,320.8214,CNY,10,2026-04-16,"2026-07-16 13:58:28"
875,1,73,3,282.7931,CNY,11,2026-05-16,"2026-07-16 13:58:28"
876,1,73,3,283.7659,CNY,12,2026-06-16,"2026-07-16 13:58:28"
877,1,74,14,873.1873,CNY,1,2025-07-16,"2026-07-16 13:58:28"
878,1,74,14,790.694,CNY,2,2025-08-16,"2026-07-16 13:58:28"
879,1,74,14,812.8462,CNY,3,2025-09-16,"2026-07-16 13:58:28"
880,1,74,14,874.1494,CNY,4,2025-10-16,"2026-07-16 13:58:28"
881,1,74,14,892.8557,CNY,5,2025-11-16,"2026-07-16 13:58:28"
882,1,74,14,787.0911,CNY,6,2025-12-16,"2026-07-16 13:58:28"
883,1,74,14,793.7594,CNY,7,2026-01-16,"2026-07-16 13:58:28"
884,1,74,14,797.1549,CNY,8,2026-02-16,"2026-07-16 13:58:28"
885,1,74,14,904.4193,CNY,9,2026-03-16,"2026-07-16 13:58:28"
886,1,74,14,742.2132,CNY,10,2026-04-16,"2026-07-16 13:58:28"
887,1,74,14,894.5464,CNY,11,2026-05-16,"2026-07-16 13:58:28"
888,1,74,14,837.0739,CNY,12,2026-06-16,"2026-07-16 13:58:28"
889,1,75,1,75.9665,CNY,1,2025-07-16,"2026-07-16 13:58:28"
890,1,75,1,69.1979,CNY,2,2025-08-16,"2026-07-16 13:58:28"
891,1,75,1,74.6242,CNY,3,2025-09-16,"2026-07-16 13:58:28"
892,1,75,1,72.8411,CNY,4,2025-10-16,"2026-07-16 13:58:28"
893,1,75,1,72.4938,CNY,5,2025-11-16,"2026-07-16 13:58:28"
894,1,75,1,64.3615,CNY,6,2025-12-16,"2026-07-16 13:58:28"
895,1,75,1,76.5743,CNY,7,2026-01-16,"2026-07-16 13:58:28"
896,1,75,1,70.7866,CNY,8,2026-02-16,"2026-07-16 13:58:28"
897,1,75,1,73.0319,CNY,9,2026-03-16,"2026-07-16 13:58:28"
898,1,75,1,76.4078,CNY,10,2026-04-16,"2026-07-16 13:58:28"
899,1,75,1,71.6353,CNY,11,2026-05-16,"2026-07-16 13:58:28"
900,1,75,1,76.1917,CNY,12,2026-06-16,"2026-07-16 13:58:28"
901,1,76,5,159.7148,CNY,1,2025-07-16,"2026-07-16 13:58:28"
902,1,76,5,156.6391,CNY,2,2025-08-16,"2026-07-16 13:58:28"
903,1,76,5,163.7328,CNY,3,2025-09-16,"2026-07-16 13:58:28"
904,1,76,5,148.6928,CNY,4,2025-10-16,"2026-07-16 13:58:28"
905,1,76,5,145.8771,CNY,5,2025-11-16,"2026-07-16 13:58:28"
906,1,76,5,171.0624,CNY,6,2025-12-16,"2026-07-16 13:58:28"
907,1,76,5,155.1112,CNY,7,2026-01-16,"2026-07-16 13:58:28"
908,1,76,5,156.7247,CNY,8,2026-02-16,"2026-07-16 13:58:28"
909,1,76,5,147.2212,CNY,9,2026-03-16,"2026-07-16 13:58:28"
910,1,76,5,164.0702,CNY,10,2026-04-16,"2026-07-16 13:58:28"
911,1,76,5,162.1094,CNY,11,2026-05-16,"2026-07-16 13:58:28"
912,1,76,5,163.3956,CNY,12,2026-06-16,"2026-07-16 13:58:28"
913,1,77,20,662.5864,CNY,1,2025-07-16,"2026-07-16 13:58:28"
914,1,77,20,636.8247,CNY,2,2025-08-16,"2026-07-16 13:58:28"
915,1,77,20,752.2194,CNY,3,2025-09-16,"2026-07-16 13:58:28"
916,1,77,20,708.4169,CNY,4,2025-10-16,"2026-07-16 13:58:28"
917,1,77,20,731.8079,CNY,5,2025-11-16,"2026-07-16 13:58:28"
918,1,77,20,712.4063,CNY,6,2025-12-16,"2026-07-16 13:58:28"
919,1,77,20,661.3813,CNY,7,2026-01-16,"2026-07-16 13:58:28"
920,1,77,20,641.9518,CNY,8,2026-02-16,"2026-07-16 13:58:28"
921,1,77,20,748.6076,CNY,9,2026-03-16,"2026-07-16 13:58:28"
922,1,77,20,689.1366,CNY,10,2026-04-16,"2026-07-16 13:58:28"
923,1,77,20,727.1199,CNY,11,2026-05-16,"2026-07-16 13:58:28"
924,1,77,20,715.3907,CNY,12,2026-06-16,"2026-07-16 13:58:28"
925,1,78,17,614.4988,CNY,1,2025-07-16,"2026-07-16 13:58:28"
926,1,78,17,593.4904,CNY,2,2025-08-16,"2026-07-16 13:58:28"
927,1,78,17,590.1869,CNY,3,2025-09-16,"2026-07-16 13:58:28"
928,1,78,17,663.3378,CNY,4,2025-10-16,"2026-07-16 13:58:28"
929,1,78,17,622.5733,CNY,5,2025-11-16,"2026-07-16 13:58:28"
930,1,78,17,625.4179,CNY,6,2025-12-16,"2026-07-16 13:58:28"
931,1,78,17,679.5306,CNY,7,2026-01-16,"2026-07-16 13:58:28"
932,1,78,17,676.1165,CNY,8,2026-02-16,"2026-07-16 13:58:28"
933,1,78,17,680.1352,CNY,9,2026-03-16,"2026-07-16 13:58:28"
934,1,78,17,594.8038,CNY,10,2026-04-16,"2026-07-16 13:58:28"
935,1,78,17,633.8339,CNY,11,2026-05-16,"2026-07-16 13:58:28"
936,1,78,17,692.9785,CNY,12,2026-06-16,"2026-07-16 13:58:28"
937,1,79,20,556.5284,USD,1,2025-07-16,"2026-07-16 13:58:28"
938,1,79,20,541.0794,USD,2,2025-08-16,"2026-07-16 13:58:28"
939,1,79,20,583.5045,USD,3,2025-09-16,"2026-07-16 13:58:28"
940,1,79,20,578.6043,USD,4,2025-10-16,"2026-07-16 13:58:28"
941,1,79,20,586.6727,USD,5,2025-11-16,"2026-07-16 13:58:28"
942,1,79,20,569.1099,USD,6,2025-12-16,"2026-07-16 13:58:28"
943,1,79,20,624.3789,USD,7,2026-01-16,"2026-07-16 13:58:28"
944,1,79,20,570.091,USD,8,2026-02-16,"2026-07-16 13:58:28"
945,1,79,20,555.8814,USD,9,2026-03-16,"2026-07-16 13:58:28"
946,1,79,20,580.89,USD,10,2026-04-16,"2026-07-16 13:58:28"
947,1,79,20,547.5837,USD,11,2026-05-16,"2026-07-16 13:58:28"
948,1,79,20,552.5268,USD,12,2026-06-16,"2026-07-16 13:58:28"
949,1,80,15,681.0945,CNY,1,2025-07-16,"2026-07-16 13:58:28"
950,1,80,15,754.763,CNY,2,2025-08-16,"2026-07-16 13:58:28"
951,1,80,15,743.5793,CNY,3,2025-09-16,"2026-07-16 13:58:28"
952,1,80,15,777.9116,CNY,4,2025-10-16,"2026-07-16 13:58:28"
953,1,80,15,707.5237,CNY,5,2025-11-16,"2026-07-16 13:58:28"
954,1,80,15,722.079,CNY,6,2025-12-16,"2026-07-16 13:58:28"
955,1,80,15,731.6824,CNY,7,2026-01-16,"2026-07-16 13:58:28"
956,1,80,15,651.0993,CNY,8,2026-02-16,"2026-07-16 13:58:28"
957,1,80,15,727.4385,CNY,9,2026-03-16,"2026-07-16 13:58:28"
958,1,80,15,753.3889,CNY,10,2026-04-16,"2026-07-16 13:58:28"
959,1,80,15,717.2175,CNY,11,2026-05-16,"2026-07-16 13:58:28"
960,1,80,15,694.1323,CNY,12,2026-06-16,"2026-07-16 13:58:28"
961,1,81,11,165.7895,CNY,1,2025-07-16,"2026-07-16 13:58:28"
962,1,81,11,163.7132,CNY,2,2025-08-16,"2026-07-16 13:58:28"
963,1,81,11,148.8118,CNY,3,2025-09-16,"2026-07-16 13:58:28"
964,1,81,11,172.1097,CNY,4,2025-10-16,"2026-07-16 13:58:28"
965,1,81,11,146.6195,CNY,5,2025-11-16,"2026-07-16 13:58:28"
966,1,81,11,159.5933,CNY,6,2025-12-16,"2026-07-16 13:58:28"
967,1,81,11,145.2254,CNY,7,2026-01-16,"2026-07-16 13:58:28"
968,1,81,11,145.7405,CNY,8,2026-02-16,"2026-07-16 13:58:28"
969,1,81,11,147.6057,CNY,9,2026-03-16,"2026-07-16 13:58:28"
970,1,81,11,166.7542,CNY,10,2026-04-16,"2026-07-16 13:58:28"
971,1,81,11,152.5631,CNY,11,2026-05-16,"2026-07-16 13:58:28"
972,1,81,11,162.3249,CNY,12,2026-06-16,"2026-07-16 13:58:28"
973,1,82,3,634.1413,CNY,1,2025-07-16,"2026-07-16 13:58:28"
974,1,82,3,630.7311,CNY,2,2025-08-16,"2026-07-16 13:58:28"
975,1,82,3,633.6811,CNY,3,2025-09-16,"2026-07-16 13:58:28"
976,1,82,3,689.12,CNY,4,2025-10-16,"2026-07-16 13:58:28"
977,1,82,3,749.9566,CNY,5,2025-11-16,"2026-07-16 13:58:28"
978,1,82,3,720.9108,CNY,6,2025-12-16,"2026-07-16 13:58:28"
979,1,82,3,657.2527,CNY,7,2026-01-16,"2026-07-16 13:58:28"
980,1,82,3,720.2239,CNY,8,2026-02-16,"2026-07-16 13:58:28"
981,1,82,3,695.7846,CNY,9,2026-03-16,"2026-07-16 13:58:28"
982,1,82,3,686.9304,CNY,10,2026-04-16,"2026-07-16 13:58:28"
983,1,82,3,729.8689,CNY,11,2026-05-16,"2026-07-16 13:58:28"
984,1,82,3,650.4444,CNY,12,2026-06-16,"2026-07-16 13:58:28"
985,1,83,16,26.6559,CNY,1,2025-07-16,"2026-07-16 13:58:28"
986,1,83,16,30.5291,CNY,2,2025-08-16,"2026-07-16 13:58:28"
987,1,83,16,31.5437,CNY,3,2025-09-16,"2026-07-16 13:58:28"
988,1,83,16,31.6052,CNY,4,2025-10-16,"2026-07-16 13:58:28"
989,1,83,16,30.5915,CNY,5,2025-11-16,"2026-07-16 13:58:28"
990,1,83,16,29.293,CNY,6,2025-12-16,"2026-07-16 13:58:28"
991,1,83,16,26.5117,CNY,7,2026-01-16,"2026-07-16 13:58:28"
992,1,83,16,30.5881,CNY,8,2026-02-16,"2026-07-16 13:58:28"
993,1,83,16,29.2207,CNY,9,2026-03-16,"2026-07-16 13:58:28"
994,1,83,16,30.4865,CNY,10,2026-04-16,"2026-07-16 13:58:28"
995,1,83,16,26.7436,CNY,11,2026-05-16,"2026-07-16 13:58:28"
996,1,83,16,29.6156,CNY,12,2026-06-16,"2026-07-16 13:58:28"
997,1,84,3,499.4499,CNY,1,2025-07-16,"2026-07-16 13:58:28"
998,1,84,3,496.545,CNY,2,2025-08-16,"2026-07-16 13:58:28"
999,1,84,3,504.1766,CNY,3,2025-09-16,"2026-07-16 13:58:28"
1000,1,84,3,463.5248,CNY,4,2025-10-16,"2026-07-16 13:58:28"
1001,1,84,3,482.2921,CNY,5,2025-11-16,"2026-07-16 13:58:28"
1002,1,84,3,461.1201,CNY,6,2025-12-16,"2026-07-16 13:58:28"
1003,1,84,3,444.1848,CNY,7,2026-01-16,"2026-07-16 13:58:28"
1004,1,84,3,482.3959,CNY,8,2026-02-16,"2026-07-16 13:58:28"
1005,1,84,3,474.1206,CNY,9,2026-03-16,"2026-07-16 13:58:28"
1006,1,84,3,480.9928,CNY,10,2026-04-16,"2026-07-16 13:58:28"
1007,1,84,3,467.3783,CNY,11,2026-05-16,"2026-07-16 13:58:28"
1008,1,84,3,419.2083,CNY,12,2026-06-16,"2026-07-16 13:58:28"
1009,1,85,11,646.0091,CNY,1,2025-07-16,"2026-07-16 13:58:28"
1010,1,85,11,607.1174,CNY,2,2025-08-16,"2026-07-16 13:58:28"
1011,1,85,11,638.8997,CNY,3,2025-09-16,"2026-07-16 13:58:28"
1012,1,85,11,604.0168,CNY,4,2025-10-16,"2026-07-16 13:58:28"
1013,1,85,11,683.4152,CNY,5,2025-11-16,"2026-07-16 13:58:28"
1014,1,85,11,667.0773,CNY,6,2025-12-16,"2026-07-16 13:58:28"
1015,1,85,11,684.8113,CNY,7,2026-01-16,"2026-07-16 13:58:28"
1016,1,85,11,696.4022,CNY,8,2026-02-16,"2026-07-16 13:58:28"
1017,1,85,11,634.3857,CNY,9,2026-03-16,"2026-07-16 13:58:28"
1018,1,85,11,660.4593,CNY,10,2026-04-16,"2026-07-16 13:58:28"
1019,1,85,11,721.4577,CNY,11,2026-05-16,"2026-07-16 13:58:28"
1020,1,85,11,624.7563,CNY,12,2026-06-16,"2026-07-16 13:58:28"
1021,1,86,14,409.9627,CNY,1,2025-07-16,"2026-07-16 13:58:28"
1022,1,86,14,471.1675,CNY,2,2025-08-16,"2026-07-16 13:58:28"
1023,1,86,14,455.1559,CNY,3,2025-09-16,"2026-07-16 13:58:28"
1024,1,86,14,442.9717,CNY,4,2025-10-16,"2026-07-16 13:58:28"
1025,1,86,14,456.0329,CNY,5,2025-11-16,"2026-07-16 13:58:28"
1026,1,86,14,486.7176,CNY,6,2025-12-16,"2026-07-16 13:58:28"
1027,1,86,14,427.7645,CNY,7,2026-01-16,"2026-07-16 13:58:28"
1028,1,86,14,452.6338,CNY,8,2026-02-16,"2026-07-16 13:58:28"
1029,1,86,14,414.183,CNY,9,2026-03-16,"2026-07-16 13:58:28"
1030,1,86,14,463.9083,CNY,10,2026-04-16,"2026-07-16 13:58:28"
1031,1,86,14,481.059,CNY,11,2026-05-16,"2026-07-16 13:58:28"
1032,1,86,14,414.4054,CNY,12,2026-06-16,"2026-07-16 13:58:28"
1033,1,87,7,341.7759,CNY,1,2025-07-16,"2026-07-16 13:58:28"
1034,1,87,7,329.2951,CNY,2,2025-08-16,"2026-07-16 13:58:28"
1035,1,87,7,322.7549,CNY,3,2025-09-16,"2026-07-16 13:58:28"
1036,1,87,7,314.8176,CNY,4,2025-10-16,"2026-07-16 13:58:28"
1037,1,87,7,330.6952,CNY,5,2025-11-16,"2026-07-16 13:58:28"
1038,1,87,7,306.721,CNY,6,2025-12-16,"2026-07-16 13:58:28"
1039,1,87,7,324.1254,CNY,7,2026-01-16,"2026-07-16 13:58:28"
1040,1,87,7,332.6715,CNY,8,2026-02-16,"2026-07-16 13:58:28"
1041,1,87,7,334.6844,CNY,9,2026-03-16,"2026-07-16 13:58:28"
1042,1,87,7,340.2817,CNY,10,2026-04-16,"2026-07-16 13:58:28"
1043,1,87,7,317.1393,CNY,11,2026-05-16,"2026-07-16 13:58:28"
1044,1,87,7,309.1033,CNY,12,2026-06-16,"2026-07-16 13:58:28"
1045,1,88,20,549.5935,CNY,1,2025-07-16,"2026-07-16 13:58:28"
1046,1,88,20,614.3589,CNY,2,2025-08-16,"2026-07-16 13:58:28"
1047,1,88,20,525.4107,CNY,3,2025-09-16,"2026-07-16 13:58:28"
1048,1,88,20,620.798,CNY,4,2025-10-16,"2026-07-16 13:58:28"
1049,1,88,20,595.511,CNY,5,2025-11-16,"2026-07-16 13:58:28"
1050,1,88,20,615.6847,CNY,6,2025-12-16,"2026-07-16 13:58:28"
1051,1,88,20,576.0704,CNY,7,2026-01-16,"2026-07-16 13:58:28"
1052,1,88,20,557.2109,CNY,8,2026-02-16,"2026-07-16 13:58:28"
1053,1,88,20,633.6787,CNY,9,2026-03-16,"2026-07-16 13:58:28"
1054,1,88,20,580.3302,CNY,10,2026-04-16,"2026-07-16 13:58:28"
1055,1,88,20,538.4401,CNY,11,2026-05-16,"2026-07-16 13:58:28"
1056,1,88,20,588.2287,CNY,12,2026-06-16,"2026-07-16 13:58:28"
1057,1,89,9,225.7687,USD,1,2025-07-16,"2026-07-16 13:58:28"
1058,1,89,9,219.7934,USD,2,2025-08-16,"2026-07-16 13:58:28"
1059,1,89,9,226.685,USD,3,2025-09-16,"2026-07-16 13:58:28"
1060,1,89,9,206.6095,USD,4,2025-10-16,"2026-07-16 13:58:28"
1061,1,89,9,247.7898,USD,5,2025-11-16,"2026-07-16 13:58:28"
1062,1,89,9,231.6936,USD,6,2025-12-16,"2026-07-16 13:58:28"
1063,1,89,9,248.3156,USD,7,2026-01-16,"2026-07-16 13:58:28"
1064,1,89,9,219.8846,USD,8,2026-02-16,"2026-07-16 13:58:28"
1065,1,89,9,217.3372,USD,9,2026-03-16,"2026-07-16 13:58:28"
1066,1,89,9,237.5362,USD,10,2026-04-16,"2026-07-16 13:58:28"
1067,1,89,9,239.1008,USD,11,2026-05-16,"2026-07-16 13:58:28"
1068,1,89,9,218.7026,USD,12,2026-06-16,"2026-07-16 13:58:28"
1069,1,90,18,97.2998,CNY,1,2025-07-16,"2026-07-16 13:58:28"
1070,1,90,18,93.5308,CNY,2,2025-08-16,"2026-07-16 13:58:28"
1071,1,90,18,91.9168,CNY,3,2025-09-16,"2026-07-16 13:58:28"
1072,1,90,18,88.86,CNY,4,2025-10-16,"2026-07-16 13:58:28"
1073,1,90,18,89.7344,CNY,5,2025-11-16,"2026-07-16 13:58:28"
1074,1,90,18,82.9957,CNY,6,2025-12-16,"2026-07-16 13:58:28"
1075,1,90,18,83.5036,CNY,7,2026-01-16,"2026-07-16 13:58:28"
1076,1,90,18,91.596,CNY,8,2026-02-16,"2026-07-16 13:58:28"
1077,1,90,18,94.4261,CNY,9,2026-03-16,"2026-07-16 13:58:28"
1078,1,90,18,90.709,CNY,10,2026-04-16,"2026-07-16 13:58:28"
1079,1,90,18,84.0472,CNY,11,2026-05-16,"2026-07-16 13:58:28"
1080,1,90,18,83.64,CNY,12,2026-06-16,"2026-07-16 13:58:28"
1081,1,91,14,293.0014,CNY,1,2025-07-16,"2026-07-16 13:58:28"
1082,1,91,14,268.87,CNY,2,2025-08-16,"2026-07-16 13:58:28"
1083,1,91,14,265.4848,CNY,3,2025-09-16,"2026-07-16 13:58:28"
1084,1,91,14,301.9654,CNY,4,2025-10-16,"2026-07-16 13:58:28"
1085,1,91,14,270.5518,CNY,5,2025-11-16,"2026-07-16 13:58:28"
1086,1,91,14,317.0065,CNY,6,2025-12-16,"2026-07-16 13:58:28"
1087,1,91,14,301.0748,CNY,7,2026-01-16,"2026-07-16 13:58:28"
1088,1,91,14,300.623,CNY,8,2026-02-16,"2026-07-16 13:58:28"
1089,1,91,14,268.8384,CNY,9,2026-03-16,"2026-07-16 13:58:28"
1090,1,91,14,274.3552,CNY,10,2026-04-16,"2026-07-16 13:58:28"
1091,1,91,14,282.5659,CNY,11,2026-05-16,"2026-07-16 13:58:28"
1092,1,91,14,293.322,CNY,12,2026-06-16,"2026-07-16 13:58:28"
1093,1,92,3,700.2166,USD,1,2025-07-16,"2026-07-16 13:58:28"
1094,1,92,3,681.4657,USD,2,2025-08-16,"2026-07-16 13:58:28"
1095,1,92,3,689.2094,USD,3,2025-09-16,"2026-07-16 13:58:28"
1096,1,92,3,713.2038,USD,4,2025-10-16,"2026-07-16 13:58:28"
1097,1,92,3,724.4001,USD,5,2025-11-16,"2026-07-16 13:58:28"
1098,1,92,3,702.7071,USD,6,2025-12-16,"2026-07-16 13:58:28"
1099,1,92,3,635.3593,USD,7,2026-01-16,"2026-07-16 13:58:28"
1100,1,92,3,751.9016,USD,8,2026-02-16,"2026-07-16 13:58:28"
1101,1,92,3,631.2725,USD,9,2026-03-16,"2026-07-16 13:58:28"
1102,1,92,3,740.1201,USD,10,2026-04-16,"2026-07-16 13:58:28"
1103,1,92,3,682.5968,USD,11,2026-05-16,"2026-07-16 13:58:28"
1104,1,92,3,742.1574,USD,12,2026-06-16,"2026-07-16 13:58:28"
1105,1,93,12,740.8508,USD,1,2025-07-16,"2026-07-16 13:58:28"
1106,1,93,12,758.7872,USD,2,2025-08-16,"2026-07-16 13:58:28"
1107,1,93,12,763.7628,USD,3,2025-09-16,"2026-07-16 13:58:28"
1108,1,93,12,667.2617,USD,4,2025-10-16,"2026-07-16 13:58:28"
1109,1,93,12,700.973,USD,5,2025-11-16,"2026-07-16 13:58:28"
1110,1,93,12,766.5879,USD,6,2025-12-16,"2026-07-16 13:58:28"
1111,1,93,12,708.9061,USD,7,2026-01-16,"2026-07-16 13:58:28"
1112,1,93,12,734.5762,USD,8,2026-02-16,"2026-07-16 13:58:28"
1113,1,93,12,781.1253,USD,9,2026-03-16,"2026-07-16 13:58:28"
1114,1,93,12,736.7315,USD,10,2026-04-16,"2026-07-16 13:58:28"
1115,1,93,12,696.786,USD,11,2026-05-16,"2026-07-16 13:58:28"
1116,1,93,12,667.4468,USD,12,2026-06-16,"2026-07-16 13:58:28"
1117,1,94,5,433.4147,CNY,1,2025-07-16,"2026-07-16 13:58:28"
1118,1,94,5,411.0873,CNY,2,2025-08-16,"2026-07-16 13:58:28"
1119,1,94,5,416.4526,CNY,3,2025-09-16,"2026-07-16 13:58:28"
1120,1,94,5,451.3228,CNY,4,2025-10-16,"2026-07-16 13:58:28"
1121,1,94,5,466.3268,CNY,5,2025-11-16,"2026-07-16 13:58:28"
1122,1,94,5,446.6342,CNY,6,2025-12-16,"2026-07-16 13:58:28"
1123,1,94,5,439.9802,CNY,7,2026-01-16,"2026-07-16 13:58:28"
1124,1,94,5,446.1082,CNY,8,2026-02-16,"2026-07-16 13:58:28"
1125,1,94,5,468.5819,CNY,9,2026-03-16,"2026-07-16 13:58:28"
1126,1,94,5,447.348,CNY,10,2026-04-16,"2026-07-16 13:58:28"
1127,1,94,5,421.4349,CNY,11,2026-05-16,"2026-07-16 13:58:28"
1128,1,94,5,400.5536,CNY,12,2026-06-16,"2026-07-16 13:58:28"
1129,1,95,17,817.5384,CNY,1,2025-07-16,"2026-07-16 13:58:28"
1130,1,95,17,948.8816,CNY,2,2025-08-16,"2026-07-16 13:58:28"
1131,1,95,17,810.8733,CNY,3,2025-09-16,"2026-07-16 13:58:28"
1132,1,95,17,845.4615,CNY,4,2025-10-16,"2026-07-16 13:58:28"
1133,1,95,17,921.4916,CNY,5,2025-11-16,"2026-07-16 13:58:28"
1134,1,95,17,924.7163,CNY,6,2025-12-16,"2026-07-16 13:58:28"
1135,1,95,17,951.3754,CNY,7,2026-01-16,"2026-07-16 13:58:28"
1136,1,95,17,940.8252,CNY,8,2026-02-16,"2026-07-16 13:58:28"
1137,1,95,17,968.0193,CNY,9,2026-03-16,"2026-07-16 13:58:28"
1138,1,95,17,843.3138,CNY,10,2026-04-16,"2026-07-16 13:58:28"
1139,1,95,17,845.3957,CNY,11,2026-05-16,"2026-07-16 13:58:28"
1140,1,95,17,969.3743,CNY,12,2026-06-16,"2026-07-16 13:58:28"
1141,1,96,3,599.354,CNY,1,2025-07-16,"2026-07-16 13:58:28"
1142,1,96,3,607.3312,CNY,2,2025-08-16,"2026-07-16 13:58:28"
1143,1,96,3,618.7003,CNY,3,2025-09-16,"2026-07-16 13:58:28"
1144,1,96,3,645.9059,CNY,4,2025-10-16,"2026-07-16 13:58:28"
1145,1,96,3,565.9119,CNY,5,2025-11-16,"2026-07-16 13:58:28"
1146,1,96,3,547.8601,CNY,6,2025-12-16,"2026-07-16 13:58:28"
1147,1,96,3,591.3144,CNY,7,2026-01-16,"2026-07-16 13:58:28"
1148,1,96,3,542.2509,CNY,8,2026-02-16,"2026-07-16 13:58:28"
1149,1,96,3,612.4346,CNY,9,2026-03-16,"2026-07-16 13:58:28"
1150,1,96,3,552.4307,CNY,10,2026-04-16,"2026-07-16 13:58:28"
1151,1,96,3,641.6364,CNY,11,2026-05-16,"2026-07-16 13:58:28"
1152,1,96,3,647.5764,CNY,12,2026-06-16,"2026-07-16 13:58:28"
1153,1,97,6,634.3129,USD,1,2025-07-16,"2026-07-16 13:58:28"
1154,1,97,6,609.4331,USD,2,2025-08-16,"2026-07-16 13:58:28"
1155,1,97,6,651.7586,USD,3,2025-09-16,"2026-07-16 13:58:28"
1156,1,97,6,580.2803,USD,4,2025-10-16,"2026-07-16 13:58:28"
1157,1,97,6,623.1222,USD,5,2025-11-16,"2026-07-16 13:58:28"
1158,1,97,6,622.6923,USD,6,2025-12-16,"2026-07-16 13:58:28"
1159,1,97,6,695.174,USD,7,2026-01-16,"2026-07-16 13:58:28"
1160,1,97,6,601.1478,USD,8,2026-02-16,"2026-07-16 13:58:28"
1161,1,97,6,641.0357,USD,9,2026-03-16,"2026-07-16 13:58:28"
1162,1,97,6,627.1626,USD,10,2026-04-16,"2026-07-16 13:58:28"
1163,1,97,6,665.2052,USD,11,2026-05-16,"2026-07-16 13:58:28"
1164,1,97,6,639.6313,USD,12,2026-06-16,"2026-07-16 13:58:28"
1165,1,98,12,448.9773,CNY,1,2025-07-16,"2026-07-16 13:58:28"
1166,1,98,12,464.3524,CNY,2,2025-08-16,"2026-07-16 13:58:28"
1167,1,98,12,430.4549,CNY,3,2025-09-16,"2026-07-16 13:58:28"
1168,1,98,12,423.0187,CNY,4,2025-10-16,"2026-07-16 13:58:28"
1169,1,98,12,398.3816,CNY,5,2025-11-16,"2026-07-16 13:58:28"
1170,1,98,12,451.7602,CNY,6,2025-12-16,"2026-07-16 13:58:28"
1171,1,98,12,423.0613,CNY,7,2026-01-16,"2026-07-16 13:58:28"
1172,1,98,12,387.384,CNY,8,2026-02-16,"2026-07-16 13:58:28"
1173,1,98,12,430.4918,CNY,9,2026-03-16,"2026-07-16 13:58:28"
1174,1,98,12,433.0368,CNY,10,2026-04-16,"2026-07-16 13:58:28"
1175,1,98,12,432.8548,CNY,11,2026-05-16,"2026-07-16 13:58:28"
1176,1,98,12,445.0464,CNY,12,2026-06-16,"2026-07-16 13:58:28"
1177,1,99,2,387.4076,CNY,1,2025-07-16,"2026-07-16 13:58:28"
1178,1,99,2,341.4025,CNY,2,2025-08-16,"2026-07-16 13:58:28"
1179,1,99,2,366.9579,CNY,3,2025-09-16,"2026-07-16 13:58:28"
1180,1,99,2,338.9591,CNY,4,2025-10-16,"2026-07-16 13:58:28"
1181,1,99,2,384.51,CNY,5,2025-11-16,"2026-07-16 13:58:28"
1182,1,99,2,399.8845,CNY,6,2025-12-16,"2026-07-16 13:58:28"
1183,1,99,2,352.4345,CNY,7,2026-01-16,"2026-07-16 13:58:28"
1184,1,99,2,374.9655,CNY,8,2026-02-16,"2026-07-16 13:58:28"
1185,1,99,2,384.8623,CNY,9,2026-03-16,"2026-07-16 13:58:28"
1186,1,99,2,337.0873,CNY,10,2026-04-16,"2026-07-16 13:58:28"
1187,1,99,2,371.9049,CNY,11,2026-05-16,"2026-07-16 13:58:28"
1188,1,99,2,357.7782,CNY,12,2026-06-16,"2026-07-16 13:58:28"
1189,1,100,10,119.3002,CNY,1,2025-07-16,"2026-07-16 13:58:28"
1190,1,100,10,130.0255,CNY,2,2025-08-16,"2026-07-16 13:58:28"
1191,1,100,10,117.8506,CNY,3,2025-09-16,"2026-07-16 13:58:28"
1192,1,100,10,127.8898,CNY,4,2025-10-16,"2026-07-16 13:58:28"
1193,1,100,10,114.1509,CNY,5,2025-11-16,"2026-07-16 13:58:28"
1194,1,100,10,127.5338,CNY,6,2025-12-16,"2026-07-16 13:58:28"
1195,1,100,10,114.5152,CNY,7,2026-01-16,"2026-07-16 13:58:28"
1196,1,100,10,111.1777,CNY,8,2026-02-16,"2026-07-16 13:58:28"
1197,1,100,10,108.4887,CNY,9,2026-03-16,"2026-07-16 13:58:28"
1198,1,100,10,129.7988,CNY,10,2026-04-16,"2026-07-16 13:58:28"
1199,1,100,10,106.751,CNY,11,2026-05-16,"2026-07-16 13:58:28"
1200,1,100,10,112.0813,CNY,12,2026-06-16,"2026-07-16 13:58:28"
1201,1,101,10,64.4832,USD,1,2025-07-16,"2026-07-16 13:58:28"
1202,1,101,10,63.6095,USD,2,2025-08-16,"2026-07-16 13:58:28"
1203,1,101,10,58.1382,USD,3,2025-09-16,"2026-07-16 13:58:28"
1204,1,101,10,66.1057,USD,4,2025-10-16,"2026-07-16 13:58:28"
1205,1,101,10,65.1333,USD,5,2025-11-16,"2026-07-16 13:58:28"
1206,1,101,10,64.1657,USD,6,2025-12-16,"2026-07-16 13:58:28"
1207,1,101,10,57.319,USD,7,2026-01-16,"2026-07-16 13:58:28"
1208,1,101,10,60.9403,USD,8,2026-02-16,"2026-07-16 13:58:28"
1209,1,101,10,67.0323,USD,9,2026-03-16,"2026-07-16 13:58:28"
1210,1,101,10,66.4772,USD,10,2026-04-16,"2026-07-16 13:58:28"
1211,1,101,10,62.9735,USD,11,2026-05-16,"2026-07-16 13:58:28"
1212,1,101,10,61.4334,USD,12,2026-06-16,"2026-07-16 13:58:28"
1213,1,102,9,800.3863,CNY,1,2025-07-16,"2026-07-16 13:58:28"
1214,1,102,9,781.2603,CNY,2,2025-08-16,"2026-07-16 13:58:28"
1215,1,102,9,819.9046,CNY,3,2025-09-16,"2026-07-16 13:58:28"
1216,1,102,9,736.489,CNY,4,2025-10-16,"2026-07-16 13:58:28"
1217,1,102,9,733.1821,CNY,5,2025-11-16,"2026-07-16 13:58:28"
1218,1,102,9,820.4603,CNY,6,2025-12-16,"2026-07-16 13:58:28"
1219,1,102,9,765.714,CNY,7,2026-01-16,"2026-07-16 13:58:28"
1220,1,102,9,800.6251,CNY,8,2026-02-16,"2026-07-16 13:58:28"
1221,1,102,9,844.7862,CNY,9,2026-03-16,"2026-07-16 13:58:28"
1222,1,102,9,862.7924,CNY,10,2026-04-16,"2026-07-16 13:58:28"
1223,1,102,9,785.6006,CNY,11,2026-05-16,"2026-07-16 13:58:28"
1224,1,102,9,868.6676,CNY,12,2026-06-16,"2026-07-16 13:58:28"
1225,1,103,3,366.6564,CNY,1,2025-07-16,"2026-07-16 13:58:28"
1226,1,103,3,333.5968,CNY,2,2025-08-16,"2026-07-16 13:58:28"
1227,1,103,3,326.4434,CNY,3,2025-09-16,"2026-07-16 13:58:28"
1228,1,103,3,382.659,CNY,4,2025-10-16,"2026-07-16 13:58:28"
1229,1,103,3,347.3198,CNY,5,2025-11-16,"2026-07-16 13:58:28"
1230,1,103,3,385.6348,CNY,6,2025-12-16,"2026-07-16 13:58:28"
1231,1,103,3,332.2567,CNY,7,2026-01-16,"2026-07-16 13:58:28"
1232,1,103,3,342.3981,CNY,8,2026-02-16,"2026-07-16 13:58:28"
1233,1,103,3,371.7972,CNY,9,2026-03-16,"2026-07-16 13:58:28"
1234,1,103,3,379.4056,CNY,10,2026-04-16,"2026-07-16 13:58:28"
1235,1,103,3,350.9489,CNY,11,2026-05-16,"2026-07-16 13:58:28"
1236,1,103,3,362.5204,CNY,12,2026-06-16,"2026-07-16 13:58:28"
1237,1,104,2,561.6685,CNY,1,2025-07-16,"2026-07-16 13:58:28"
1238,1,104,2,559.9205,CNY,2,2025-08-16,"2026-07-16 13:58:28"
1239,1,104,2,593.8692,CNY,3,2025-09-16,"2026-07-16 13:58:28"
1240,1,104,2,554.1709,CNY,4,2025-10-16,"2026-07-16 13:58:28"
1241,1,104,2,563.0133,CNY,5,2025-11-16,"2026-07-16 13:58:28"
1242,1,104,2,579.505,CNY,6,2025-12-16,"2026-07-16 13:58:28"
1243,1,104,2,577.6816,CNY,7,2026-01-16,"2026-07-16 13:58:28"
1244,1,104,2,616.7104,CNY,8,2026-02-16,"2026-07-16 13:58:28"
1245,1,104,2,551.9307,CNY,9,2026-03-16,"2026-07-16 13:58:28"
1246,1,104,2,528.8227,CNY,10,2026-04-16,"2026-07-16 13:58:28"
1247,1,104,2,550.7746,CNY,11,2026-05-16,"2026-07-16 13:58:28"
1248,1,104,2,518.2664,CNY,12,2026-06-16,"2026-07-16 13:58:28"
1249,1,105,19,362.4787,CNY,1,2025-07-16,"2026-07-16 13:58:28"
1250,1,105,19,362.0025,CNY,2,2025-08-16,"2026-07-16 13:58:28"
1251,1,105,19,331.9641,CNY,3,2025-09-16,"2026-07-16 13:58:28"
1252,1,105,19,324.8378,CNY,4,2025-10-16,"2026-07-16 13:58:28"
1253,1,105,19,322.9403,CNY,5,2025-11-16,"2026-07-16 13:58:28"
1254,1,105,19,335.9193,CNY,6,2025-12-16,"2026-07-16 13:58:28"
1255,1,105,19,334.3757,CNY,7,2026-01-16,"2026-07-16 13:58:28"
1256,1,105,19,381.147,CNY,8,2026-02-16,"2026-07-16 13:58:28"
1257,1,105,19,315.5439,CNY,9,2026-03-16,"2026-07-16 13:58:28"
1258,1,105,19,364.0532,CNY,10,2026-04-16,"2026-07-16 13:58:28"
1259,1,105,19,334.493,CNY,11,2026-05-16,"2026-07-16 13:58:28"
1260,1,105,19,316.2197,CNY,12,2026-06-16,"2026-07-16 13:58:28"
1261,1,106,5,714.4125,CNY,1,2025-07-16,"2026-07-16 13:58:28"
1262,1,106,5,819.028,CNY,2,2025-08-16,"2026-07-16 13:58:28"
1263,1,106,5,779.3093,CNY,3,2025-09-16,"2026-07-16 13:58:28"
1264,1,106,5,870.6215,CNY,4,2025-10-16,"2026-07-16 13:58:28"
1265,1,106,5,779.2734,CNY,5,2025-11-16,"2026-07-16 13:58:28"
1266,1,106,5,863.8979,CNY,6,2025-12-16,"2026-07-16 13:58:28"
1267,1,106,5,739.8721,CNY,7,2026-01-16,"2026-07-16 13:58:28"
1268,1,106,5,868.4625,CNY,8,2026-02-16,"2026-07-16 13:58:28"
1269,1,106,5,811.8324,CNY,9,2026-03-16,"2026-07-16 13:58:28"
1270,1,106,5,723.5837,CNY,10,2026-04-16,"2026-07-16 13:58:28"
1271,1,106,5,723.428,CNY,11,2026-05-16,"2026-07-16 13:58:28"
1272,1,106,5,753.2021,CNY,12,2026-06-16,"2026-07-16 13:58:28"
1273,1,107,15,706.2847,CNY,1,2025-07-16,"2026-07-16 13:58:28"
1274,1,107,15,700.9723,CNY,2,2025-08-16,"2026-07-16 13:58:28"
1275,1,107,15,650.6423,CNY,3,2025-09-16,"2026-07-16 13:58:28"
1276,1,107,15,652.0777,CNY,4,2025-10-16,"2026-07-16 13:58:28"
1277,1,107,15,612.9581,CNY,5,2025-11-16,"2026-07-16 13:58:28"
1278,1,107,15,692.7644,CNY,6,2025-12-16,"2026-07-16 13:58:28"
1279,1,107,15,639.348,CNY,7,2026-01-16,"2026-07-16 13:58:28"
1280,1,107,15,652.6692,CNY,8,2026-02-16,"2026-07-16 13:58:28"
1281,1,107,15,718.038,CNY,9,2026-03-16,"2026-07-16 13:58:28"
1282,1,107,15,653.8717,CNY,10,2026-04-16,"2026-07-16 13:58:28"
1283,1,107,15,615.6976,CNY,11,2026-05-16,"2026-07-16 13:58:28"
1284,1,107,15,656.9071,CNY,12,2026-06-16,"2026-07-16 13:58:28"
1285,1,108,14,673.2426,CNY,1,2025-07-16,"2026-07-16 13:58:28"
1286,1,108,14,694.103,CNY,2,2025-08-16,"2026-07-16 13:58:28"
1287,1,108,14,690.6281,CNY,3,2025-09-16,"2026-07-16 13:58:28"
1288,1,108,14,696.6298,CNY,4,2025-10-16,"2026-07-16 13:58:28"
1289,1,108,14,619.062,CNY,5,2025-11-16,"2026-07-16 13:58:28"
1290,1,108,14,689.8313,CNY,6,2025-12-16,"2026-07-16 13:58:28"
1291,1,108,14,684.8817,CNY,7,2026-01-16,"2026-07-16 13:58:28"
1292,1,108,14,646.636,CNY,8,2026-02-16,"2026-07-16 13:58:28"
1293,1,108,14,659.9683,CNY,9,2026-03-16,"2026-07-16 13:58:28"
1294,1,108,14,642.841,CNY,10,2026-04-16,"2026-07-16 13:58:28"
1295,1,108,14,667.4589,CNY,11,2026-05-16,"2026-07-16 13:58:28"
1296,1,108,14,691.5955,CNY,12,2026-06-16,"2026-07-16 13:58:28"
1297,1,109,3,545.8612,CNY,1,2025-07-16,"2026-07-16 13:58:28"
1298,1,109,3,606.1058,CNY,2,2025-08-16,"2026-07-16 13:58:28"
1299,1,109,3,567.2164,CNY,3,2025-09-16,"2026-07-16 13:58:28"
1300,1,109,3,537.4776,CNY,4,2025-10-16,"2026-07-16 13:58:28"
1301,1,109,3,641.0144,CNY,5,2025-11-16,"2026-07-16 13:58:28"
1302,1,109,3,595.1701,CNY,6,2025-12-16,"2026-07-16 13:58:28"
1303,1,109,3,609.3651,CNY,7,2026-01-16,"2026-07-16 13:58:28"
1304,1,109,3,587.3468,CNY,8,2026-02-16,"2026-07-16 13:58:28"
1305,1,109,3,547.8115,CNY,9,2026-03-16,"2026-07-16 13:58:28"
1306,1,109,3,640.3377,CNY,10,2026-04-16,"2026-07-16 13:58:28"
1307,1,109,3,614.8854,CNY,11,2026-05-16,"2026-07-16 13:58:28"
1308,1,109,3,562.2534,CNY,12,2026-06-16,"2026-07-16 13:58:28"
1309,1,110,11,429.3776,CNY,1,2025-07-16,"2026-07-16 13:58:28"
1310,1,110,11,427.1958,CNY,2,2025-08-16,"2026-07-16 13:58:28"
1311,1,110,11,415.0305,CNY,3,2025-09-16,"2026-07-16 13:58:28"
1312,1,110,11,427.1265,CNY,4,2025-10-16,"2026-07-16 13:58:28"
1313,1,110,11,430.1521,CNY,5,2025-11-16,"2026-07-16 13:58:28"
1314,1,110,11,416.4384,CNY,6,2025-12-16,"2026-07-16 13:58:28"
1315,1,110,11,434.9401,CNY,7,2026-01-16,"2026-07-16 13:58:28"
1316,1,110,11,471.8792,CNY,8,2026-02-16,"2026-07-16 13:58:28"
1317,1,110,11,435.9394,CNY,9,2026-03-16,"2026-07-16 13:58:28"
1318,1,110,11,416.2256,CNY,10,2026-04-16,"2026-07-16 13:58:28"
1319,1,110,11,404.6507,CNY,11,2026-05-16,"2026-07-16 13:58:28"
1320,1,110,11,426.1551,CNY,12,2026-06-16,"2026-07-16 13:58:28"
1321,1,111,2,780.2574,CNY,1,2025-07-16,"2026-07-16 13:58:28"
1322,1,111,2,895.6615,CNY,2,2025-08-16,"2026-07-16 13:58:28"
1323,1,111,2,834.8158,CNY,3,2025-09-16,"2026-07-16 13:58:28"
1324,1,111,2,924.7767,CNY,4,2025-10-16,"2026-07-16 13:58:28"
1325,1,111,2,841.1299,CNY,5,2025-11-16,"2026-07-16 13:58:28"
1326,1,111,2,876.5181,CNY,6,2025-12-16,"2026-07-16 13:58:28"
1327,1,111,2,814.2277,CNY,7,2026-01-16,"2026-07-16 13:58:28"
1328,1,111,2,899.1405,CNY,8,2026-02-16,"2026-07-16 13:58:28"
1329,1,111,2,913.4759,CNY,9,2026-03-16,"2026-07-16 13:58:28"
1330,1,111,2,894.0875,CNY,10,2026-04-16,"2026-07-16 13:58:28"
1331,1,111,2,943.994,CNY,11,2026-05-16,"2026-07-16 13:58:28"
1332,1,111,2,830.6286,CNY,12,2026-06-16,"2026-07-16 13:58:28"
1333,1,112,18,571.6466,CNY,1,2025-07-16,"2026-07-16 13:58:28"
1334,1,112,18,538.3214,CNY,2,2025-08-16,"2026-07-16 13:58:28"
1335,1,112,18,612.5325,CNY,3,2025-09-16,"2026-07-16 13:58:28"
1336,1,112,18,542.4392,CNY,4,2025-10-16,"2026-07-16 13:58:28"
1337,1,112,18,616.7344,CNY,5,2025-11-16,"2026-07-16 13:58:28"
1338,1,112,18,526.5081,CNY,6,2025-12-16,"2026-07-16 13:58:28"
1339,1,112,18,563.4664,CNY,7,2026-01-16,"2026-07-16 13:58:28"
1340,1,112,18,538.9334,CNY,8,2026-02-16,"2026-07-16 13:58:28"
1341,1,112,18,586.8663,CNY,9,2026-03-16,"2026-07-16 13:58:28"
1342,1,112,18,602.0033,CNY,10,2026-04-16,"2026-07-16 13:58:28"
1343,1,112,18,577.3842,CNY,11,2026-05-16,"2026-07-16 13:58:28"
1344,1,112,18,586.3077,CNY,12,2026-06-16,"2026-07-16 13:58:28"
1345,1,113,14,596.2886,CNY,1,2025-07-16,"2026-07-16 13:58:28"
1346,1,113,14,674.8876,CNY,2,2025-08-16,"2026-07-16 13:58:28"
1347,1,113,14,632.4181,CNY,3,2025-09-16,"2026-07-16 13:58:28"
1348,1,113,14,652.1626,CNY,4,2025-10-16,"2026-07-16 13:58:28"
1349,1,113,14,698.3273,CNY,5,2025-11-16,"2026-07-16 13:58:28"
1350,1,113,14,713.6183,CNY,6,2025-12-16,"2026-07-16 13:58:28"
1351,1,113,14,702.0672,CNY,7,2026-01-16,"2026-07-16 13:58:28"
1352,1,113,14,667.041,CNY,8,2026-02-16,"2026-07-16 13:58:28"
1353,1,113,14,607.9103,CNY,9,2026-03-16,"2026-07-16 13:58:28"
1354,1,113,14,674.3249,CNY,10,2026-04-16,"2026-07-16 13:58:28"
1355,1,113,14,619.7603,CNY,11,2026-05-16,"2026-07-16 13:58:28"
1356,1,113,14,682.7701,CNY,12,2026-06-16,"2026-07-16 13:58:28"
1357,1,114,16,506.151,CNY,1,2025-07-16,"2026-07-16 13:58:28"
1358,1,114,16,497.7433,CNY,2,2025-08-16,"2026-07-16 13:58:28"
1359,1,114,16,420.2044,CNY,3,2025-09-16,"2026-07-16 13:58:28"
1360,1,114,16,416.2451,CNY,4,2025-10-16,"2026-07-16 13:58:28"
1361,1,114,16,489.5202,CNY,5,2025-11-16,"2026-07-16 13:58:28"
1362,1,114,16,504.0172,CNY,6,2025-12-16,"2026-07-16 13:58:28"
1363,1,114,16,467.1857,CNY,7,2026-01-16,"2026-07-16 13:58:28"
1364,1,114,16,479.1906,CNY,8,2026-02-16,"2026-07-16 13:58:28"
1365,1,114,16,432.3098,CNY,9,2026-03-16,"2026-07-16 13:58:28"
1366,1,114,16,460.4939,CNY,10,2026-04-16,"2026-07-16 13:58:28"
1367,1,114,16,469.6687,CNY,11,2026-05-16,"2026-07-16 13:58:28"
1368,1,114,16,458.9893,CNY,12,2026-06-16,"2026-07-16 13:58:28"
1369,1,115,3,711.7207,USD,1,2025-07-16,"2026-07-16 13:58:28"
1370,1,115,3,652.9413,USD,2,2025-08-16,"2026-07-16 13:58:28"
1371,1,115,3,589.5945,USD,3,2025-09-16,"2026-07-16 13:58:28"
1372,1,115,3,600.1521,USD,4,2025-10-16,"2026-07-16 13:58:28"
1373,1,115,3,668.0274,USD,5,2025-11-16,"2026-07-16 13:58:28"
1374,1,115,3,627.3749,USD,6,2025-12-16,"2026-07-16 13:58:28"
1375,1,115,3,714.3525,USD,7,2026-01-16,"2026-07-16 13:58:28"
1376,1,115,3,604.1026,USD,8,2026-02-16,"2026-07-16 13:58:28"
1377,1,115,3,593.1726,USD,9,2026-03-16,"2026-07-16 13:58:28"
1378,1,115,3,659.6962,USD,10,2026-04-16,"2026-07-16 13:58:28"
1379,1,115,3,668.1084,USD,11,2026-05-16,"2026-07-16 13:58:28"
1380,1,115,3,665.0687,USD,12,2026-06-16,"2026-07-16 13:58:28"
1381,1,116,12,627.2545,CNY,1,2025-07-16,"2026-07-16 13:58:28"
1382,1,116,12,697.581,CNY,2,2025-08-16,"2026-07-16 13:58:28"
1383,1,116,12,637.5543,CNY,3,2025-09-16,"2026-07-16 13:58:28"
1384,1,116,12,595.5832,CNY,4,2025-10-16,"2026-07-16 13:58:28"
1385,1,116,12,677.0011,CNY,5,2025-11-16,"2026-07-16 13:58:28"
1386,1,116,12,661.0703,CNY,6,2025-12-16,"2026-07-16 13:58:28"
1387,1,116,12,650.8051,CNY,7,2026-01-16,"2026-07-16 13:58:28"
1388,1,116,12,667.8456,CNY,8,2026-02-16,"2026-07-16 13:58:28"
1389,1,116,12,691.344,CNY,9,2026-03-16,"2026-07-16 13:58:28"
1390,1,116,12,671.3792,CNY,10,2026-04-16,"2026-07-16 13:58:28"
1391,1,116,12,641.4003,CNY,11,2026-05-16,"2026-07-16 13:58:28"
1392,1,116,12,701.9631,CNY,12,2026-06-16,"2026-07-16 13:58:28"
1393,1,117,20,138.5989,CNY,1,2025-07-16,"2026-07-16 13:58:28"
1394,1,117,20,129.7861,CNY,2,2025-08-16,"2026-07-16 13:58:28"
1395,1,117,20,139.3244,CNY,3,2025-09-16,"2026-07-16 13:58:28"
1396,1,117,20,134.2441,CNY,4,2025-10-16,"2026-07-16 13:58:28"
1397,1,117,20,144.8544,CNY,5,2025-11-16,"2026-07-16 13:58:28"
1398,1,117,20,145.7853,CNY,6,2025-12-16,"2026-07-16 13:58:28"
1399,1,117,20,144.8962,CNY,7,2026-01-16,"2026-07-16 13:58:28"
1400,1,117,20,136.4033,CNY,8,2026-02-16,"2026-07-16 13:58:28"
1401,1,117,20,128.9287,CNY,9,2026-03-16,"2026-07-16 13:58:28"
1402,1,117,20,130.5252,CNY,10,2026-04-16,"2026-07-16 13:58:28"
1403,1,117,20,125.8413,CNY,11,2026-05-16,"2026-07-16 13:58:28"
1404,1,117,20,146.859,CNY,12,2026-06-16,"2026-07-16 13:58:28"
1405,1,118,10,21.4862,CNY,1,2025-07-16,"2026-07-16 13:58:28"
1406,1,118,10,23.6858,CNY,2,2025-08-16,"2026-07-16 13:58:28"
1407,1,118,10,20.3841,CNY,3,2025-09-16,"2026-07-16 13:58:28"
1408,1,118,10,22.2532,CNY,4,2025-10-16,"2026-07-16 13:58:28"
1409,1,118,10,20.3877,CNY,5,2025-11-16,"2026-07-16 13:58:28"
1410,1,118,10,22.8251,CNY,6,2025-12-16,"2026-07-16 13:58:28"
1411,1,118,10,19.9624,CNY,7,2026-01-16,"2026-07-16 13:58:28"
1412,1,118,10,22.4072,CNY,8,2026-02-16,"2026-07-16 13:58:28"
1413,1,118,10,21.3329,CNY,9,2026-03-16,"2026-07-16 13:58:28"
1414,1,118,10,20.6882,CNY,10,2026-04-16,"2026-07-16 13:58:28"
1415,1,118,10,21.6017,CNY,11,2026-05-16,"2026-07-16 13:58:28"
1416,1,118,10,23.4387,CNY,12,2026-06-16,"2026-07-16 13:58:28"
1417,1,119,8,137.41,CNY,1,2025-07-16,"2026-07-16 13:58:28"
1418,1,119,8,151.0854,CNY,2,2025-08-16,"2026-07-16 13:58:28"
1419,1,119,8,131.5292,CNY,3,2025-09-16,"2026-07-16 13:58:28"
1420,1,119,8,150.2878,CNY,4,2025-10-16,"2026-07-16 13:58:28"
1421,1,119,8,129.8278,CNY,5,2025-11-16,"2026-07-16 13:58:28"
1422,1,119,8,140.6114,CNY,6,2025-12-16,"2026-07-16 13:58:28"
1423,1,119,8,130.2575,CNY,7,2026-01-16,"2026-07-16 13:58:28"
1424,1,119,8,138.2853,CNY,8,2026-02-16,"2026-07-16 13:58:28"
1425,1,119,8,152.3905,CNY,9,2026-03-16,"2026-07-16 13:58:28"
1426,1,119,8,153.3409,CNY,10,2026-04-16,"2026-07-16 13:58:28"
1427,1,119,8,146.5756,CNY,11,2026-05-16,"2026-07-16 13:58:28"
1428,1,119,8,142.3803,CNY,12,2026-06-16,"2026-07-16 13:58:28"
1429,1,120,19,330.1182,CNY,1,2025-07-16,"2026-07-16 13:58:28"
1430,1,120,19,310.3512,CNY,2,2025-08-16,"2026-07-16 13:58:28"
1431,1,120,19,291.0386,CNY,3,2025-09-16,"2026-07-16 13:58:28"
1432,1,120,19,318.7925,CNY,4,2025-10-16,"2026-07-16 13:58:28"
1433,1,120,19,298.1331,CNY,5,2025-11-16,"2026-07-16 13:58:28"
1434,1,120,19,314.6128,CNY,6,2025-12-16,"2026-07-16 13:58:28"
1435,1,120,19,328.1202,CNY,7,2026-01-16,"2026-07-16 13:58:28"
1436,1,120,19,313.3887,CNY,8,2026-02-16,"2026-07-16 13:58:28"
1437,1,120,19,329.8639,CNY,9,2026-03-16,"2026-07-16 13:58:28"
1438,1,120,19,311.4754,CNY,10,2026-04-16,"2026-07-16 13:58:28"
1439,1,120,19,304.229,CNY,11,2026-05-16,"2026-07-16 13:58:28"
1440,1,120,19,312.1757,CNY,12,2026-06-16,"2026-07-16 13:58:28"
1441,1,121,3,170.6319,CNY,1,2025-07-16,"2026-07-16 13:58:28"
1442,1,121,3,159.194,CNY,2,2025-08-16,"2026-07-16 13:58:28"
1443,1,121,3,142.1528,CNY,3,2025-09-16,"2026-07-16 13:58:28"
1444,1,121,3,172.9466,CNY,4,2025-10-16,"2026-07-16 13:58:28"
1445,1,121,3,167.914,CNY,5,2025-11-16,"2026-07-16 13:58:28"
1446,1,121,3,147.4077,CNY,6,2025-12-16,"2026-07-16 13:58:28"
1447,1,121,3,161.4278,CNY,7,2026-01-16,"2026-07-16 13:58:28"
1448,1,121,3,148.1736,CNY,8,2026-02-16,"2026-07-16 13:58:28"
1449,1,121,3,153.5061,CNY,9,2026-03-16,"2026-07-16 13:58:28"
1450,1,121,3,164.5419,CNY,10,2026-04-16,"2026-07-16 13:58:28"
1451,1,121,3,150.2596,CNY,11,2026-05-16,"2026-07-16 13:58:28"
1452,1,121,3,157.0377,CNY,12,2026-06-16,"2026-07-16 13:58:28"
1453,1,122,13,209.7834,CNY,1,2025-07-16,"2026-07-16 13:58:28"
1454,1,122,13,234.5864,CNY,2,2025-08-16,"2026-07-16 13:58:28"
1455,1,122,13,231.7931,CNY,3,2025-09-16,"2026-07-16 13:58:28"
1456,1,122,13,229.7631,CNY,4,2025-10-16,"2026-07-16 13:58:28"
1457,1,122,13,217.6719,CNY,5,2025-11-16,"2026-07-16 13:58:28"
1458,1,122,13,241.5393,CNY,6,2025-12-16,"2026-07-16 13:58:28"
1459,1,122,13,229.3808,CNY,7,2026-01-16,"2026-07-16 13:58:28"
1460,1,122,13,223.9561,CNY,8,2026-02-16,"2026-07-16 13:58:28"
1461,1,122,13,204.6477,CNY,9,2026-03-16,"2026-07-16 13:58:28"
1462,1,122,13,226.5795,CNY,10,2026-04-16,"2026-07-16 13:58:28"
1463,1,122,13,226.4625,CNY,11,2026-05-16,"2026-07-16 13:58:28"
1464,1,122,13,213.941,CNY,12,2026-06-16,"2026-07-16 13:58:28"
1465,1,123,5,282.5054,CNY,1,2025-07-16,"2026-07-16 13:58:28"
1466,1,123,5,285.0369,CNY,2,2025-08-16,"2026-07-16 13:58:28"
1467,1,123,5,249.3733,CNY,3,2025-09-16,"2026-07-16 13:58:28"
1468,1,123,5,266.3841,CNY,4,2025-10-16,"2026-07-16 13:58:28"
1469,1,123,5,288.2301,CNY,5,2025-11-16,"2026-07-16 13:58:28"
1470,1,123,5,242.3177,CNY,6,2025-12-16,"2026-07-16 13:58:28"
1471,1,123,5,262.9185,CNY,7,2026-01-16,"2026-07-16 13:58:28"
1472,1,123,5,253.6724,CNY,8,2026-02-16,"2026-07-16 13:58:28"
1473,1,123,5,241.9326,CNY,9,2026-03-16,"2026-07-16 13:58:28"
1474,1,123,5,265.6559,CNY,10,2026-04-16,"2026-07-16 13:58:28"
1475,1,123,5,248.6934,CNY,11,2026-05-16,"2026-07-16 13:58:28"
1476,1,123,5,253.9015,CNY,12,2026-06-16,"2026-07-16 13:58:28"
1477,1,124,20,725.7724,CNY,1,2025-07-16,"2026-07-16 13:58:28"
1478,1,124,20,798.9005,CNY,2,2025-08-16,"2026-07-16 13:58:28"
1479,1,124,20,856.9052,CNY,3,2025-09-16,"2026-07-16 13:58:28"
1480,1,124,20,771.028,CNY,4,2025-10-16,"2026-07-16 13:58:28"
1481,1,124,20,771.0314,CNY,5,2025-11-16,"2026-07-16 13:58:28"
1482,1,124,20,823.1787,CNY,6,2025-12-16,"2026-07-16 13:58:28"
1483,1,124,20,853.134,CNY,7,2026-01-16,"2026-07-16 13:58:28"
1484,1,124,20,795.2981,CNY,8,2026-02-16,"2026-07-16 13:58:28"
1485,1,124,20,831.6016,CNY,9,2026-03-16,"2026-07-16 13:58:28"
1486,1,124,20,775.9738,CNY,10,2026-04-16,"2026-07-16 13:58:28"
1487,1,124,20,758.1359,CNY,11,2026-05-16,"2026-07-16 13:58:28"
1488,1,124,20,720.0458,CNY,12,2026-06-16,"2026-07-16 13:58:28"
1489,1,125,10,971.7324,CNY,1,2025-07-16,"2026-07-16 13:58:28"
1490,1,125,10,865.2938,CNY,2,2025-08-16,"2026-07-16 13:58:28"
1491,1,125,10,975.5489,CNY,3,2025-09-16,"2026-07-16 13:58:28"
1492,1,125,10,935.2146,CNY,4,2025-10-16,"2026-07-16 13:58:28"
1493,1,125,10,952.8582,CNY,5,2025-11-16,"2026-07-16 13:58:28"
1494,1,125,10,863.2532,CNY,6,2025-12-16,"2026-07-16 13:58:28"
1495,1,125,10,844.5932,CNY,7,2026-01-16,"2026-07-16 13:58:28"
1496,1,125,10,921.1316,CNY,8,2026-02-16,"2026-07-16 13:58:28"
1497,1,125,10,916.4122,CNY,9,2026-03-16,"2026-07-16 13:58:28"
1498,1,125,10,861.3597,CNY,10,2026-04-16,"2026-07-16 13:58:28"
1499,1,125,10,916.3432,CNY,11,2026-05-16,"2026-07-16 13:58:28"
1500,1,125,10,867.3743,CNY,12,2026-06-16,"2026-07-16 13:58:28"
1501,1,126,1,478.2816,CNY,1,2025-07-16,"2026-07-16 13:58:28"
1502,1,126,1,498.7374,CNY,2,2025-08-16,"2026-07-16 13:58:28"
1503,1,126,1,477.6108,CNY,3,2025-09-16,"2026-07-16 13:58:28"
1504,1,126,1,521.0567,CNY,4,2025-10-16,"2026-07-16 13:58:28"
1505,1,126,1,466.8944,CNY,5,2025-11-16,"2026-07-16 13:58:28"
1506,1,126,1,517.5966,CNY,6,2025-12-16,"2026-07-16 13:58:28"
1507,1,126,1,455.7511,CNY,7,2026-01-16,"2026-07-16 13:58:28"
1508,1,126,1,512.0341,CNY,8,2026-02-16,"2026-07-16 13:58:28"
1509,1,126,1,508.371,CNY,9,2026-03-16,"2026-07-16 13:58:28"
1510,1,126,1,514.3388,CNY,10,2026-04-16,"2026-07-16 13:58:28"
1511,1,126,1,520.1166,CNY,11,2026-05-16,"2026-07-16 13:58:28"
1512,1,126,1,464.4588,CNY,12,2026-06-16,"2026-07-16 13:58:28"
1513,1,127,3,376.2275,CNY,1,2025-07-16,"2026-07-16 13:58:28"
1514,1,127,3,418.3058,CNY,2,2025-08-16,"2026-07-16 13:58:28"
1515,1,127,3,445.86,CNY,3,2025-09-16,"2026-07-16 13:58:28"
1516,1,127,3,440.3161,CNY,4,2025-10-16,"2026-07-16 13:58:28"
1517,1,127,3,425.8839,CNY,5,2025-11-16,"2026-07-16 13:58:28"
1518,1,127,3,448.5296,CNY,6,2025-12-16,"2026-07-16 13:58:28"
1519,1,127,3,405.4775,CNY,7,2026-01-16,"2026-07-16 13:58:28"
1520,1,127,3,384.0738,CNY,8,2026-02-16,"2026-07-16 13:58:28"
1521,1,127,3,384.2571,CNY,9,2026-03-16,"2026-07-16 13:58:28"
1522,1,127,3,435.716,CNY,10,2026-04-16,"2026-07-16 13:58:28"
1523,1,127,3,448.7887,CNY,11,2026-05-16,"2026-07-16 13:58:28"
1524,1,127,3,451.9439,CNY,12,2026-06-16,"2026-07-16 13:58:28"
1525,1,128,2,305.3838,CNY,1,2025-07-16,"2026-07-16 13:58:28"
1526,1,128,2,307.1978,CNY,2,2025-08-16,"2026-07-16 13:58:28"
1527,1,128,2,315.2113,CNY,3,2025-09-16,"2026-07-16 13:58:28"
1528,1,128,2,326.1862,CNY,4,2025-10-16,"2026-07-16 13:58:28"
1529,1,128,2,339.645,CNY,5,2025-11-16,"2026-07-16 13:58:28"
1530,1,128,2,319.1837,CNY,6,2025-12-16,"2026-07-16 13:58:28"
1531,1,128,2,317.8196,CNY,7,2026-01-16,"2026-07-16 13:58:28"
1532,1,128,2,282.3659,CNY,8,2026-02-16,"2026-07-16 13:58:28"
1533,1,128,2,286.0503,CNY,9,2026-03-16,"2026-07-16 13:58:28"
1534,1,128,2,305.5145,CNY,10,2026-04-16,"2026-07-16 13:58:28"
1535,1,128,2,322.5874,CNY,11,2026-05-16,"2026-07-16 13:58:28"
1536,1,128,2,311.0264,CNY,12,2026-06-16,"2026-07-16 13:58:28"
1537,1,129,18,149.9764,USD,1,2025-07-16,"2026-07-16 13:58:28"
1538,1,129,18,144.6978,USD,2,2025-08-16,"2026-07-16 13:58:28"
1539,1,129,18,137.8244,USD,3,2025-09-16,"2026-07-16 13:58:28"
1540,1,129,18,149.9675,USD,4,2025-10-16,"2026-07-16 13:58:28"
1541,1,129,18,131.451,USD,5,2025-11-16,"2026-07-16 13:58:28"
1542,1,129,18,126.0112,USD,6,2025-12-16,"2026-07-16 13:58:28"
1543,1,129,18,136.8144,USD,7,2026-01-16,"2026-07-16 13:58:28"
1544,1,129,18,143.0846,USD,8,2026-02-16,"2026-07-16 13:58:28"
1545,1,129,18,134.2102,USD,9,2026-03-16,"2026-07-16 13:58:28"
1546,1,129,18,128.268,USD,10,2026-04-16,"2026-07-16 13:58:28"
1547,1,129,18,126.8275,USD,11,2026-05-16,"2026-07-16 13:58:28"
1548,1,129,18,139.7569,USD,12,2026-06-16,"2026-07-16 13:58:28"
1549,1,130,5,381.5788,CNY,1,2025-07-16,"2026-07-16 13:58:28"
1550,1,130,5,378.515,CNY,2,2025-08-16,"2026-07-16 13:58:28"
1551,1,130,5,366.5987,CNY,3,2025-09-16,"2026-07-16 13:58:28"
1552,1,130,5,315.7346,CNY,4,2025-10-16,"2026-07-16 13:58:28"
1553,1,130,5,347.4532,CNY,5,2025-11-16,"2026-07-16 13:58:28"
1554,1,130,5,349.6405,CNY,6,2025-12-16,"2026-07-16 13:58:28"
1555,1,130,5,369.7559,CNY,7,2026-01-16,"2026-07-16 13:58:28"
1556,1,130,5,363.6407,CNY,8,2026-02-16,"2026-07-16 13:58:28"
1557,1,130,5,326.2949,CNY,9,2026-03-16,"2026-07-16 13:58:28"
1558,1,130,5,316.4408,CNY,10,2026-04-16,"2026-07-16 13:58:28"
1559,1,130,5,343.5387,CNY,11,2026-05-16,"2026-07-16 13:58:28"
1560,1,130,5,348.7383,CNY,12,2026-06-16,"2026-07-16 13:58:28"
1561,1,131,9,700.1691,USD,1,2025-07-16,"2026-07-16 13:58:28"
1562,1,131,9,675.3812,USD,2,2025-08-16,"2026-07-16 13:58:28"
1563,1,131,9,679.7673,USD,3,2025-09-16,"2026-07-16 13:58:28"
1564,1,131,9,674.6199,USD,4,2025-10-16,"2026-07-16 13:58:28"
1565,1,131,9,751.3588,USD,5,2025-11-16,"2026-07-16 13:58:28"
1566,1,131,9,658.7041,USD,6,2025-12-16,"2026-07-16 13:58:28"
1567,1,131,9,699.8594,USD,7,2026-01-16,"2026-07-16 13:58:28"
1568,1,131,9,693.2298,USD,8,2026-02-16,"2026-07-16 13:58:28"
1569,1,131,9,755.3641,USD,9,2026-03-16,"2026-07-16 13:58:28"
1570,1,131,9,739.7677,USD,10,2026-04-16,"2026-07-16 13:58:28"
1571,1,131,9,770.0994,USD,11,2026-05-16,"2026-07-16 13:58:28"
1572,1,131,9,741.6366,USD,12,2026-06-16,"2026-07-16 13:58:28"
1573,1,132,11,135.6088,USD,1,2025-07-16,"2026-07-16 13:58:28"
1574,1,132,11,141.6587,USD,2,2025-08-16,"2026-07-16 13:58:28"
1575,1,132,11,159.557,USD,3,2025-09-16,"2026-07-16 13:58:28"
1576,1,132,11,153.0544,USD,4,2025-10-16,"2026-07-16 13:58:28"
1577,1,132,11,147.6251,USD,5,2025-11-16,"2026-07-16 13:58:28"
1578,1,132,11,157.1617,USD,6,2025-12-16,"2026-07-16 13:58:28"
1579,1,132,11,156.736,USD,7,2026-01-16,"2026-07-16 13:58:28"
1580,1,132,11,138.3101,USD,8,2026-02-16,"2026-07-16 13:58:28"
1581,1,132,11,145.9998,USD,9,2026-03-16,"2026-07-16 13:58:28"
1582,1,132,11,146.2073,USD,10,2026-04-16,"2026-07-16 13:58:28"
1583,1,132,11,139.9627,USD,11,2026-05-16,"2026-07-16 13:58:28"
1584,1,132,11,136.8171,USD,12,2026-06-16,"2026-07-16 13:58:28"
1585,1,133,19,324.1876,USD,1,2025-07-16,"2026-07-16 13:58:28"
1586,1,133,19,331.934,USD,2,2025-08-16,"2026-07-16 13:58:28"
1587,1,133,19,306.9312,USD,3,2025-09-16,"2026-07-16 13:58:28"
1588,1,133,19,314.8013,USD,4,2025-10-16,"2026-07-16 13:58:28"
1589,1,133,19,335.5258,USD,5,2025-11-16,"2026-07-16 13:58:28"
1590,1,133,19,343.2561,USD,6,2025-12-16,"2026-07-16 13:58:28"
1591,1,133,19,307.6465,USD,7,2026-01-16,"2026-07-16 13:58:28"
1592,1,133,19,295.7181,USD,8,2026-02-16,"2026-07-16 13:58:28"
1593,1,133,19,314.6451,USD,9,2026-03-16,"2026-07-16 13:58:28"
1594,1,133,19,309.9143,USD,10,2026-04-16,"2026-07-16 13:58:28"
1595,1,133,19,322.9137,USD,11,2026-05-16,"2026-07-16 13:58:28"
1596,1,133,19,323.0739,USD,12,2026-06-16,"2026-07-16 13:58:28"
1597,1,134,7,934.2087,CNY,1,2025-07-16,"2026-07-16 13:58:28"
1598,1,134,7,905.509,CNY,2,2025-08-16,"2026-07-16 13:58:28"
1599,1,134,7,821.0883,CNY,3,2025-09-16,"2026-07-16 13:58:28"
1600,1,134,7,855.416,CNY,4,2025-10-16,"2026-07-16 13:58:28"
1601,1,134,7,795.367,CNY,5,2025-11-16,"2026-07-16 13:58:28"
1602,1,134,7,828.3302,CNY,6,2025-12-16,"2026-07-16 13:58:28"
1603,1,134,7,912.3928,CNY,7,2026-01-16,"2026-07-16 13:58:28"
1604,1,134,7,822.645,CNY,8,2026-02-16,"2026-07-16 13:58:28"
1605,1,134,7,963.5654,CNY,9,2026-03-16,"2026-07-16 13:58:28"
1606,1,134,7,829.1703,CNY,10,2026-04-16,"2026-07-16 13:58:28"
1607,1,134,7,912.0948,CNY,11,2026-05-16,"2026-07-16 13:58:28"
1608,1,134,7,813.6845,CNY,12,2026-06-16,"2026-07-16 13:58:28"
1609,1,135,18,753.7018,CNY,1,2025-07-16,"2026-07-16 13:58:28"
1610,1,135,18,754.2332,CNY,2,2025-08-16,"2026-07-16 13:58:28"
1611,1,135,18,815.1524,CNY,3,2025-09-16,"2026-07-16 13:58:28"
1612,1,135,18,897.829,CNY,4,2025-10-16,"2026-07-16 13:58:28"
1613,1,135,18,759.7351,CNY,5,2025-11-16,"2026-07-16 13:58:28"
1614,1,135,18,774.7947,CNY,6,2025-12-16,"2026-07-16 13:58:28"
1615,1,135,18,806.635,CNY,7,2026-01-16,"2026-07-16 13:58:28"
1616,1,135,18,860.9099,CNY,8,2026-02-16,"2026-07-16 13:58:28"
1617,1,135,18,872.0332,CNY,9,2026-03-16,"2026-07-16 13:58:28"
1618,1,135,18,896.295,CNY,10,2026-04-16,"2026-07-16 13:58:28"
1619,1,135,18,856.5544,CNY,11,2026-05-16,"2026-07-16 13:58:28"
1620,1,135,18,755.6248,CNY,12,2026-06-16,"2026-07-16 13:58:28"
1621,1,136,5,324.1011,USD,1,2025-07-16,"2026-07-16 13:58:28"
1622,1,136,5,365.3106,USD,2,2025-08-16,"2026-07-16 13:58:28"
1623,1,136,5,365.8162,USD,3,2025-09-16,"2026-07-16 13:58:28"
1624,1,136,5,366.7507,USD,4,2025-10-16,"2026-07-16 13:58:28"
1625,1,136,5,351.1673,USD,5,2025-11-16,"2026-07-16 13:58:28"
1626,1,136,5,348.0648,USD,6,2025-12-16,"2026-07-16 13:58:28"
1627,1,136,5,374.1825,USD,7,2026-01-16,"2026-07-16 13:58:28"
1628,1,136,5,380.4474,USD,8,2026-02-16,"2026-07-16 13:58:28"
1629,1,136,5,375.3299,USD,9,2026-03-16,"2026-07-16 13:58:28"
1630,1,136,5,357.7887,USD,10,2026-04-16,"2026-07-16 13:58:28"
1631,1,136,5,375.0512,USD,11,2026-05-16,"2026-07-16 13:58:28"
1632,1,136,5,349.5058,USD,12,2026-06-16,"2026-07-16 13:58:28"
1633,1,137,5,326.355,CNY,1,2025-07-16,"2026-07-16 13:58:28"
1634,1,137,5,305.6411,CNY,2,2025-08-16,"2026-07-16 13:58:28"
1635,1,137,5,296.687,CNY,3,2025-09-16,"2026-07-16 13:58:28"
1636,1,137,5,330.8748,CNY,4,2025-10-16,"2026-07-16 13:58:28"
1637,1,137,5,298.0378,CNY,5,2025-11-16,"2026-07-16 13:58:28"
1638,1,137,5,310.5068,CNY,6,2025-12-16,"2026-07-16 13:58:28"
1639,1,137,5,287.7611,CNY,7,2026-01-16,"2026-07-16 13:58:28"
1640,1,137,5,281.0719,CNY,8,2026-02-16,"2026-07-16 13:58:28"
1641,1,137,5,294.4349,CNY,9,2026-03-16,"2026-07-16 13:58:28"
1642,1,137,5,303.8393,CNY,10,2026-04-16,"2026-07-16 13:58:28"
1643,1,137,5,306.2162,CNY,11,2026-05-16,"2026-07-16 13:58:28"
1644,1,137,5,337.7489,CNY,12,2026-06-16,"2026-07-16 13:58:28"
1645,1,138,9,337.2924,CNY,1,2025-07-16,"2026-07-16 13:58:28"
1646,1,138,9,350.3408,CNY,2,2025-08-16,"2026-07-16 13:58:28"
1647,1,138,9,396.2533,CNY,3,2025-09-16,"2026-07-16 13:58:28"
1648,1,138,9,337.1466,CNY,4,2025-10-16,"2026-07-16 13:58:28"
1649,1,138,9,331.3198,CNY,5,2025-11-16,"2026-07-16 13:58:28"
1650,1,138,9,395.2394,CNY,6,2025-12-16,"2026-07-16 13:58:28"
1651,1,138,9,353.9818,CNY,7,2026-01-16,"2026-07-16 13:58:28"
1652,1,138,9,336.6186,CNY,8,2026-02-16,"2026-07-16 13:58:28"
1653,1,138,9,349.7916,CNY,9,2026-03-16,"2026-07-16 13:58:28"
1654,1,138,9,334.5993,CNY,10,2026-04-16,"2026-07-16 13:58:28"
1655,1,138,9,340.3384,CNY,11,2026-05-16,"2026-07-16 13:58:28"
1656,1,138,9,334.0188,CNY,12,2026-06-16,"2026-07-16 13:58:28"
1657,1,139,6,509.0026,CNY,1,2025-07-16,"2026-07-16 13:58:28"
1658,1,139,6,448.6246,CNY,2,2025-08-16,"2026-07-16 13:58:28"
1659,1,139,6,492.0102,CNY,3,2025-09-16,"2026-07-16 13:58:28"
1660,1,139,6,513.1076,CNY,4,2025-10-16,"2026-07-16 13:58:28"
1661,1,139,6,460.4099,CNY,5,2025-11-16,"2026-07-16 13:58:28"
1662,1,139,6,469.5783,CNY,6,2025-12-16,"2026-07-16 13:58:28"
1663,1,139,6,522.1202,CNY,7,2026-01-16,"2026-07-16 13:58:28"
1664,1,139,6,497.3102,CNY,8,2026-02-16,"2026-07-16 13:58:28"
1665,1,139,6,535.423,CNY,9,2026-03-16,"2026-07-16 13:58:28"
1666,1,139,6,477.6797,CNY,10,2026-04-16,"2026-07-16 13:58:28"
1667,1,139,6,446.2885,CNY,11,2026-05-16,"2026-07-16 13:58:28"
1668,1,139,6,515.354,CNY,12,2026-06-16,"2026-07-16 13:58:28"
1669,1,140,8,484.4941,CNY,1,2025-07-16,"2026-07-16 13:58:28"
1670,1,140,8,477.1947,CNY,2,2025-08-16,"2026-07-16 13:58:28"
1671,1,140,8,481.1784,CNY,3,2025-09-16,"2026-07-16 13:58:28"
1672,1,140,8,483.8095,CNY,4,2025-10-16,"2026-07-16 13:58:28"
1673,1,140,8,478.9118,CNY,5,2025-11-16,"2026-07-16 13:58:28"
1674,1,140,8,485.4996,CNY,6,2025-12-16,"2026-07-16 13:58:28"
1675,1,140,8,485.5959,CNY,7,2026-01-16,"2026-07-16 13:58:28"
1676,1,140,8,449.0956,CNY,8,2026-02-16,"2026-07-16 13:58:28"
1677,1,140,8,446.1019,CNY,9,2026-03-16,"2026-07-16 13:58:28"
1678,1,140,8,443.6356,CNY,10,2026-04-16,"2026-07-16 13:58:28"
1679,1,140,8,467.4416,CNY,11,2026-05-16,"2026-07-16 13:58:28"
1680,1,140,8,458.3705,CNY,12,2026-06-16,"2026-07-16 13:58:28"
1681,1,141,15,865.2834,CNY,1,2025-07-16,"2026-07-16 13:58:28"
1682,1,141,15,898.9655,CNY,2,2025-08-16,"2026-07-16 13:58:28"
1683,1,141,15,923.5062,CNY,3,2025-09-16,"2026-07-16 13:58:28"
1684,1,141,15,800.0766,CNY,4,2025-10-16,"2026-07-16 13:58:28"
1685,1,141,15,922.214,CNY,5,2025-11-16,"2026-07-16 13:58:28"
1686,1,141,15,860.6492,CNY,6,2025-12-16,"2026-07-16 13:58:28"
1687,1,141,15,872.6062,CNY,7,2026-01-16,"2026-07-16 13:58:28"
1688,1,141,15,914.5797,CNY,8,2026-02-16,"2026-07-16 13:58:28"
1689,1,141,15,841.0738,CNY,9,2026-03-16,"2026-07-16 13:58:28"
1690,1,141,15,806.8435,CNY,10,2026-04-16,"2026-07-16 13:58:28"
1691,1,141,15,853.711,CNY,11,2026-05-16,"2026-07-16 13:58:28"
1692,1,141,15,929.7246,CNY,12,2026-06-16,"2026-07-16 13:58:28"
1693,1,142,16,24.8765,CNY,1,2025-07-16,"2026-07-16 13:58:28"
1694,1,142,16,28.2611,CNY,2,2025-08-16,"2026-07-16 13:58:28"
1695,1,142,16,27.7287,CNY,3,2025-09-16,"2026-07-16 13:58:28"
1696,1,142,16,24.7891,CNY,4,2025-10-16,"2026-07-16 13:58:28"
1697,1,142,16,26.6049,CNY,5,2025-11-16,"2026-07-16 13:58:28"
1698,1,142,16,27.4253,CNY,6,2025-12-16,"2026-07-16 13:58:28"
1699,1,142,16,26.7459,CNY,7,2026-01-16,"2026-07-16 13:58:28"
1700,1,142,16,28.9389,CNY,8,2026-02-16,"2026-07-16 13:58:28"
1701,1,142,16,27.9047,CNY,9,2026-03-16,"2026-07-16 13:58:28"
1702,1,142,16,27.0934,CNY,10,2026-04-16,"2026-07-16 13:58:28"
1703,1,142,16,24.228,CNY,11,2026-05-16,"2026-07-16 13:58:28"
1704,1,142,16,28.2925,CNY,12,2026-06-16,"2026-07-16 13:58:28"
1705,1,143,12,331.7413,CNY,1,2025-07-16,"2026-07-16 13:58:28"
1706,1,143,12,323.1557,CNY,2,2025-08-16,"2026-07-16 13:58:28"
1707,1,143,12,322.4666,CNY,3,2025-09-16,"2026-07-16 13:58:28"
1708,1,143,12,322.1354,CNY,4,2025-10-16,"2026-07-16 13:58:28"
1709,1,143,12,329.8035,CNY,5,2025-11-16,"2026-07-16 13:58:28"
1710,1,143,12,298.9034,CNY,6,2025-12-16,"2026-07-16 13:58:28"
1711,1,143,12,332.9542,CNY,7,2026-01-16,"2026-07-16 13:58:28"
1712,1,143,12,302.1516,CNY,8,2026-02-16,"2026-07-16 13:58:28"
1713,1,143,12,312.4123,CNY,9,2026-03-16,"2026-07-16 13:58:28"
1714,1,143,12,317.6709,CNY,10,2026-04-16,"2026-07-16 13:58:28"
1715,1,143,12,280.0443,CNY,11,2026-05-16,"2026-07-16 13:58:28"
1716,1,143,12,321.6237,CNY,12,2026-06-16,"2026-07-16 13:58:28"
1717,1,144,10,260.4725,CNY,1,2025-07-16,"2026-07-16 13:58:28"
1718,1,144,10,248.4991,CNY,2,2025-08-16,"2026-07-16 13:58:28"
1719,1,144,10,240.9078,CNY,3,2025-09-16,"2026-07-16 13:58:28"
1720,1,144,10,227.6672,CNY,4,2025-10-16,"2026-07-16 13:58:28"
1721,1,144,10,266.7437,CNY,5,2025-11-16,"2026-07-16 13:58:28"
1722,1,144,10,247.5142,CNY,6,2025-12-16,"2026-07-16 13:58:28"
1723,1,144,10,247.8035,CNY,7,2026-01-16,"2026-07-16 13:58:28"
1724,1,144,10,259.1433,CNY,8,2026-02-16,"2026-07-16 13:58:28"
1725,1,144,10,230.4659,CNY,9,2026-03-16,"2026-07-16 13:58:28"
1726,1,144,10,242.0961,CNY,10,2026-04-16,"2026-07-16 13:58:28"
1727,1,144,10,262.5426,CNY,11,2026-05-16,"2026-07-16 13:58:28"
1728,1,144,10,251.5432,CNY,12,2026-06-16,"2026-07-16 13:58:28"
1729,1,145,9,876.1982,CNY,1,2025-07-16,"2026-07-16 13:58:28"
1730,1,145,9,805.8513,CNY,2,2025-08-16,"2026-07-16 13:58:28"
1731,1,145,9,805.5472,CNY,3,2025-09-16,"2026-07-16 13:58:28"
1732,1,145,9,869.4494,CNY,4,2025-10-16,"2026-07-16 13:58:28"
1733,1,145,9,802.8648,CNY,5,2025-11-16,"2026-07-16 13:58:28"
1734,1,145,9,873.8701,CNY,6,2025-12-16,"2026-07-16 13:58:28"
1735,1,145,9,950.9957,CNY,7,2026-01-16,"2026-07-16 13:58:28"
1736,1,145,9,820.3279,CNY,8,2026-02-16,"2026-07-16 13:58:28"
1737,1,145,9,932.9919,CNY,9,2026-03-16,"2026-07-16 13:58:28"
1738,1,145,9,889.0381,CNY,10,2026-04-16,"2026-07-16 13:58:28"
1739,1,145,9,822.2907,CNY,11,2026-05-16,"2026-07-16 13:58:28"
1740,1,145,9,848.1615,CNY,12,2026-06-16,"2026-07-16 13:58:28"
1741,1,146,10,104.2842,CNY,1,2025-07-16,"2026-07-16 13:58:28"
1742,1,146,10,92.9177,CNY,2,2025-08-16,"2026-07-16 13:58:28"
1743,1,146,10,96.6608,CNY,3,2025-09-16,"2026-07-16 13:58:28"
1744,1,146,10,99.0094,CNY,4,2025-10-16,"2026-07-16 13:58:28"
1745,1,146,10,103.0497,CNY,5,2025-11-16,"2026-07-16 13:58:28"
1746,1,146,10,97.2721,CNY,6,2025-12-16,"2026-07-16 13:58:28"
1747,1,146,10,95.797,CNY,7,2026-01-16,"2026-07-16 13:58:28"
1748,1,146,10,90.7845,CNY,8,2026-02-16,"2026-07-16 13:58:28"
1749,1,146,10,99.3813,CNY,9,2026-03-16,"2026-07-16 13:58:28"
1750,1,146,10,91.793,CNY,10,2026-04-16,"2026-07-16 13:58:28"
1751,1,146,10,95.316,CNY,11,2026-05-16,"2026-07-16 13:58:28"
1752,1,146,10,88.1055,CNY,12,2026-06-16,"2026-07-16 13:58:28"
1753,1,147,8,606.5894,CNY,1,2025-07-16,"2026-07-16 13:58:28"
1754,1,147,8,518.1691,CNY,2,2025-08-16,"2026-07-16 13:58:28"
1755,1,147,8,522.589,CNY,3,2025-09-16,"2026-07-16 13:58:28"
1756,1,147,8,515.0601,CNY,4,2025-10-16,"2026-07-16 13:58:28"
1757,1,147,8,538.5087,CNY,5,2025-11-16,"2026-07-16 13:58:28"
1758,1,147,8,628.042,CNY,6,2025-12-16,"2026-07-16 13:58:28"
1759,1,147,8,592.299,CNY,7,2026-01-16,"2026-07-16 13:58:28"
1760,1,147,8,602.8099,CNY,8,2026-02-16,"2026-07-16 13:58:28"
1761,1,147,8,557.5072,CNY,9,2026-03-16,"2026-07-16 13:58:28"
1762,1,147,8,589.0066,CNY,10,2026-04-16,"2026-07-16 13:58:28"
1763,1,147,8,611.3249,CNY,11,2026-05-16,"2026-07-16 13:58:28"
1764,1,147,8,554.8411,CNY,12,2026-06-16,"2026-07-16 13:58:28"
1765,1,148,11,474.2246,CNY,1,2025-07-16,"2026-07-16 13:58:28"
1766,1,148,11,502.2117,CNY,2,2025-08-16,"2026-07-16 13:58:28"
1767,1,148,11,489.4227,CNY,3,2025-09-16,"2026-07-16 13:58:28"
1768,1,148,11,535.2829,CNY,4,2025-10-16,"2026-07-16 13:58:28"
1769,1,148,11,511.6561,CNY,5,2025-11-16,"2026-07-16 13:58:28"
1770,1,148,11,512.014,CNY,6,2025-12-16,"2026-07-16 13:58:28"
1771,1,148,11,469.6687,CNY,7,2026-01-16,"2026-07-16 13:58:28"
1772,1,148,11,491.3409,CNY,8,2026-02-16,"2026-07-16 13:58:28"
1773,1,148,11,516.1724,CNY,9,2026-03-16,"2026-07-16 13:58:28"
1774,1,148,11,468.8401,CNY,10,2026-04-16,"2026-07-16 13:58:28"
1775,1,148,11,464.5569,CNY,11,2026-05-16,"2026-07-16 13:58:28"
1776,1,148,11,551.3409,CNY,12,2026-06-16,"2026-07-16 13:58:28"
1777,1,149,5,445.8519,CNY,1,2025-07-16,"2026-07-16 13:58:28"
1778,1,149,5,434.1642,CNY,2,2025-08-16,"2026-07-16 13:58:28"
1779,1,149,5,478.4189,CNY,3,2025-09-16,"2026-07-16 13:58:28"
1780,1,149,5,472.6994,CNY,4,2025-10-16,"2026-07-16 13:58:28"
1781,1,149,5,475.6936,CNY,5,2025-11-16,"2026-07-16 13:58:28"
1782,1,149,5,420.9341,CNY,6,2025-12-16,"2026-07-16 13:58:28"
1783,1,149,5,430.7964,CNY,7,2026-01-16,"2026-07-16 13:58:28"
1784,1,149,5,412.4608,CNY,8,2026-02-16,"2026-07-16 13:58:28"
1785,1,149,5,426.1027,CNY,9,2026-03-16,"2026-07-16 13:58:28"
1786,1,149,5,442.3502,CNY,10,2026-04-16,"2026-07-16 13:58:28"
1787,1,149,5,422.7962,CNY,11,2026-05-16,"2026-07-16 13:58:28"
1788,1,149,5,451.6257,CNY,12,2026-06-16,"2026-07-16 13:58:28"
1789,1,150,20,107.2444,USD,1,2025-07-16,"2026-07-16 13:58:28"
1790,1,150,20,123.8844,USD,2,2025-08-16,"2026-07-16 13:58:28"
1791,1,150,20,118.3399,USD,3,2025-09-16,"2026-07-16 13:58:28"
1792,1,150,20,124.4331,USD,4,2025-10-16,"2026-07-16 13:58:28"
1793,1,150,20,104.8731,USD,5,2025-11-16,"2026-07-16 13:58:28"
1794,1,150,20,125.6767,USD,6,2025-12-16,"2026-07-16 13:58:28"
1795,1,150,20,120.019,USD,7,2026-01-16,"2026-07-16 13:58:28"
1796,1,150,20,122.7881,USD,8,2026-02-16,"2026-07-16 13:58:28"
1797,1,150,20,122.5717,USD,9,2026-03-16,"2026-07-16 13:58:28"
1798,1,150,20,115.8347,USD,10,2026-04-16,"2026-07-16 13:58:28"
1799,1,150,20,118.8612,USD,11,2026-05-16,"2026-07-16 13:58:28"
1800,1,150,20,119.1581,USD,12,2026-06-16,"2026-07-16 13:58:28"
1801,1,151,18,406.5562,CNY,1,2025-07-16,"2026-07-16 13:58:28"
1802,1,151,18,418.4292,CNY,2,2025-08-16,"2026-07-16 13:58:28"
1803,1,151,18,448.1455,CNY,3,2025-09-16,"2026-07-16 13:58:28"
1804,1,151,18,463.0996,CNY,4,2025-10-16,"2026-07-16 13:58:28"
1805,1,151,18,418.1355,CNY,5,2025-11-16,"2026-07-16 13:58:28"
1806,1,151,18,447.1399,CNY,6,2025-12-16,"2026-07-16 13:58:28"
1807,1,151,18,448.3279,CNY,7,2026-01-16,"2026-07-16 13:58:28"
1808,1,151,18,471.7456,CNY,8,2026-02-16,"2026-07-16 13:58:28"
1809,1,151,18,467.22,CNY,9,2026-03-16,"2026-07-16 13:58:28"
1810,1,151,18,448.3356,CNY,10,2026-04-16,"2026-07-16 13:58:28"
1811,1,151,18,479.5597,CNY,11,2026-05-16,"2026-07-16 13:58:28"
1812,1,151,18,433.191,CNY,12,2026-06-16,"2026-07-16 13:58:28"
1813,1,152,8,74.8608,CNY,1,2025-07-16,"2026-07-16 13:58:28"
1814,1,152,8,74.7449,CNY,2,2025-08-16,"2026-07-16 13:58:28"
1815,1,152,8,80.8374,CNY,3,2025-09-16,"2026-07-16 13:58:28"
1816,1,152,8,84.6678,CNY,4,2025-10-16,"2026-07-16 13:58:28"
1817,1,152,8,90.2643,CNY,5,2025-11-16,"2026-07-16 13:58:28"
1818,1,152,8,77.5594,CNY,6,2025-12-16,"2026-07-16 13:58:28"
1819,1,152,8,79.1632,CNY,7,2026-01-16,"2026-07-16 13:58:28"
1820,1,152,8,83.9461,CNY,8,2026-02-16,"2026-07-16 13:58:28"
1821,1,152,8,77.4966,CNY,9,2026-03-16,"2026-07-16 13:58:28"
1822,1,152,8,86.2725,CNY,10,2026-04-16,"2026-07-16 13:58:28"
1823,1,152,8,86.7083,CNY,11,2026-05-16,"2026-07-16 13:58:28"
1824,1,152,8,82.5557,CNY,12,2026-06-16,"2026-07-16 13:58:28"
1825,1,153,5,896.525,CNY,1,2025-07-16,"2026-07-16 13:58:28"
1826,1,153,5,953.2146,CNY,2,2025-08-16,"2026-07-16 13:58:28"
1827,1,153,5,844.6754,CNY,3,2025-09-16,"2026-07-16 13:58:28"
1828,1,153,5,827.5351,CNY,4,2025-10-16,"2026-07-16 13:58:28"
1829,1,153,5,872.9365,CNY,5,2025-11-16,"2026-07-16 13:58:28"
1830,1,153,5,809.9695,CNY,6,2025-12-16,"2026-07-16 13:58:28"
1831,1,153,5,807.7398,CNY,7,2026-01-16,"2026-07-16 13:58:28"
1832,1,153,5,883.47,CNY,8,2026-02-16,"2026-07-16 13:58:28"
1833,1,153,5,946.3106,CNY,9,2026-03-16,"2026-07-16 13:58:28"
1834,1,153,5,890.3388,CNY,10,2026-04-16,"2026-07-16 13:58:28"
1835,1,153,5,923.0623,CNY,11,2026-05-16,"2026-07-16 13:58:28"
1836,1,153,5,826.5232,CNY,12,2026-06-16,"2026-07-16 13:58:28"
1837,1,154,8,851.9599,CNY,1,2025-07-16,"2026-07-16 13:58:28"
1838,1,154,8,857.1978,CNY,2,2025-08-16,"2026-07-16 13:58:28"
1839,1,154,8,832.1276,CNY,3,2025-09-16,"2026-07-16 13:58:28"
1840,1,154,8,833.0912,CNY,4,2025-10-16,"2026-07-16 13:58:28"
1841,1,154,8,837.0732,CNY,5,2025-11-16,"2026-07-16 13:58:28"
1842,1,154,8,860.1939,CNY,6,2025-12-16,"2026-07-16 13:58:28"
1843,1,154,8,801.089,CNY,7,2026-01-16,"2026-07-16 13:58:28"
1844,1,154,8,894.8022,CNY,8,2026-02-16,"2026-07-16 13:58:28"
1845,1,154,8,905.2557,CNY,9,2026-03-16,"2026-07-16 13:58:28"
1846,1,154,8,907.646,CNY,10,2026-04-16,"2026-07-16 13:58:28"
1847,1,154,8,879.5107,CNY,11,2026-05-16,"2026-07-16 13:58:28"
1848,1,154,8,853.5982,CNY,12,2026-06-16,"2026-07-16 13:58:28"
1849,1,155,20,292.8341,CNY,1,2025-07-16,"2026-07-16 13:58:28"
1850,1,155,20,325.8788,CNY,2,2025-08-16,"2026-07-16 13:58:28"
1851,1,155,20,328.0032,CNY,3,2025-09-16,"2026-07-16 13:58:28"
1852,1,155,20,331.0885,CNY,4,2025-10-16,"2026-07-16 13:58:28"
1853,1,155,20,292.9989,CNY,5,2025-11-16,"2026-07-16 13:58:28"
1854,1,155,20,295.2206,CNY,6,2025-12-16,"2026-07-16 13:58:28"
1855,1,155,20,300.69,CNY,7,2026-01-16,"2026-07-16 13:58:28"
1856,1,155,20,353.5289,CNY,8,2026-02-16,"2026-07-16 13:58:28"
1857,1,155,20,354.7048,CNY,9,2026-03-16,"2026-07-16 13:58:28"
1858,1,155,20,311.7672,CNY,10,2026-04-16,"2026-07-16 13:58:28"
1859,1,155,20,292.0605,CNY,11,2026-05-16,"2026-07-16 13:58:28"
1860,1,155,20,328.9672,CNY,12,2026-06-16,"2026-07-16 13:58:28"
1861,1,156,4,510.1364,CNY,1,2025-07-16,"2026-07-16 13:58:28"
1862,1,156,4,542.184,CNY,2,2025-08-16,"2026-07-16 13:58:28"
1863,1,156,4,521.1813,CNY,3,2025-09-16,"2026-07-16 13:58:28"
1864,1,156,4,611.7666,CNY,4,2025-10-16,"2026-07-16 13:58:28"
1865,1,156,4,511.8659,CNY,5,2025-11-16,"2026-07-16 13:58:28"
1866,1,156,4,511.2934,CNY,6,2025-12-16,"2026-07-16 13:58:28"
1867,1,156,4,611.5732,CNY,7,2026-01-16,"2026-07-16 13:58:28"
1868,1,156,4,555.4297,CNY,8,2026-02-16,"2026-07-16 13:58:28"
1869,1,156,4,578.3736,CNY,9,2026-03-16,"2026-07-16 13:58:28"
1870,1,156,4,551.9253,CNY,10,2026-04-16,"2026-07-16 13:58:28"
1871,1,156,4,522.1089,CNY,11,2026-05-16,"2026-07-16 13:58:28"
1872,1,156,4,606.0441,CNY,12,2026-06-16,"2026-07-16 13:58:28"
1873,1,157,4,247.8513,CNY,1,2025-07-16,"2026-07-16 13:58:28"
1874,1,157,4,261.2847,CNY,2,2025-08-16,"2026-07-16 13:58:28"
1875,1,157,4,250.3317,CNY,3,2025-09-16,"2026-07-16 13:58:28"
1876,1,157,4,244.2844,CNY,4,2025-10-16,"2026-07-16 13:58:28"
1877,1,157,4,249.9708,CNY,5,2025-11-16,"2026-07-16 13:58:28"
1878,1,157,4,233.2863,CNY,6,2025-12-16,"2026-07-16 13:58:28"
1879,1,157,4,255.0554,CNY,7,2026-01-16,"2026-07-16 13:58:28"
1880,1,157,4,242.9614,CNY,8,2026-02-16,"2026-07-16 13:58:28"
1881,1,157,4,246.3388,CNY,9,2026-03-16,"2026-07-16 13:58:28"
1882,1,157,4,234.3412,CNY,10,2026-04-16,"2026-07-16 13:58:28"
1883,1,157,4,251.6649,CNY,11,2026-05-16,"2026-07-16 13:58:28"
1884,1,157,4,262.5091,CNY,12,2026-06-16,"2026-07-16 13:58:28"
1885,1,158,4,427.2325,CNY,1,2025-07-16,"2026-07-16 13:58:28"
1886,1,158,4,485.8292,CNY,2,2025-08-16,"2026-07-16 13:58:28"
1887,1,158,4,487.6585,CNY,3,2025-09-16,"2026-07-16 13:58:28"
1888,1,158,4,478.9928,CNY,4,2025-10-16,"2026-07-16 13:58:28"
1889,1,158,4,501.7352,CNY,5,2025-11-16,"2026-07-16 13:58:28"
1890,1,158,4,459.101,CNY,6,2025-12-16,"2026-07-16 13:58:28"
1891,1,158,4,462.1712,CNY,7,2026-01-16,"2026-07-16 13:58:28"
1892,1,158,4,453.7516,CNY,8,2026-02-16,"2026-07-16 13:58:28"
1893,1,158,4,503.6547,CNY,9,2026-03-16,"2026-07-16 13:58:28"
1894,1,158,4,454.5756,CNY,10,2026-04-16,"2026-07-16 13:58:28"
1895,1,158,4,424.3351,CNY,11,2026-05-16,"2026-07-16 13:58:28"
1896,1,158,4,425.7457,CNY,12,2026-06-16,"2026-07-16 13:58:28"
1897,1,159,4,747.3157,USD,1,2025-07-16,"2026-07-16 13:58:28"
1898,1,159,4,868.7112,USD,2,2025-08-16,"2026-07-16 13:58:28"
1899,1,159,4,857.0023,USD,3,2025-09-16,"2026-07-16 13:58:28"
1900,1,159,4,791.845,USD,4,2025-10-16,"2026-07-16 13:58:28"
1901,1,159,4,877.5238,USD,5,2025-11-16,"2026-07-16 13:58:28"
1902,1,159,4,785.5496,USD,6,2025-12-16,"2026-07-16 13:58:28"
1903,1,159,4,751.1808,USD,7,2026-01-16,"2026-07-16 13:58:28"
1904,1,159,4,773.2855,USD,8,2026-02-16,"2026-07-16 13:58:28"
1905,1,159,4,842.8454,USD,9,2026-03-16,"2026-07-16 13:58:28"
1906,1,159,4,759.6499,USD,10,2026-04-16,"2026-07-16 13:58:28"
1907,1,159,4,814.7818,USD,11,2026-05-16,"2026-07-16 13:58:28"
1908,1,159,4,738.2834,USD,12,2026-06-16,"2026-07-16 13:58:28"
1909,1,160,18,733.8751,CNY,1,2025-07-16,"2026-07-16 13:58:28"
1910,1,160,18,744.1174,CNY,2,2025-08-16,"2026-07-16 13:58:28"
1911,1,160,18,718.1226,CNY,3,2025-09-16,"2026-07-16 13:58:28"
1912,1,160,18,699.7488,CNY,4,2025-10-16,"2026-07-16 13:58:28"
1913,1,160,18,728.8763,CNY,5,2025-11-16,"2026-07-16 13:58:28"
1914,1,160,18,744.5716,CNY,6,2025-12-16,"2026-07-16 13:58:28"
1915,1,160,18,704.7616,CNY,7,2026-01-16,"2026-07-16 13:58:28"
1916,1,160,18,768.3115,CNY,8,2026-02-16,"2026-07-16 13:58:28"
1917,1,160,18,715.5121,CNY,9,2026-03-16,"2026-07-16 13:58:28"
1918,1,160,18,697.3394,CNY,10,2026-04-16,"2026-07-16 13:58:28"
1919,1,160,18,812.6779,CNY,11,2026-05-16,"2026-07-16 13:58:28"
1920,1,160,18,716.3079,CNY,12,2026-06-16,"2026-07-16 13:58:28"
1921,1,161,19,453.4263,CNY,1,2025-07-16,"2026-07-16 13:58:28"
1922,1,161,19,513.5561,CNY,2,2025-08-16,"2026-07-16 13:58:28"
1923,1,161,19,461.2862,CNY,3,2025-09-16,"2026-07-16 13:58:28"
1924,1,161,19,500.0672,CNY,4,2025-10-16,"2026-07-16 13:58:28"
1925,1,161,19,548.2088,CNY,5,2025-11-16,"2026-07-16 13:58:28"
1926,1,161,19,507.225,CNY,6,2025-12-16,"2026-07-16 13:58:28"
1927,1,161,19,535.8168,CNY,7,2026-01-16,"2026-07-16 13:58:28"
1928,1,161,19,459.437,CNY,8,2026-02-16,"2026-07-16 13:58:28"
1929,1,161,19,473.3503,CNY,9,2026-03-16,"2026-07-16 13:58:28"
1930,1,161,19,463.2342,CNY,10,2026-04-16,"2026-07-16 13:58:28"
1931,1,161,19,541.1753,CNY,11,2026-05-16,"2026-07-16 13:58:28"
1932,1,161,19,490.3042,CNY,12,2026-06-16,"2026-07-16 13:58:28"
1933,1,162,9,880.8543,CNY,1,2025-07-16,"2026-07-16 13:58:28"
1934,1,162,9,933.2386,CNY,2,2025-08-16,"2026-07-16 13:58:28"
1935,1,162,9,907.8467,CNY,3,2025-09-16,"2026-07-16 13:58:28"
1936,1,162,9,866.4317,CNY,4,2025-10-16,"2026-07-16 13:58:28"
1937,1,162,9,992.5961,CNY,5,2025-11-16,"2026-07-16 13:58:28"
1938,1,162,9,921.2168,CNY,6,2025-12-16,"2026-07-16 13:58:28"
1939,1,162,9,955.6151,CNY,7,2026-01-16,"2026-07-16 13:58:28"
1940,1,162,9,946.5113,CNY,8,2026-02-16,"2026-07-16 13:58:28"
1941,1,162,9,962.9087,CNY,9,2026-03-16,"2026-07-16 13:58:28"
1942,1,162,9,885.2458,CNY,10,2026-04-16,"2026-07-16 13:58:28"
1943,1,162,9,984.88,CNY,11,2026-05-16,"2026-07-16 13:58:28"
1944,1,162,9,862.4047,CNY,12,2026-06-16,"2026-07-16 13:58:28"
1945,1,163,5,438.0716,USD,1,2025-07-16,"2026-07-16 13:58:28"
1946,1,163,5,489.5494,USD,2,2025-08-16,"2026-07-16 13:58:28"
1947,1,163,5,463.7512,USD,3,2025-09-16,"2026-07-16 13:58:28"
1948,1,163,5,463.2758,USD,4,2025-10-16,"2026-07-16 13:58:28"
1949,1,163,5,446.8631,USD,5,2025-11-16,"2026-07-16 13:58:28"
1950,1,163,5,517.6834,USD,6,2025-12-16,"2026-07-16 13:58:28"
1951,1,163,5,522.4346,USD,7,2026-01-16,"2026-07-16 13:58:28"
1952,1,163,5,460.7912,USD,8,2026-02-16,"2026-07-16 13:58:28"
1953,1,163,5,515.1274,USD,9,2026-03-16,"2026-07-16 13:58:28"
1954,1,163,5,435.8552,USD,10,2026-04-16,"2026-07-16 13:58:28"
1955,1,163,5,483.2389,USD,11,2026-05-16,"2026-07-16 13:58:28"
1956,1,163,5,467.2972,USD,12,2026-06-16,"2026-07-16 13:58:28"
1957,1,164,1,62.4903,CNY,1,2025-07-16,"2026-07-16 13:58:28"
1958,1,164,1,64.4715,CNY,2,2025-08-16,"2026-07-16 13:58:28"
1959,1,164,1,64.5077,CNY,3,2025-09-16,"2026-07-16 13:58:28"
1960,1,164,1,74.6863,CNY,4,2025-10-16,"2026-07-16 13:58:28"
1961,1,164,1,72.7854,CNY,5,2025-11-16,"2026-07-16 13:58:28"
1962,1,164,1,65.7323,CNY,6,2025-12-16,"2026-07-16 13:58:28"
1963,1,164,1,72.4927,CNY,7,2026-01-16,"2026-07-16 13:58:28"
1964,1,164,1,65.3488,CNY,8,2026-02-16,"2026-07-16 13:58:28"
1965,1,164,1,75.0912,CNY,9,2026-03-16,"2026-07-16 13:58:28"
1966,1,164,1,72.7439,CNY,10,2026-04-16,"2026-07-16 13:58:28"
1967,1,164,1,65.4564,CNY,11,2026-05-16,"2026-07-16 13:58:28"
1968,1,164,1,74.3722,CNY,12,2026-06-16,"2026-07-16 13:58:28"
1969,1,165,3,295.1567,CNY,1,2025-07-16,"2026-07-16 13:58:28"
1970,1,165,3,295.4962,CNY,2,2025-08-16,"2026-07-16 13:58:28"
1971,1,165,3,327.0246,CNY,3,2025-09-16,"2026-07-16 13:58:28"
1972,1,165,3,289.2431,CNY,4,2025-10-16,"2026-07-16 13:58:28"
1973,1,165,3,278.4835,CNY,5,2025-11-16,"2026-07-16 13:58:28"
1974,1,165,3,293.3196,CNY,6,2025-12-16,"2026-07-16 13:58:28"
1975,1,165,3,278.6705,CNY,7,2026-01-16,"2026-07-16 13:58:28"
1976,1,165,3,314.8675,CNY,8,2026-02-16,"2026-07-16 13:58:28"
1977,1,165,3,290.109,CNY,9,2026-03-16,"2026-07-16 13:58:28"
1978,1,165,3,300.0267,CNY,10,2026-04-16,"2026-07-16 13:58:28"
1979,1,165,3,298.0665,CNY,11,2026-05-16,"2026-07-16 13:58:28"
1980,1,165,3,293.8853,CNY,12,2026-06-16,"2026-07-16 13:58:28"
1981,1,166,5,526.0083,CNY,1,2025-07-16,"2026-07-16 13:58:28"
1982,1,166,5,582.4107,CNY,2,2025-08-16,"2026-07-16 13:58:28"
1983,1,166,5,579.2226,CNY,3,2025-09-16,"2026-07-16 13:58:28"
1984,1,166,5,542.8339,CNY,4,2025-10-16,"2026-07-16 13:58:28"
1985,1,166,5,538.1798,CNY,5,2025-11-16,"2026-07-16 13:58:28"
1986,1,166,5,583.3889,CNY,6,2025-12-16,"2026-07-16 13:58:28"
1987,1,166,5,507.5149,CNY,7,2026-01-16,"2026-07-16 13:58:28"
1988,1,166,5,567.7019,CNY,8,2026-02-16,"2026-07-16 13:58:28"
1989,1,166,5,551.6485,CNY,9,2026-03-16,"2026-07-16 13:58:28"
1990,1,166,5,582.5178,CNY,10,2026-04-16,"2026-07-16 13:58:28"
1991,1,166,5,535.4227,CNY,11,2026-05-16,"2026-07-16 13:58:28"
1992,1,166,5,542.1648,CNY,12,2026-06-16,"2026-07-16 13:58:28"
1993,1,167,11,352.3174,USD,1,2025-07-16,"2026-07-16 13:58:28"
1994,1,167,11,330.6006,USD,2,2025-08-16,"2026-07-16 13:58:28"
1995,1,167,11,301.0096,USD,3,2025-09-16,"2026-07-16 13:58:28"
1996,1,167,11,341.8128,USD,4,2025-10-16,"2026-07-16 13:58:28"
1997,1,167,11,335.9944,USD,5,2025-11-16,"2026-07-16 13:58:28"
1998,1,167,11,303.0428,USD,6,2025-12-16,"2026-07-16 13:58:28"
1999,1,167,11,323.4587,USD,7,2026-01-16,"2026-07-16 13:58:28"
2000,1,167,11,343.2096,USD,8,2026-02-16,"2026-07-16 13:58:28"
2001,1,167,11,353.1935,USD,9,2026-03-16,"2026-07-16 13:58:28"
2002,1,167,11,299.7257,USD,10,2026-04-16,"2026-07-16 13:58:28"
2003,1,167,11,290.3615,USD,11,2026-05-16,"2026-07-16 13:58:28"
2004,1,167,11,325.921,USD,12,2026-06-16,"2026-07-16 13:58:28"
2005,1,168,11,961.7647,CNY,1,2025-07-16,"2026-07-16 13:58:28"
2006,1,168,11,821.8586,CNY,2,2025-08-16,"2026-07-16 13:58:28"
2007,1,168,11,800.3871,CNY,3,2025-09-16,"2026-07-16 13:58:28"
2008,1,168,11,890.4279,CNY,4,2025-10-16,"2026-07-16 13:58:28"
2009,1,168,11,899.9215,CNY,5,2025-11-16,"2026-07-16 13:58:28"
2010,1,168,11,893.6881,CNY,6,2025-12-16,"2026-07-16 13:58:28"
2011,1,168,11,837.752,CNY,7,2026-01-16,"2026-07-16 13:58:28"
2012,1,168,11,962.2161,CNY,8,2026-02-16,"2026-07-16 13:58:28"
2013,1,168,11,937.1244,CNY,9,2026-03-16,"2026-07-16 13:58:28"
2014,1,168,11,855.1103,CNY,10,2026-04-16,"2026-07-16 13:58:28"
2015,1,168,11,844.3415,CNY,11,2026-05-16,"2026-07-16 13:58:28"
2016,1,168,11,926.5855,CNY,12,2026-06-16,"2026-07-16 13:58:28"
2017,1,169,12,453.9753,CNY,1,2025-07-16,"2026-07-16 13:58:28"
2018,1,169,12,432.5944,CNY,2,2025-08-16,"2026-07-16 13:58:28"
2019,1,169,12,385.1177,CNY,3,2025-09-16,"2026-07-16 13:58:28"
2020,1,169,12,404.3459,CNY,4,2025-10-16,"2026-07-16 13:58:28"
2021,1,169,12,410.6124,CNY,5,2025-11-16,"2026-07-16 13:58:28"
2022,1,169,12,435.8407,CNY,6,2025-12-16,"2026-07-16 13:58:28"
2023,1,169,12,385.3352,CNY,7,2026-01-16,"2026-07-16 13:58:28"
2024,1,169,12,440.0482,CNY,8,2026-02-16,"2026-07-16 13:58:28"
2025,1,169,12,414.3796,CNY,9,2026-03-16,"2026-07-16 13:58:28"
2026,1,169,12,390.3385,CNY,10,2026-04-16,"2026-07-16 13:58:28"
2027,1,169,12,428.2349,CNY,11,2026-05-16,"2026-07-16 13:58:28"
2028,1,169,12,444.4824,CNY,12,2026-06-16,"2026-07-16 13:58:28"
2029,1,170,4,580.0938,CNY,1,2025-07-16,"2026-07-16 13:58:28"
2030,1,170,4,569.5363,CNY,2,2025-08-16,"2026-07-16 13:58:28"
2031,1,170,4,563.7948,CNY,3,2025-09-16,"2026-07-16 13:58:28"
2032,1,170,4,684.2284,CNY,4,2025-10-16,"2026-07-16 13:58:28"
2033,1,170,4,649.5494,CNY,5,2025-11-16,"2026-07-16 13:58:28"
2034,1,170,4,571.9743,CNY,6,2025-12-16,"2026-07-16 13:58:28"
2035,1,170,4,594.7903,CNY,7,2026-01-16,"2026-07-16 13:58:28"
2036,1,170,4,657.7527,CNY,8,2026-02-16,"2026-07-16 13:58:28"
2037,1,170,4,671.8184,CNY,9,2026-03-16,"2026-07-16 13:58:28"
2038,1,170,4,596.5333,CNY,10,2026-04-16,"2026-07-16 13:58:28"
2039,1,170,4,647.293,CNY,11,2026-05-16,"2026-07-16 13:58:28"
2040,1,170,4,641.3987,CNY,12,2026-06-16,"2026-07-16 13:58:28"
2041,1,171,9,290.9022,CNY,1,2025-07-16,"2026-07-16 13:58:28"
2042,1,171,9,270.5518,CNY,2,2025-08-16,"2026-07-16 13:58:28"
2043,1,171,9,282.4482,CNY,3,2025-09-16,"2026-07-16 13:58:28"
2044,1,171,9,277.2195,CNY,4,2025-10-16,"2026-07-16 13:58:28"
2045,1,171,9,276.4922,CNY,5,2025-11-16,"2026-07-16 13:58:28"
2046,1,171,9,283.1836,CNY,6,2025-12-16,"2026-07-16 13:58:28"
2047,1,171,9,290.5628,CNY,7,2026-01-16,"2026-07-16 13:58:28"
2048,1,171,9,301.0215,CNY,8,2026-02-16,"2026-07-16 13:58:28"
2049,1,171,9,271.7763,CNY,9,2026-03-16,"2026-07-16 13:58:28"
2050,1,171,9,306.6446,CNY,10,2026-04-16,"2026-07-16 13:58:28"
2051,1,171,9,316.2597,CNY,11,2026-05-16,"2026-07-16 13:58:28"
2052,1,171,9,289.0555,CNY,12,2026-06-16,"2026-07-16 13:58:28"
2053,1,172,8,543.7333,USD,1,2025-07-16,"2026-07-16 13:58:28"
2054,1,172,8,529.5987,USD,2,2025-08-16,"2026-07-16 13:58:28"
2055,1,172,8,550.9476,USD,3,2025-09-16,"2026-07-16 13:58:28"
2056,1,172,8,525.2969,USD,4,2025-10-16,"2026-07-16 13:58:28"
2057,1,172,8,492.1145,USD,5,2025-11-16,"2026-07-16 13:58:28"
2058,1,172,8,494.5066,USD,6,2025-12-16,"2026-07-16 13:58:28"
2059,1,172,8,548.0391,USD,7,2026-01-16,"2026-07-16 13:58:28"
2060,1,172,8,516.474,USD,8,2026-02-16,"2026-07-16 13:58:28"
2061,1,172,8,556.2567,USD,9,2026-03-16,"2026-07-16 13:58:28"
2062,1,172,8,542.126,USD,10,2026-04-16,"2026-07-16 13:58:28"
2063,1,172,8,542.1909,USD,11,2026-05-16,"2026-07-16 13:58:28"
2064,1,172,8,566.9031,USD,12,2026-06-16,"2026-07-16 13:58:28"
2065,1,173,3,236.1594,CNY,1,2025-07-16,"2026-07-16 13:58:28"
2066,1,173,3,272.1758,CNY,2,2025-08-16,"2026-07-16 13:58:28"
2067,1,173,3,249.7108,CNY,3,2025-09-16,"2026-07-16 13:58:28"
2068,1,173,3,235.365,CNY,4,2025-10-16,"2026-07-16 13:58:28"
2069,1,173,3,270.5798,CNY,5,2025-11-16,"2026-07-16 13:58:28"
2070,1,173,3,260.425,CNY,6,2025-12-16,"2026-07-16 13:58:28"
2071,1,173,3,260.1888,CNY,7,2026-01-16,"2026-07-16 13:58:28"
2072,1,173,3,255.3437,CNY,8,2026-02-16,"2026-07-16 13:58:28"
2073,1,173,3,230.7074,CNY,9,2026-03-16,"2026-07-16 13:58:28"
2074,1,173,3,230.2382,CNY,10,2026-04-16,"2026-07-16 13:58:28"
2075,1,173,3,267.3235,CNY,11,2026-05-16,"2026-07-16 13:58:28"
2076,1,173,3,254.0047,CNY,12,2026-06-16,"2026-07-16 13:58:28"
2077,1,174,7,876.6529,USD,1,2025-07-16,"2026-07-16 13:58:28"
2078,1,174,7,875.8574,USD,2,2025-08-16,"2026-07-16 13:58:28"
2079,1,174,7,825.2307,USD,3,2025-09-16,"2026-07-16 13:58:28"
2080,1,174,7,912.2162,USD,4,2025-10-16,"2026-07-16 13:58:28"
2081,1,174,7,849.6913,USD,5,2025-11-16,"2026-07-16 13:58:28"
2082,1,174,7,772.5303,USD,6,2025-12-16,"2026-07-16 13:58:28"
2083,1,174,7,898.5255,USD,7,2026-01-16,"2026-07-16 13:58:28"
2084,1,174,7,886.9545,USD,8,2026-02-16,"2026-07-16 13:58:28"
2085,1,174,7,789.212,USD,9,2026-03-16,"2026-07-16 13:58:28"
2086,1,174,7,780.4817,USD,10,2026-04-16,"2026-07-16 13:58:28"
2087,1,174,7,865.4943,USD,11,2026-05-16,"2026-07-16 13:58:28"
2088,1,174,7,858.8244,USD,12,2026-06-16,"2026-07-16 13:58:28"
2089,1,175,10,366.7016,CNY,1,2025-07-16,"2026-07-16 13:58:28"
2090,1,175,10,352.2738,CNY,2,2025-08-16,"2026-07-16 13:58:28"
2091,1,175,10,378.271,CNY,3,2025-09-16,"2026-07-16 13:58:28"
2092,1,175,10,365.8755,CNY,4,2025-10-16,"2026-07-16 13:58:28"
2093,1,175,10,383.8815,CNY,5,2025-11-16,"2026-07-16 13:58:28"
2094,1,175,10,342.5391,CNY,6,2025-12-16,"2026-07-16 13:58:28"
2095,1,175,10,417.1614,CNY,7,2026-01-16,"2026-07-16 13:58:28"
2096,1,175,10,376.7351,CNY,8,2026-02-16,"2026-07-16 13:58:28"
2097,1,175,10,385.4112,CNY,9,2026-03-16,"2026-07-16 13:58:28"
2098,1,175,10,369.8712,CNY,10,2026-04-16,"2026-07-16 13:58:28"
2099,1,175,10,352.5979,CNY,11,2026-05-16,"2026-07-16 13:58:28"
2100,1,175,10,349.4694,CNY,12,2026-06-16,"2026-07-16 13:58:28"
2101,1,176,11,755.3109,CNY,1,2025-07-16,"2026-07-16 13:58:28"
2102,1,176,11,765.0001,CNY,2,2025-08-16,"2026-07-16 13:58:28"
2103,1,176,11,667.877,CNY,3,2025-09-16,"2026-07-16 13:58:28"
2104,1,176,11,785.5197,CNY,4,2025-10-16,"2026-07-16 13:58:28"
2105,1,176,11,646.229,CNY,5,2025-11-16,"2026-07-16 13:58:28"
2106,1,176,11,646.9928,CNY,6,2025-12-16,"2026-07-16 13:58:28"
2107,1,176,11,723.9364,CNY,7,2026-01-16,"2026-07-16 13:58:28"
2108,1,176,11,695.1041,CNY,8,2026-02-16,"2026-07-16 13:58:28"
2109,1,176,11,724.4901,CNY,9,2026-03-16,"2026-07-16 13:58:28"
2110,1,176,11,742.6503,CNY,10,2026-04-16,"2026-07-16 13:58:28"
2111,1,176,11,686.1043,CNY,11,2026-05-16,"2026-07-16 13:58:28"
2112,1,176,11,653.8614,CNY,12,2026-06-16,"2026-07-16 13:58:28"
2113,1,177,20,181.9282,CNY,1,2025-07-16,"2026-07-16 13:58:28"
2114,1,177,20,189.0928,CNY,2,2025-08-16,"2026-07-16 13:58:28"
2115,1,177,20,183.3343,CNY,3,2025-09-16,"2026-07-16 13:58:28"
2116,1,177,20,204.7168,CNY,4,2025-10-16,"2026-07-16 13:58:28"
2117,1,177,20,209.3878,CNY,5,2025-11-16,"2026-07-16 13:58:28"
2118,1,177,20,206.0191,CNY,6,2025-12-16,"2026-07-16 13:58:28"
2119,1,177,20,181.7022,CNY,7,2026-01-16,"2026-07-16 13:58:28"
2120,1,177,20,206.333,CNY,8,2026-02-16,"2026-07-16 13:58:28"
2121,1,177,20,211.9277,CNY,9,2026-03-16,"2026-07-16 13:58:28"
2122,1,177,20,216.1116,CNY,10,2026-04-16,"2026-07-16 13:58:28"
2123,1,177,20,210.348,CNY,11,2026-05-16,"2026-07-16 13:58:28"
2124,1,177,20,191.2601,CNY,12,2026-06-16,"2026-07-16 13:58:28"
2125,1,178,11,827.8815,CNY,1,2025-07-16,"2026-07-16 13:58:28"
2126,1,178,11,685.8918,CNY,2,2025-08-16,"2026-07-16 13:58:28"
2127,1,178,11,711.4115,CNY,3,2025-09-16,"2026-07-16 13:58:28"
2128,1,178,11,781.8055,CNY,4,2025-10-16,"2026-07-16 13:58:28"
2129,1,178,11,731.1361,CNY,5,2025-11-16,"2026-07-16 13:58:28"
2130,1,178,11,796.9846,CNY,6,2025-12-16,"2026-07-16 13:58:28"
2131,1,178,11,742.6362,CNY,7,2026-01-16,"2026-07-16 13:58:28"
2132,1,178,11,741.8643,CNY,8,2026-02-16,"2026-07-16 13:58:28"
2133,1,178,11,745.198,CNY,9,2026-03-16,"2026-07-16 13:58:28"
2134,1,178,11,742.4456,CNY,10,2026-04-16,"2026-07-16 13:58:28"
2135,1,178,11,793.263,CNY,11,2026-05-16,"2026-07-16 13:58:28"
2136,1,178,11,795.0701,CNY,12,2026-06-16,"2026-07-16 13:58:28"
2137,1,179,13,896.2941,CNY,1,2025-07-16,"2026-07-16 13:58:28"
2138,1,179,13,870.1617,CNY,2,2025-08-16,"2026-07-16 13:58:28"
2139,1,179,13,820.2887,CNY,3,2025-09-16,"2026-07-16 13:58:28"
2140,1,179,13,808.4285,CNY,4,2025-10-16,"2026-07-16 13:58:28"
2141,1,179,13,801.0231,CNY,5,2025-11-16,"2026-07-16 13:58:28"
2142,1,179,13,899.2798,CNY,6,2025-12-16,"2026-07-16 13:58:28"
2143,1,179,13,750.9937,CNY,7,2026-01-16,"2026-07-16 13:58:28"
2144,1,179,13,777.1199,CNY,8,2026-02-16,"2026-07-16 13:58:28"
2145,1,179,13,883.8203,CNY,9,2026-03-16,"2026-07-16 13:58:28"
2146,1,179,13,889.9672,CNY,10,2026-04-16,"2026-07-16 13:58:28"
2147,1,179,13,871.2954,CNY,11,2026-05-16,"2026-07-16 13:58:28"
2148,1,179,13,781.6945,CNY,12,2026-06-16,"2026-07-16 13:58:28"
2149,1,180,3,407.9296,CNY,1,2025-07-16,"2026-07-16 13:58:28"
2150,1,180,3,404.2652,CNY,2,2025-08-16,"2026-07-16 13:58:28"
2151,1,180,3,410.2946,CNY,3,2025-09-16,"2026-07-16 13:58:28"
2152,1,180,3,360.0585,CNY,4,2025-10-16,"2026-07-16 13:58:28"
2153,1,180,3,402.0191,CNY,5,2025-11-16,"2026-07-16 13:58:28"
2154,1,180,3,366.937,CNY,6,2025-12-16,"2026-07-16 13:58:28"
2155,1,180,3,413.6685,CNY,7,2026-01-16,"2026-07-16 13:58:28"
2156,1,180,3,388.415,CNY,8,2026-02-16,"2026-07-16 13:58:28"
2157,1,180,3,396.6339,CNY,9,2026-03-16,"2026-07-16 13:58:28"
2158,1,180,3,377.2946,CNY,10,2026-04-16,"2026-07-16 13:58:28"
2159,1,180,3,392.7934,CNY,11,2026-05-16,"2026-07-16 13:58:28"
2160,1,180,3,406.9002,CNY,12,2026-06-16,"2026-07-16 13:58:28"
2161,1,181,4,592.7939,USD,1,2025-07-16,"2026-07-16 13:58:28"
2162,1,181,4,510.712,USD,2,2025-08-16,"2026-07-16 13:58:28"
2163,1,181,4,610.732,USD,3,2025-09-16,"2026-07-16 13:58:28"
2164,1,181,4,555.9177,USD,4,2025-10-16,"2026-07-16 13:58:28"
2165,1,181,4,602.757,USD,5,2025-11-16,"2026-07-16 13:58:28"
2166,1,181,4,604.4718,USD,6,2025-12-16,"2026-07-16 13:58:28"
2167,1,181,4,585.4754,USD,7,2026-01-16,"2026-07-16 13:58:28"
2168,1,181,4,547.4398,USD,8,2026-02-16,"2026-07-16 13:58:28"
2169,1,181,4,521.3515,USD,9,2026-03-16,"2026-07-16 13:58:28"
2170,1,181,4,550.3369,USD,10,2026-04-16,"2026-07-16 13:58:28"
2171,1,181,4,603.8523,USD,11,2026-05-16,"2026-07-16 13:58:28"
2172,1,181,4,592.8162,USD,12,2026-06-16,"2026-07-16 13:58:28"
2173,1,182,16,337.6506,CNY,1,2025-07-16,"2026-07-16 13:58:28"
2174,1,182,16,301.3748,CNY,2,2025-08-16,"2026-07-16 13:58:28"
2175,1,182,16,319.8235,CNY,3,2025-09-16,"2026-07-16 13:58:28"
2176,1,182,16,310.0219,CNY,4,2025-10-16,"2026-07-16 13:58:28"
2177,1,182,16,343.6911,CNY,5,2025-11-16,"2026-07-16 13:58:28"
2178,1,182,16,302.4943,CNY,6,2025-12-16,"2026-07-16 13:58:28"
2179,1,182,16,364.9782,CNY,7,2026-01-16,"2026-07-16 13:58:28"
2180,1,182,16,350.7261,CNY,8,2026-02-16,"2026-07-16 13:58:28"
2181,1,182,16,361.8642,CNY,9,2026-03-16,"2026-07-16 13:58:28"
2182,1,182,16,367.6646,CNY,10,2026-04-16,"2026-07-16 13:58:28"
2183,1,182,16,305.884,CNY,11,2026-05-16,"2026-07-16 13:58:28"
2184,1,182,16,317.1779,CNY,12,2026-06-16,"2026-07-16 13:58:28"
2185,1,183,1,709.7688,CNY,1,2025-07-16,"2026-07-16 13:58:28"
2186,1,183,1,750.2042,CNY,2,2025-08-16,"2026-07-16 13:58:28"
2187,1,183,1,691.0186,CNY,3,2025-09-16,"2026-07-16 13:58:28"
2188,1,183,1,822.6468,CNY,4,2025-10-16,"2026-07-16 13:58:28"
2189,1,183,1,691.0457,CNY,5,2025-11-16,"2026-07-16 13:58:28"
2190,1,183,1,786.0315,CNY,6,2025-12-16,"2026-07-16 13:58:28"
2191,1,183,1,718.7418,CNY,7,2026-01-16,"2026-07-16 13:58:28"
2192,1,183,1,821.2472,CNY,8,2026-02-16,"2026-07-16 13:58:28"
2193,1,183,1,714.6328,CNY,9,2026-03-16,"2026-07-16 13:58:28"
2194,1,183,1,737.8718,CNY,10,2026-04-16,"2026-07-16 13:58:28"
2195,1,183,1,684.6999,CNY,11,2026-05-16,"2026-07-16 13:58:28"
2196,1,183,1,729.4666,CNY,12,2026-06-16,"2026-07-16 13:58:28"
2197,1,184,15,558.6192,CNY,1,2025-07-16,"2026-07-16 13:58:28"
2198,1,184,15,568.0095,CNY,2,2025-08-16,"2026-07-16 13:58:28"
2199,1,184,15,595.6907,CNY,3,2025-09-16,"2026-07-16 13:58:28"
2200,1,184,15,519.4495,CNY,4,2025-10-16,"2026-07-16 13:58:28"
2201,1,184,15,606.9863,CNY,5,2025-11-16,"2026-07-16 13:58:28"
2202,1,184,15,577.7704,CNY,6,2025-12-16,"2026-07-16 13:58:28"
2203,1,184,15,567.2007,CNY,7,2026-01-16,"2026-07-16 13:58:28"
2204,1,184,15,565.1143,CNY,8,2026-02-16,"2026-07-16 13:58:28"
2205,1,184,15,570.2409,CNY,9,2026-03-16,"2026-07-16 13:58:28"
2206,1,184,15,615.1004,CNY,10,2026-04-16,"2026-07-16 13:58:28"
2207,1,184,15,611.7626,CNY,11,2026-05-16,"2026-07-16 13:58:28"
2208,1,184,15,551.9726,CNY,12,2026-06-16,"2026-07-16 13:58:28"
2209,1,185,11,95.4629,USD,1,2025-07-16,"2026-07-16 13:58:28"
2210,1,185,11,99.8222,USD,2,2025-08-16,"2026-07-16 13:58:28"
2211,1,185,11,90.2593,USD,3,2025-09-16,"2026-07-16 13:58:28"
2212,1,185,11,90.456,USD,4,2025-10-16,"2026-07-16 13:58:28"
2213,1,185,11,87.675,USD,5,2025-11-16,"2026-07-16 13:58:28"
2214,1,185,11,91.6275,USD,6,2025-12-16,"2026-07-16 13:58:28"
2215,1,185,11,96.9613,USD,7,2026-01-16,"2026-07-16 13:58:28"
2216,1,185,11,90.6353,USD,8,2026-02-16,"2026-07-16 13:58:28"
2217,1,185,11,96.0777,USD,9,2026-03-16,"2026-07-16 13:58:28"
2218,1,185,11,98.8545,USD,10,2026-04-16,"2026-07-16 13:58:28"
2219,1,185,11,88.2614,USD,11,2026-05-16,"2026-07-16 13:58:28"
2220,1,185,11,84.2667,USD,12,2026-06-16,"2026-07-16 13:58:28"
2221,1,186,16,76.6111,CNY,1,2025-07-16,"2026-07-16 13:58:28"
2222,1,186,16,71.0402,CNY,2,2025-08-16,"2026-07-16 13:58:28"
2223,1,186,16,66.613,CNY,3,2025-09-16,"2026-07-16 13:58:28"
2224,1,186,16,68.153,CNY,4,2025-10-16,"2026-07-16 13:58:28"
2225,1,186,16,74.6441,CNY,5,2025-11-16,"2026-07-16 13:58:28"
2226,1,186,16,74.5561,CNY,6,2025-12-16,"2026-07-16 13:58:28"
2227,1,186,16,73.4575,CNY,7,2026-01-16,"2026-07-16 13:58:28"
2228,1,186,16,77.3105,CNY,8,2026-02-16,"2026-07-16 13:58:28"
2229,1,186,16,68.6181,CNY,9,2026-03-16,"2026-07-16 13:58:28"
2230,1,186,16,68.7862,CNY,10,2026-04-16,"2026-07-16 13:58:28"
2231,1,186,16,76.2147,CNY,11,2026-05-16,"2026-07-16 13:58:28"
2232,1,186,16,80.4,CNY,12,2026-06-16,"2026-07-16 13:58:28"
2233,1,187,1,475.4195,CNY,1,2025-07-16,"2026-07-16 13:58:28"
2234,1,187,1,457.9152,CNY,2,2025-08-16,"2026-07-16 13:58:28"
2235,1,187,1,483.1265,CNY,3,2025-09-16,"2026-07-16 13:58:28"
2236,1,187,1,478.4224,CNY,4,2025-10-16,"2026-07-16 13:58:28"
2237,1,187,1,508.6334,CNY,5,2025-11-16,"2026-07-16 13:58:28"
2238,1,187,1,450.6793,CNY,6,2025-12-16,"2026-07-16 13:58:28"
2239,1,187,1,531.1246,CNY,7,2026-01-16,"2026-07-16 13:58:28"
2240,1,187,1,462.3539,CNY,8,2026-02-16,"2026-07-16 13:58:28"
2241,1,187,1,485.9935,CNY,9,2026-03-16,"2026-07-16 13:58:28"
2242,1,187,1,470.8407,CNY,10,2026-04-16,"2026-07-16 13:58:28"
2243,1,187,1,505.7599,CNY,11,2026-05-16,"2026-07-16 13:58:28"
2244,1,187,1,449.3174,CNY,12,2026-06-16,"2026-07-16 13:58:28"
2245,1,188,4,14.9345,CNY,1,2025-07-16,"2026-07-16 13:58:28"
2246,1,188,4,14.7211,CNY,2,2025-08-16,"2026-07-16 13:58:28"
2247,1,188,4,15.5627,CNY,3,2025-09-16,"2026-07-16 13:58:28"
2248,1,188,4,16.1356,CNY,4,2025-10-16,"2026-07-16 13:58:28"
2249,1,188,4,14.0575,CNY,5,2025-11-16,"2026-07-16 13:58:28"
2250,1,188,4,15.104,CNY,6,2025-12-16,"2026-07-16 13:58:28"
2251,1,188,4,14.4314,CNY,7,2026-01-16,"2026-07-16 13:58:28"
2252,1,188,4,16.3144,CNY,8,2026-02-16,"2026-07-16 13:58:28"
2253,1,188,4,16.2486,CNY,9,2026-03-16,"2026-07-16 13:58:28"
2254,1,188,4,14.3071,CNY,10,2026-04-16,"2026-07-16 13:58:28"
2255,1,188,4,14.0719,CNY,11,2026-05-16,"2026-07-16 13:58:28"
2256,1,188,4,13.9982,CNY,12,2026-06-16,"2026-07-16 13:58:28"
2257,1,189,5,235.0758,CNY,1,2025-07-16,"2026-07-16 13:58:28"
2258,1,189,5,222.2408,CNY,2,2025-08-16,"2026-07-16 13:58:28"
2259,1,189,5,230.785,CNY,3,2025-09-16,"2026-07-16 13:58:28"
2260,1,189,5,237.0808,CNY,4,2025-10-16,"2026-07-16 13:58:28"
2261,1,189,5,237.0468,CNY,5,2025-11-16,"2026-07-16 13:58:28"
2262,1,189,5,218.3365,CNY,6,2025-12-16,"2026-07-16 13:58:28"
2263,1,189,5,242.984,CNY,7,2026-01-16,"2026-07-16 13:58:28"
2264,1,189,5,244.2039,CNY,8,2026-02-16,"2026-07-16 13:58:28"
2265,1,189,5,215.829,CNY,9,2026-03-16,"2026-07-16 13:58:28"
2266,1,189,5,236.5011,CNY,10,2026-04-16,"2026-07-16 13:58:28"
2267,1,189,5,249.2856,CNY,11,2026-05-16,"2026-07-16 13:58:28"
2268,1,189,5,217.3871,CNY,12,2026-06-16,"2026-07-16 13:58:28"
2269,1,190,18,554.1382,USD,1,2025-07-16,"2026-07-16 13:58:28"
2270,1,190,18,551.737,USD,2,2025-08-16,"2026-07-16 13:58:28"
2271,1,190,18,561.0587,USD,3,2025-09-16,"2026-07-16 13:58:28"
2272,1,190,18,567.7921,USD,4,2025-10-16,"2026-07-16 13:58:28"
2273,1,190,18,573.4052,USD,5,2025-11-16,"2026-07-16 13:58:28"
2274,1,190,18,526.6559,USD,6,2025-12-16,"2026-07-16 13:58:28"
2275,1,190,18,527.0482,USD,7,2026-01-16,"2026-07-16 13:58:28"
2276,1,190,18,568.3009,USD,8,2026-02-16,"2026-07-16 13:58:28"
2277,1,190,18,586.7843,USD,9,2026-03-16,"2026-07-16 13:58:28"
2278,1,190,18,566.0499,USD,10,2026-04-16,"2026-07-16 13:58:28"
2279,1,190,18,497.1978,USD,11,2026-05-16,"2026-07-16 13:58:28"
2280,1,190,18,518.5306,USD,12,2026-06-16,"2026-07-16 13:58:28"
2281,1,191,2,467.9574,CNY,1,2025-07-16,"2026-07-16 13:58:28"
2282,1,191,2,445.8978,CNY,2,2025-08-16,"2026-07-16 13:58:28"
2283,1,191,2,472.186,CNY,3,2025-09-16,"2026-07-16 13:58:28"
2284,1,191,2,463.2446,CNY,4,2025-10-16,"2026-07-16 13:58:28"
2285,1,191,2,455.9314,CNY,5,2025-11-16,"2026-07-16 13:58:28"
2286,1,191,2,423.6968,CNY,6,2025-12-16,"2026-07-16 13:58:28"
2287,1,191,2,444.9388,CNY,7,2026-01-16,"2026-07-16 13:58:28"
2288,1,191,2,428.6698,CNY,8,2026-02-16,"2026-07-16 13:58:28"
2289,1,191,2,444.1627,CNY,9,2026-03-16,"2026-07-16 13:58:28"
2290,1,191,2,422.2288,CNY,10,2026-04-16,"2026-07-16 13:58:28"
2291,1,191,2,459.8918,CNY,11,2026-05-16,"2026-07-16 13:58:28"
2292,1,191,2,451.442,CNY,12,2026-06-16,"2026-07-16 13:58:28"
2293,1,192,7,531.4301,CNY,1,2025-07-16,"2026-07-16 13:58:28"
2294,1,192,7,565.7085,CNY,2,2025-08-16,"2026-07-16 13:58:28"
2295,1,192,7,497.5277,CNY,3,2025-09-16,"2026-07-16 13:58:28"
2296,1,192,7,594.0238,CNY,4,2025-10-16,"2026-07-16 13:58:28"
2297,1,192,7,570.6685,CNY,5,2025-11-16,"2026-07-16 13:58:28"
2298,1,192,7,564.5071,CNY,6,2025-12-16,"2026-07-16 13:58:28"
2299,1,192,7,552.6934,CNY,7,2026-01-16,"2026-07-16 13:58:28"
2300,1,192,7,553.7207,CNY,8,2026-02-16,"2026-07-16 13:58:28"
2301,1,192,7,548.1379,CNY,9,2026-03-16,"2026-07-16 13:58:28"
2302,1,192,7,522.7832,CNY,10,2026-04-16,"2026-07-16 13:58:28"
2303,1,192,7,514.8741,CNY,11,2026-05-16,"2026-07-16 13:58:28"
2304,1,192,7,553.0656,CNY,12,2026-06-16,"2026-07-16 13:58:28"
2305,1,193,19,620.72,CNY,1,2025-07-16,"2026-07-16 13:58:28"
2306,1,193,19,535.4842,CNY,2,2025-08-16,"2026-07-16 13:58:28"
2307,1,193,19,583.6914,CNY,3,2025-09-16,"2026-07-16 13:58:28"
2308,1,193,19,584.6846,CNY,4,2025-10-16,"2026-07-16 13:58:28"
2309,1,193,19,585.2427,CNY,5,2025-11-16,"2026-07-16 13:58:28"
2310,1,193,19,531.6197,CNY,6,2025-12-16,"2026-07-16 13:58:28"
2311,1,193,19,533.387,CNY,7,2026-01-16,"2026-07-16 13:58:28"
2312,1,193,19,597.142,CNY,8,2026-02-16,"2026-07-16 13:58:28"
2313,1,193,19,522.5824,CNY,9,2026-03-16,"2026-07-16 13:58:28"
2314,1,193,19,574.6616,CNY,10,2026-04-16,"2026-07-16 13:58:28"
2315,1,193,19,611.1722,CNY,11,2026-05-16,"2026-07-16 13:58:28"
2316,1,193,19,516.5259,CNY,12,2026-06-16,"2026-07-16 13:58:28"
2317,1,194,6,883.6249,USD,1,2025-07-16,"2026-07-16 13:58:28"
2318,1,194,6,903.8902,USD,2,2025-08-16,"2026-07-16 13:58:28"
2319,1,194,6,838.1809,USD,3,2025-09-16,"2026-07-16 13:58:28"
2320,1,194,6,861.7309,USD,4,2025-10-16,"2026-07-16 13:58:28"
2321,1,194,6,823.5386,USD,5,2025-11-16,"2026-07-16 13:58:28"
2322,1,194,6,834.0969,USD,6,2025-12-16,"2026-07-16 13:58:28"
2323,1,194,6,803.0819,USD,7,2026-01-16,"2026-07-16 13:58:28"
2324,1,194,6,870.6689,USD,8,2026-02-16,"2026-07-16 13:58:28"
2325,1,194,6,838.6789,USD,9,2026-03-16,"2026-07-16 13:58:28"
2326,1,194,6,915.8096,USD,10,2026-04-16,"2026-07-16 13:58:28"
2327,1,194,6,836.5258,USD,11,2026-05-16,"2026-07-16 13:58:28"
2328,1,194,6,790.4967,USD,12,2026-06-16,"2026-07-16 13:58:28"
2329,1,195,11,375.5661,CNY,1,2025-07-16,"2026-07-16 13:58:28"
2330,1,195,11,320.7651,CNY,2,2025-08-16,"2026-07-16 13:58:28"
2331,1,195,11,355.6438,CNY,3,2025-09-16,"2026-07-16 13:58:28"
2332,1,195,11,324.0702,CNY,4,2025-10-16,"2026-07-16 13:58:28"
2333,1,195,11,348.2523,CNY,5,2025-11-16,"2026-07-16 13:58:28"
2334,1,195,11,361.4393,CNY,6,2025-12-16,"2026-07-16 13:58:28"
2335,1,195,11,324.2865,CNY,7,2026-01-16,"2026-07-16 13:58:28"
2336,1,195,11,386.7902,CNY,8,2026-02-16,"2026-07-16 13:58:28"
2337,1,195,11,368.6485,CNY,9,2026-03-16,"2026-07-16 13:58:28"
2338,1,195,11,333.4357,CNY,10,2026-04-16,"2026-07-16 13:58:28"
2339,1,195,11,334.5456,CNY,11,2026-05-16,"2026-07-16 13:58:28"
2340,1,195,11,388.2093,CNY,12,2026-06-16,"2026-07-16 13:58:28"
2341,1,196,9,925.0032,USD,1,2025-07-16,"2026-07-16 13:58:28"
2342,1,196,9,922.3456,USD,2,2025-08-16,"2026-07-16 13:58:28"
2343,1,196,9,867.7667,USD,3,2025-09-16,"2026-07-16 13:58:28"
2344,1,196,9,927.2808,USD,4,2025-10-16,"2026-07-16 13:58:28"
2345,1,196,9,943.7354,USD,5,2025-11-16,"2026-07-16 13:58:28"
2346,1,196,9,909.8146,USD,6,2025-12-16,"2026-07-16 13:58:28"
2347,1,196,9,861.1983,USD,7,2026-01-16,"2026-07-16 13:58:28"
2348,1,196,9,839.7259,USD,8,2026-02-16,"2026-07-16 13:58:28"
2349,1,196,9,936.7653,USD,9,2026-03-16,"2026-07-16 13:58:28"
2350,1,196,9,858.1892,USD,10,2026-04-16,"2026-07-16 13:58:28"
2351,1,196,9,963.1126,USD,11,2026-05-16,"2026-07-16 13:58:28"
2352,1,196,9,938.2622,USD,12,2026-06-16,"2026-07-16 13:58:28"
2353,1,197,19,293.4487,CNY,1,2025-07-16,"2026-07-16 13:58:28"
2354,1,197,19,335.1107,CNY,2,2025-08-16,"2026-07-16 13:58:28"
2355,1,197,19,299.2508,CNY,3,2025-09-16,"2026-07-16 13:58:28"
2356,1,197,19,321.57,CNY,4,2025-10-16,"2026-07-16 13:58:28"
2357,1,197,19,333.1047,CNY,5,2025-11-16,"2026-07-16 13:58:28"
2358,1,197,19,338.9152,CNY,6,2025-12-16,"2026-07-16 13:58:28"
2359,1,197,19,318.4616,CNY,7,2026-01-16,"2026-07-16 13:58:28"
2360,1,197,19,340.4983,CNY,8,2026-02-16,"2026-07-16 13:58:28"
2361,1,197,19,338.8475,CNY,9,2026-03-16,"2026-07-16 13:58:28"
2362,1,197,19,303.0061,CNY,10,2026-04-16,"2026-07-16 13:58:28"
2363,1,197,19,315.3948,CNY,11,2026-05-16,"2026-07-16 13:58:28"
2364,1,197,19,330.3595,CNY,12,2026-06-16,"2026-07-16 13:58:28"
2365,1,198,6,548.0522,CNY,1,2025-07-16,"2026-07-16 13:58:28"
2366,1,198,6,524.6754,CNY,2,2025-08-16,"2026-07-16 13:58:28"
2367,1,198,6,519.6499,CNY,3,2025-09-16,"2026-07-16 13:58:28"
2368,1,198,6,559.8889,CNY,4,2025-10-16,"2026-07-16 13:58:28"
2369,1,198,6,521.769,CNY,5,2025-11-16,"2026-07-16 13:58:28"
2370,1,198,6,585.4765,CNY,6,2025-12-16,"2026-07-16 13:58:28"
2371,1,198,6,590.0831,CNY,7,2026-01-16,"2026-07-16 13:58:28"
2372,1,198,6,592.6672,CNY,8,2026-02-16,"2026-07-16 13:58:28"
2373,1,198,6,597.1215,CNY,9,2026-03-16,"2026-07-16 13:58:28"
2374,1,198,6,617.3303,CNY,10,2026-04-16,"2026-07-16 13:58:28"
2375,1,198,6,565.8478,CNY,11,2026-05-16,"2026-07-16 13:58:28"
2376,1,198,6,605.5506,CNY,12,2026-06-16,"2026-07-16 13:58:28"
2377,1,199,16,759.1416,CNY,1,2025-07-16,"2026-07-16 13:58:28"
2378,1,199,16,740.6262,CNY,2,2025-08-16,"2026-07-16 13:58:28"
2379,1,199,16,642.9902,CNY,3,2025-09-16,"2026-07-16 13:58:28"
2380,1,199,16,683.5346,CNY,4,2025-10-16,"2026-07-16 13:58:28"
2381,1,199,16,642.9355,CNY,5,2025-11-16,"2026-07-16 13:58:28"
2382,1,199,16,693.2424,CNY,6,2025-12-16,"2026-07-16 13:58:28"
2383,1,199,16,739.1276,CNY,7,2026-01-16,"2026-07-16 13:58:28"
2384,1,199,16,692.8469,CNY,8,2026-02-16,"2026-07-16 13:58:28"
2385,1,199,16,728.1017,CNY,9,2026-03-16,"2026-07-16 13:58:28"
2386,1,199,16,638.7782,CNY,10,2026-04-16,"2026-07-16 13:58:28"
2387,1,199,16,653.2349,CNY,11,2026-05-16,"2026-07-16 13:58:28"
2388,1,199,16,743.4088,CNY,12,2026-06-16,"2026-07-16 13:58:28"
2389,1,200,8,453.288,CNY,1,2025-07-16,"2026-07-16 13:58:28"
2390,1,200,8,440.5699,CNY,2,2025-08-16,"2026-07-16 13:58:28"
2391,1,200,8,461.8574,CNY,3,2025-09-16,"2026-07-16 13:58:28"
2392,1,200,8,442.7613,CNY,4,2025-10-16,"2026-07-16 13:58:28"
2393,1,200,8,464.5174,CNY,5,2025-11-16,"2026-07-16 13:58:28"
2394,1,200,8,446.7126,CNY,6,2025-12-16,"2026-07-16 13:58:28"
2395,1,200,8,438.6914,CNY,7,2026-01-16,"2026-07-16 13:58:28"
2396,1,200,8,460.305,CNY,8,2026-02-16,"2026-07-16 13:58:28"
2397,1,200,8,451.9872,CNY,9,2026-03-16,"2026-07-16 13:58:28"
2398,1,200,8,443.3724,CNY,10,2026-04-16,"2026-07-16 13:58:28"
2399,1,200,8,422.1626,CNY,11,2026-05-16,"2026-07-16 13:58:28"
2400,1,200,8,391.4055,CNY,12,2026-06-16,"2026-07-16 13:58:28"
2401,1,201,14,414.098,CNY,1,2025-07-16,"2026-07-16 13:58:28"
2402,1,201,14,480.1879,CNY,2,2025-08-16,"2026-07-16 13:58:28"
2403,1,201,14,421.5237,CNY,3,2025-09-16,"2026-07-16 13:58:28"
2404,1,201,14,441.4385,CNY,4,2025-10-16,"2026-07-16 13:58:28"
2405,1,201,14,451.212,CNY,5,2025-11-16,"2026-07-16 13:58:28"
2406,1,201,14,480.9801,CNY,6,2025-12-16,"2026-07-16 13:58:28"
2407,1,201,14,474.2053,CNY,7,2026-01-16,"2026-07-16 13:58:28"
2408,1,201,14,437.141,CNY,8,2026-02-16,"2026-07-16 13:58:28"
2409,1,201,14,429.5045,CNY,9,2026-03-16,"2026-07-16 13:58:28"
2410,1,201,14,466.9122,CNY,10,2026-04-16,"2026-07-16 13:58:28"
2411,1,201,14,465.3382,CNY,11,2026-05-16,"2026-07-16 13:58:28"
2412,1,201,14,476.3058,CNY,12,2026-06-16,"2026-07-16 13:58:28"
2413,1,202,9,439.9474,USD,1,2025-07-16,"2026-07-16 13:58:28"
2414,1,202,9,384.5549,USD,2,2025-08-16,"2026-07-16 13:58:28"
2415,1,202,9,394.4931,USD,3,2025-09-16,"2026-07-16 13:58:28"
2416,1,202,9,406.2016,USD,4,2025-10-16,"2026-07-16 13:58:28"
2417,1,202,9,374.0382,USD,5,2025-11-16,"2026-07-16 13:58:28"
2418,1,202,9,430.6674,USD,6,2025-12-16,"2026-07-16 13:58:28"
2419,1,202,9,438.7146,USD,7,2026-01-16,"2026-07-16 13:58:28"
2420,1,202,9,371.5568,USD,8,2026-02-16,"2026-07-16 13:58:28"
2421,1,202,9,431.5811,USD,9,2026-03-16,"2026-07-16 13:58:28"
2422,1,202,9,428.6852,USD,10,2026-04-16,"2026-07-16 13:58:28"
2423,1,202,9,381.3923,USD,11,2026-05-16,"2026-07-16 13:58:28"
2424,1,202,9,431.4159,USD,12,2026-06-16,"2026-07-16 13:58:28"
2425,1,203,13,196.0126,CNY,1,2025-07-16,"2026-07-16 13:58:28"
2426,1,203,13,193.2083,CNY,2,2025-08-16,"2026-07-16 13:58:28"
2427,1,203,13,213.5954,CNY,3,2025-09-16,"2026-07-16 13:58:28"
2428,1,203,13,197.7151,CNY,4,2025-10-16,"2026-07-16 13:58:28"
2429,1,203,13,223.4337,CNY,5,2025-11-16,"2026-07-16 13:58:28"
2430,1,203,13,197.852,CNY,6,2025-12-16,"2026-07-16 13:58:28"
2431,1,203,13,209.3296,CNY,7,2026-01-16,"2026-07-16 13:58:28"
2432,1,203,13,188.9671,CNY,8,2026-02-16,"2026-07-16 13:58:28"
2433,1,203,13,221.4685,CNY,9,2026-03-16,"2026-07-16 13:58:28"
2434,1,203,13,203.7691,CNY,10,2026-04-16,"2026-07-16 13:58:28"
2435,1,203,13,189.3393,CNY,11,2026-05-16,"2026-07-16 13:58:28"
2436,1,203,13,199.8987,CNY,12,2026-06-16,"2026-07-16 13:58:28"
2437,1,204,2,588.462,CNY,1,2025-07-16,"2026-07-16 13:58:28"
2438,1,204,2,614.2872,CNY,2,2025-08-16,"2026-07-16 13:58:28"
2439,1,204,2,649.5168,CNY,3,2025-09-16,"2026-07-16 13:58:28"
2440,1,204,2,693.7132,CNY,4,2025-10-16,"2026-07-16 13:58:28"
2441,1,204,2,690.2897,CNY,5,2025-11-16,"2026-07-16 13:58:28"
2442,1,204,2,616.3355,CNY,6,2025-12-16,"2026-07-16 13:58:28"
2443,1,204,2,683.5239,CNY,7,2026-01-16,"2026-07-16 13:58:28"
2444,1,204,2,715.7853,CNY,8,2026-02-16,"2026-07-16 13:58:28"
2445,1,204,2,660.0594,CNY,9,2026-03-16,"2026-07-16 13:58:28"
2446,1,204,2,652.1674,CNY,10,2026-04-16,"2026-07-16 13:58:28"
2447,1,204,2,605.8038,CNY,11,2026-05-16,"2026-07-16 13:58:28"
2448,1,204,2,677.7028,CNY,12,2026-06-16,"2026-07-16 13:58:28"
2449,1,205,12,328.8595,CNY,1,2025-07-16,"2026-07-16 13:58:28"
2450,1,205,12,299.7943,CNY,2,2025-08-16,"2026-07-16 13:58:28"
2451,1,205,12,312.1448,CNY,3,2025-09-16,"2026-07-16 13:58:28"
2452,1,205,12,309.3121,CNY,4,2025-10-16,"2026-07-16 13:58:28"
2453,1,205,12,290.9868,CNY,5,2025-11-16,"2026-07-16 13:58:28"
2454,1,205,12,294.057,CNY,6,2025-12-16,"2026-07-16 13:58:28"
2455,1,205,12,271.4242,CNY,7,2026-01-16,"2026-07-16 13:58:28"
2456,1,205,12,277.1172,CNY,8,2026-02-16,"2026-07-16 13:58:28"
2457,1,205,12,298.489,CNY,9,2026-03-16,"2026-07-16 13:58:28"
2458,1,205,12,309.7138,CNY,10,2026-04-16,"2026-07-16 13:58:28"
2459,1,205,12,288.3958,CNY,11,2026-05-16,"2026-07-16 13:58:28"
2460,1,205,12,277.3195,CNY,12,2026-06-16,"2026-07-16 13:58:28"
2461,1,206,1,406.8884,USD,1,2025-07-16,"2026-07-16 13:58:28"
2462,1,206,1,387.4324,USD,2,2025-08-16,"2026-07-16 13:58:28"
2463,1,206,1,454.3789,USD,3,2025-09-16,"2026-07-16 13:58:28"
2464,1,206,1,410.15,USD,4,2025-10-16,"2026-07-16 13:58:28"
2465,1,206,1,434.4864,USD,5,2025-11-16,"2026-07-16 13:58:28"
2466,1,206,1,452.6725,USD,6,2025-12-16,"2026-07-16 13:58:28"
2467,1,206,1,398.4794,USD,7,2026-01-16,"2026-07-16 13:58:28"
2468,1,206,1,404.2876,USD,8,2026-02-16,"2026-07-16 13:58:28"
2469,1,206,1,438.4741,USD,9,2026-03-16,"2026-07-16 13:58:28"
2470,1,206,1,399.7107,USD,10,2026-04-16,"2026-07-16 13:58:28"
2471,1,206,1,416.2665,USD,11,2026-05-16,"2026-07-16 13:58:28"
2472,1,206,1,390.1128,USD,12,2026-06-16,"2026-07-16 13:58:28"
2473,1,207,17,141.5193,CNY,1,2025-07-16,"2026-07-16 13:58:28"
2474,1,207,17,132.2089,CNY,2,2025-08-16,"2026-07-16 13:58:28"
2475,1,207,17,139.079,CNY,3,2025-09-16,"2026-07-16 13:58:28"
2476,1,207,17,141.9513,CNY,4,2025-10-16,"2026-07-16 13:58:28"
2477,1,207,17,137.9835,CNY,5,2025-11-16,"2026-07-16 13:58:28"
2478,1,207,17,141.6305,CNY,6,2025-12-16,"2026-07-16 13:58:28"
2479,1,207,17,143.0657,CNY,7,2026-01-16,"2026-07-16 13:58:28"
2480,1,207,17,125.9767,CNY,8,2026-02-16,"2026-07-16 13:58:28"
2481,1,207,17,144.4772,CNY,9,2026-03-16,"2026-07-16 13:58:28"
2482,1,207,17,150.6101,CNY,10,2026-04-16,"2026-07-16 13:58:28"
2483,1,207,17,151.9116,CNY,11,2026-05-16,"2026-07-16 13:58:28"
2484,1,207,17,127.1457,CNY,12,2026-06-16,"2026-07-16 13:58:28"
2485,1,208,4,23.3507,CNY,1,2025-07-16,"2026-07-16 13:58:28"
2486,1,208,4,24.2965,CNY,2,2025-08-16,"2026-07-16 13:58:28"
2487,1,208,4,27.6961,CNY,3,2025-09-16,"2026-07-16 13:58:28"
2488,1,208,4,25.7506,CNY,4,2025-10-16,"2026-07-16 13:58:28"
2489,1,208,4,23.2229,CNY,5,2025-11-16,"2026-07-16 13:58:28"
2490,1,208,4,27.6713,CNY,6,2025-12-16,"2026-07-16 13:58:28"
2491,1,208,4,26.3698,CNY,7,2026-01-16,"2026-07-16 13:58:28"
2492,1,208,4,27.1382,CNY,8,2026-02-16,"2026-07-16 13:58:28"
2493,1,208,4,26.9367,CNY,9,2026-03-16,"2026-07-16 13:58:28"
2494,1,208,4,24.2511,CNY,10,2026-04-16,"2026-07-16 13:58:28"
2495,1,208,4,26.108,CNY,11,2026-05-16,"2026-07-16 13:58:28"
2496,1,208,4,23.3029,CNY,12,2026-06-16,"2026-07-16 13:58:28"
2497,1,209,7,765.761,USD,1,2025-07-16,"2026-07-16 13:58:28"
2498,1,209,7,879.8615,USD,2,2025-08-16,"2026-07-16 13:58:28"
2499,1,209,7,785.2644,USD,3,2025-09-16,"2026-07-16 13:58:28"
2500,1,209,7,846.1639,USD,4,2025-10-16,"2026-07-16 13:58:28"
2501,1,209,7,742.0363,USD,5,2025-11-16,"2026-07-16 13:58:28"
2502,1,209,7,739.0798,USD,6,2025-12-16,"2026-07-16 13:58:28"
2503,1,209,7,831.803,USD,7,2026-01-16,"2026-07-16 13:58:28"
2504,1,209,7,868.6381,USD,8,2026-02-16,"2026-07-16 13:58:28"
2505,1,209,7,822.7615,USD,9,2026-03-16,"2026-07-16 13:58:28"
2506,1,209,7,794.0466,USD,10,2026-04-16,"2026-07-16 13:58:28"
2507,1,209,7,857.3494,USD,11,2026-05-16,"2026-07-16 13:58:28"
2508,1,209,7,756.4739,USD,12,2026-06-16,"2026-07-16 13:58:28"
2509,1,210,11,266.1163,CNY,1,2025-07-16,"2026-07-16 13:58:28"
2510,1,210,11,237.8809,CNY,2,2025-08-16,"2026-07-16 13:58:28"
2511,1,210,11,233.8045,CNY,3,2025-09-16,"2026-07-16 13:58:28"
2512,1,210,11,237.9942,CNY,4,2025-10-16,"2026-07-16 13:58:28"
2513,1,210,11,233.7751,CNY,5,2025-11-16,"2026-07-16 13:58:28"
2514,1,210,11,234.432,CNY,6,2025-12-16,"2026-07-16 13:58:28"
2515,1,210,11,235.022,CNY,7,2026-01-16,"2026-07-16 13:58:28"
2516,1,210,11,250.3822,CNY,8,2026-02-16,"2026-07-16 13:58:28"
2517,1,210,11,258.9367,CNY,9,2026-03-16,"2026-07-16 13:58:28"
2518,1,210,11,264.1179,CNY,10,2026-04-16,"2026-07-16 13:58:28"
2519,1,210,11,268.117,CNY,11,2026-05-16,"2026-07-16 13:58:28"
2520,1,210,11,243.8941,CNY,12,2026-06-16,"2026-07-16 13:58:28"
2521,1,211,7,652.579,USD,1,2025-07-16,"2026-07-16 13:58:28"
2522,1,211,7,686.3146,USD,2,2025-08-16,"2026-07-16 13:58:28"
2523,1,211,7,681.1045,USD,3,2025-09-16,"2026-07-16 13:58:28"
2524,1,211,7,703.8593,USD,4,2025-10-16,"2026-07-16 13:58:28"
2525,1,211,7,684.9674,USD,5,2025-11-16,"2026-07-16 13:58:28"
2526,1,211,7,600.4424,USD,6,2025-12-16,"2026-07-16 13:58:28"
2527,1,211,7,689.0506,USD,7,2026-01-16,"2026-07-16 13:58:28"
2528,1,211,7,629.5714,USD,8,2026-02-16,"2026-07-16 13:58:28"
2529,1,211,7,602.1547,USD,9,2026-03-16,"2026-07-16 13:58:28"
2530,1,211,7,647.2332,USD,10,2026-04-16,"2026-07-16 13:58:28"
2531,1,211,7,653.6845,USD,11,2026-05-16,"2026-07-16 13:58:28"
2532,1,211,7,648.7126,USD,12,2026-06-16,"2026-07-16 13:58:28"
2533,1,212,5,437.748,CNY,1,2025-07-16,"2026-07-16 13:58:28"
2534,1,212,5,405.2314,CNY,2,2025-08-16,"2026-07-16 13:58:28"
2535,1,212,5,397.7474,CNY,3,2025-09-16,"2026-07-16 13:58:28"
2536,1,212,5,374.2422,CNY,4,2025-10-16,"2026-07-16 13:58:28"
2537,1,212,5,403.1473,CNY,5,2025-11-16,"2026-07-16 13:58:28"
2538,1,212,5,397.9731,CNY,6,2025-12-16,"2026-07-16 13:58:28"
2539,1,212,5,441.2146,CNY,7,2026-01-16,"2026-07-16 13:58:28"
2540,1,212,5,417.2814,CNY,8,2026-02-16,"2026-07-16 13:58:28"
2541,1,212,5,376.8717,CNY,9,2026-03-16,"2026-07-16 13:58:28"
2542,1,212,5,416.2972,CNY,10,2026-04-16,"2026-07-16 13:58:28"
2543,1,212,5,445.4125,CNY,11,2026-05-16,"2026-07-16 13:58:28"
2544,1,212,5,395.2424,CNY,12,2026-06-16,"2026-07-16 13:58:28"
2545,1,213,17,537.0423,CNY,1,2025-07-16,"2026-07-16 13:58:28"
2546,1,213,17,566.3747,CNY,2,2025-08-16,"2026-07-16 13:58:28"
2547,1,213,17,523.2114,CNY,3,2025-09-16,"2026-07-16 13:58:28"
2548,1,213,17,547.4672,CNY,4,2025-10-16,"2026-07-16 13:58:28"
2549,1,213,17,562.0214,CNY,5,2025-11-16,"2026-07-16 13:58:28"
2550,1,213,17,575.4473,CNY,6,2025-12-16,"2026-07-16 13:58:28"
2551,1,213,17,514.6817,CNY,7,2026-01-16,"2026-07-16 13:58:28"
2552,1,213,17,510.9595,CNY,8,2026-02-16,"2026-07-16 13:58:28"
2553,1,213,17,551.9147,CNY,9,2026-03-16,"2026-07-16 13:58:28"
2554,1,213,17,541.1155,CNY,10,2026-04-16,"2026-07-16 13:58:28"
2555,1,213,17,481.5211,CNY,11,2026-05-16,"2026-07-16 13:58:28"
2556,1,213,17,575.0895,CNY,12,2026-06-16,"2026-07-16 13:58:28"
2557,1,214,17,90.994,CNY,1,2025-07-16,"2026-07-16 13:58:28"
2558,1,214,17,92.029,CNY,2,2025-08-16,"2026-07-16 13:58:28"
2559,1,214,17,83.6753,CNY,3,2025-09-16,"2026-07-16 13:58:28"
2560,1,214,17,84.7028,CNY,4,2025-10-16,"2026-07-16 13:58:28"
2561,1,214,17,95.2749,CNY,5,2025-11-16,"2026-07-16 13:58:28"
2562,1,214,17,86.2045,CNY,6,2025-12-16,"2026-07-16 13:58:28"
2563,1,214,17,79.3014,CNY,7,2026-01-16,"2026-07-16 13:58:28"
2564,1,214,17,89.295,CNY,8,2026-02-16,"2026-07-16 13:58:28"
2565,1,214,17,94.1894,CNY,9,2026-03-16,"2026-07-16 13:58:28"
2566,1,214,17,86.4193,CNY,10,2026-04-16,"2026-07-16 13:58:28"
2567,1,214,17,89.171,CNY,11,2026-05-16,"2026-07-16 13:58:28"
2568,1,214,17,81.3871,CNY,12,2026-06-16,"2026-07-16 13:58:28"
2569,1,215,7,620.4016,USD,1,2025-07-16,"2026-07-16 13:58:28"
2570,1,215,7,553.9355,USD,2,2025-08-16,"2026-07-16 13:58:28"
2571,1,215,7,586.1121,USD,3,2025-09-16,"2026-07-16 13:58:28"
2572,1,215,7,528.2638,USD,4,2025-10-16,"2026-07-16 13:58:28"
2573,1,215,7,630.9118,USD,5,2025-11-16,"2026-07-16 13:58:28"
2574,1,215,7,604.1177,USD,6,2025-12-16,"2026-07-16 13:58:28"
2575,1,215,7,530.4521,USD,7,2026-01-16,"2026-07-16 13:58:28"
2576,1,215,7,615.068,USD,8,2026-02-16,"2026-07-16 13:58:28"
2577,1,215,7,574.4034,USD,9,2026-03-16,"2026-07-16 13:58:28"
2578,1,215,7,572.7738,USD,10,2026-04-16,"2026-07-16 13:58:28"
2579,1,215,7,581.2519,USD,11,2026-05-16,"2026-07-16 13:58:28"
2580,1,215,7,538.876,USD,12,2026-06-16,"2026-07-16 13:58:28"
2581,1,216,9,556.1017,CNY,1,2025-07-16,"2026-07-16 13:58:28"
2582,1,216,9,601.3911,CNY,2,2025-08-16,"2026-07-16 13:58:28"
2583,1,216,9,598.0009,CNY,3,2025-09-16,"2026-07-16 13:58:28"
2584,1,216,9,557.3258,CNY,4,2025-10-16,"2026-07-16 13:58:28"
2585,1,216,9,606.0853,CNY,5,2025-11-16,"2026-07-16 13:58:28"
2586,1,216,9,526.2046,CNY,6,2025-12-16,"2026-07-16 13:58:28"
2587,1,216,9,511.2901,CNY,7,2026-01-16,"2026-07-16 13:58:28"
2588,1,216,9,532.8337,CNY,8,2026-02-16,"2026-07-16 13:58:28"
2589,1,216,9,607.5858,CNY,9,2026-03-16,"2026-07-16 13:58:28"
2590,1,216,9,585.4708,CNY,10,2026-04-16,"2026-07-16 13:58:28"
2591,1,216,9,570.5316,CNY,11,2026-05-16,"2026-07-16 13:58:28"
2592,1,216,9,536.8216,CNY,12,2026-06-16,"2026-07-16 13:58:28"
2593,1,217,5,523.7522,CNY,1,2025-07-16,"2026-07-16 13:58:28"
2594,1,217,5,520.7905,CNY,2,2025-08-16,"2026-07-16 13:58:28"
2595,1,217,5,448.3796,CNY,3,2025-09-16,"2026-07-16 13:58:28"
2596,1,217,5,536.7151,CNY,4,2025-10-16,"2026-07-16 13:58:28"
2597,1,217,5,530.3013,CNY,5,2025-11-16,"2026-07-16 13:58:28"
2598,1,217,5,530.4809,CNY,6,2025-12-16,"2026-07-16 13:58:28"
2599,1,217,5,492.0645,CNY,7,2026-01-16,"2026-07-16 13:58:28"
2600,1,217,5,454.5624,CNY,8,2026-02-16,"2026-07-16 13:58:28"
2601,1,217,5,540.1382,CNY,9,2026-03-16,"2026-07-16 13:58:28"
2602,1,217,5,450.1445,CNY,10,2026-04-16,"2026-07-16 13:58:28"
2603,1,217,5,517.7028,CNY,11,2026-05-16,"2026-07-16 13:58:28"
2604,1,217,5,451.8981,CNY,12,2026-06-16,"2026-07-16 13:58:28"
2605,1,218,20,811.8813,CNY,1,2025-07-16,"2026-07-16 13:58:28"
2606,1,218,20,825.6425,CNY,2,2025-08-16,"2026-07-16 13:58:28"
2607,1,218,20,785.5842,CNY,3,2025-09-16,"2026-07-16 13:58:28"
2608,1,218,20,846.2465,CNY,4,2025-10-16,"2026-07-16 13:58:28"
2609,1,218,20,763.3966,CNY,5,2025-11-16,"2026-07-16 13:58:28"
2610,1,218,20,890.1014,CNY,6,2025-12-16,"2026-07-16 13:58:28"
2611,1,218,20,820.2861,CNY,7,2026-01-16,"2026-07-16 13:58:28"
2612,1,218,20,788.878,CNY,8,2026-02-16,"2026-07-16 13:58:28"
2613,1,218,20,832.9282,CNY,9,2026-03-16,"2026-07-16 13:58:28"
2614,1,218,20,866.8595,CNY,10,2026-04-16,"2026-07-16 13:58:28"
2615,1,218,20,882.4768,CNY,11,2026-05-16,"2026-07-16 13:58:28"
2616,1,218,20,756.1163,CNY,12,2026-06-16,"2026-07-16 13:58:28"
2617,1,219,7,582.7594,CNY,1,2025-07-16,"2026-07-16 13:58:28"
2618,1,219,7,590.178,CNY,2,2025-08-16,"2026-07-16 13:58:28"
2619,1,219,7,595.455,CNY,3,2025-09-16,"2026-07-16 13:58:28"
2620,1,219,7,556.7889,CNY,4,2025-10-16,"2026-07-16 13:58:28"
2621,1,219,7,605.3703,CNY,5,2025-11-16,"2026-07-16 13:58:28"
2622,1,219,7,617.4635,CNY,6,2025-12-16,"2026-07-16 13:58:28"
2623,1,219,7,542.5951,CNY,7,2026-01-16,"2026-07-16 13:58:28"
2624,1,219,7,617.2305,CNY,8,2026-02-16,"2026-07-16 13:58:28"
2625,1,219,7,603.0377,CNY,9,2026-03-16,"2026-07-16 13:58:28"
2626,1,219,7,593.1592,CNY,10,2026-04-16,"2026-07-16 13:58:28"
2627,1,219,7,644.7403,CNY,11,2026-05-16,"2026-07-16 13:58:28"
2628,1,219,7,618.326,CNY,12,2026-06-16,"2026-07-16 13:58:28"
2629,1,220,8,697.0483,CNY,1,2025-07-16,"2026-07-16 13:58:28"
2630,1,220,8,697.4292,CNY,2,2025-08-16,"2026-07-16 13:58:28"
2631,1,220,8,715.1771,CNY,3,2025-09-16,"2026-07-16 13:58:28"
2632,1,220,8,733.7884,CNY,4,2025-10-16,"2026-07-16 13:58:28"
2633,1,220,8,728.5787,CNY,5,2025-11-16,"2026-07-16 13:58:28"
2634,1,220,8,696.0468,CNY,6,2025-12-16,"2026-07-16 13:58:28"
2635,1,220,8,687.3698,CNY,7,2026-01-16,"2026-07-16 13:58:28"
2636,1,220,8,830.9463,CNY,8,2026-02-16,"2026-07-16 13:58:28"
2637,1,220,8,705.4686,CNY,9,2026-03-16,"2026-07-16 13:58:28"
2638,1,220,8,738.9525,CNY,10,2026-04-16,"2026-07-16 13:58:28"
2639,1,220,8,738.0345,CNY,11,2026-05-16,"2026-07-16 13:58:28"
2640,1,220,8,762.0948,CNY,12,2026-06-16,"2026-07-16 13:58:28"
2641,1,221,5,511.1144,CNY,1,2025-07-16,"2026-07-16 13:58:28"
2642,1,221,5,510.8756,CNY,2,2025-08-16,"2026-07-16 13:58:28"
2643,1,221,5,503.2889,CNY,3,2025-09-16,"2026-07-16 13:58:28"
2644,1,221,5,489.226,CNY,4,2025-10-16,"2026-07-16 13:58:28"
2645,1,221,5,491.6715,CNY,5,2025-11-16,"2026-07-16 13:58:28"
2646,1,221,5,454.8614,CNY,6,2025-12-16,"2026-07-16 13:58:28"
2647,1,221,5,483.0468,CNY,7,2026-01-16,"2026-07-16 13:58:28"
2648,1,221,5,501.5955,CNY,8,2026-02-16,"2026-07-16 13:58:28"
2649,1,221,5,469.1221,CNY,9,2026-03-16,"2026-07-16 13:58:28"
2650,1,221,5,510.9164,CNY,10,2026-04-16,"2026-07-16 13:58:28"
2651,1,221,5,460.092,CNY,11,2026-05-16,"2026-07-16 13:58:28"
2652,1,221,5,503.5806,CNY,12,2026-06-16,"2026-07-16 13:58:28"
2653,1,222,2,517.0614,CNY,1,2025-07-16,"2026-07-16 13:58:28"
2654,1,222,2,570.1424,CNY,2,2025-08-16,"2026-07-16 13:58:28"
2655,1,222,2,599.7837,CNY,3,2025-09-16,"2026-07-16 13:58:28"
2656,1,222,2,545.3052,CNY,4,2025-10-16,"2026-07-16 13:58:28"
2657,1,222,2,572.7778,CNY,5,2025-11-16,"2026-07-16 13:58:28"
2658,1,222,2,582.9943,CNY,6,2025-12-16,"2026-07-16 13:58:28"
2659,1,222,2,597.1295,CNY,7,2026-01-16,"2026-07-16 13:58:28"
2660,1,222,2,540.2732,CNY,8,2026-02-16,"2026-07-16 13:58:28"
2661,1,222,2,510.6041,CNY,9,2026-03-16,"2026-07-16 13:58:28"
2662,1,222,2,535.4963,CNY,10,2026-04-16,"2026-07-16 13:58:28"
2663,1,222,2,549.5852,CNY,11,2026-05-16,"2026-07-16 13:58:28"
2664,1,222,2,562.7736,CNY,12,2026-06-16,"2026-07-16 13:58:28"
2665,1,223,17,337.0613,CNY,1,2025-07-16,"2026-07-16 13:58:28"
2666,1,223,17,362.9088,CNY,2,2025-08-16,"2026-07-16 13:58:28"
2667,1,223,17,358.9298,CNY,3,2025-09-16,"2026-07-16 13:58:28"
2668,1,223,17,361.6719,CNY,4,2025-10-16,"2026-07-16 13:58:28"
2669,1,223,17,372.9703,CNY,5,2025-11-16,"2026-07-16 13:58:28"
2670,1,223,17,332.6921,CNY,6,2025-12-16,"2026-07-16 13:58:28"
2671,1,223,17,394.0487,CNY,7,2026-01-16,"2026-07-16 13:58:28"
2672,1,223,17,340.5972,CNY,8,2026-02-16,"2026-07-16 13:58:28"
2673,1,223,17,378.0403,CNY,9,2026-03-16,"2026-07-16 13:58:28"
2674,1,223,17,387.5091,CNY,10,2026-04-16,"2026-07-16 13:58:28"
2675,1,223,17,363.5282,CNY,11,2026-05-16,"2026-07-16 13:58:28"
2676,1,223,17,349.8883,CNY,12,2026-06-16,"2026-07-16 13:58:28"
2677,1,224,11,737.3563,CNY,1,2025-07-16,"2026-07-16 13:58:28"
2678,1,224,11,746.9348,CNY,2,2025-08-16,"2026-07-16 13:58:28"
2679,1,224,11,822.6765,CNY,3,2025-09-16,"2026-07-16 13:58:28"
2680,1,224,11,686.7929,CNY,4,2025-10-16,"2026-07-16 13:58:28"
2681,1,224,11,722.9798,CNY,5,2025-11-16,"2026-07-16 13:58:28"
2682,1,224,11,802.1614,CNY,6,2025-12-16,"2026-07-16 13:58:28"
2683,1,224,11,786.0676,CNY,7,2026-01-16,"2026-07-16 13:58:28"
2684,1,224,11,708.9204,CNY,8,2026-02-16,"2026-07-16 13:58:28"
2685,1,224,11,776.0028,CNY,9,2026-03-16,"2026-07-16 13:58:28"
2686,1,224,11,738.1086,CNY,10,2026-04-16,"2026-07-16 13:58:28"
2687,1,224,11,834.3478,CNY,11,2026-05-16,"2026-07-16 13:58:28"
2688,1,224,11,758.9871,CNY,12,2026-06-16,"2026-07-16 13:58:28"
2689,1,225,7,645.7378,CNY,1,2025-07-16,"2026-07-16 13:58:28"
2690,1,225,7,574.1251,CNY,2,2025-08-16,"2026-07-16 13:58:28"
2691,1,225,7,665.8335,CNY,3,2025-09-16,"2026-07-16 13:58:28"
2692,1,225,7,572.3793,CNY,4,2025-10-16,"2026-07-16 13:58:28"
2693,1,225,7,633.1741,CNY,5,2025-11-16,"2026-07-16 13:58:28"
2694,1,225,7,646.9926,CNY,6,2025-12-16,"2026-07-16 13:58:28"
2695,1,225,7,585.9231,CNY,7,2026-01-16,"2026-07-16 13:58:28"
2696,1,225,7,566.2936,CNY,8,2026-02-16,"2026-07-16 13:58:28"
2697,1,225,7,602.1669,CNY,9,2026-03-16,"2026-07-16 13:58:28"
2698,1,225,7,680.19,CNY,10,2026-04-16,"2026-07-16 13:58:28"
2699,1,225,7,571.9457,CNY,11,2026-05-16,"2026-07-16 13:58:28"
2700,1,225,7,599.0405,CNY,12,2026-06-16,"2026-07-16 13:58:28"
2701,1,226,10,74.3935,CNY,1,2025-07-16,"2026-07-16 13:58:28"
2702,1,226,10,84.767,CNY,2,2025-08-16,"2026-07-16 13:58:28"
2703,1,226,10,81.7543,CNY,3,2025-09-16,"2026-07-16 13:58:28"
2704,1,226,10,70.0454,CNY,4,2025-10-16,"2026-07-16 13:58:28"
2705,1,226,10,83.7562,CNY,5,2025-11-16,"2026-07-16 13:58:28"
2706,1,226,10,84.7228,CNY,6,2025-12-16,"2026-07-16 13:58:28"
2707,1,226,10,78.8457,CNY,7,2026-01-16,"2026-07-16 13:58:28"
2708,1,226,10,75.2056,CNY,8,2026-02-16,"2026-07-16 13:58:28"
2709,1,226,10,78.5239,CNY,9,2026-03-16,"2026-07-16 13:58:28"
2710,1,226,10,76.9139,CNY,10,2026-04-16,"2026-07-16 13:58:28"
2711,1,226,10,77.6805,CNY,11,2026-05-16,"2026-07-16 13:58:28"
2712,1,226,10,75.6399,CNY,12,2026-06-16,"2026-07-16 13:58:28"
2713,1,227,4,845.7278,CNY,1,2025-07-16,"2026-07-16 13:58:28"
2714,1,227,4,791.5096,CNY,2,2025-08-16,"2026-07-16 13:58:28"
2715,1,227,4,893.7998,CNY,3,2025-09-16,"2026-07-16 13:58:28"
2716,1,227,4,831.7532,CNY,4,2025-10-16,"2026-07-16 13:58:28"
2717,1,227,4,771.3044,CNY,5,2025-11-16,"2026-07-16 13:58:28"
2718,1,227,4,811.2762,CNY,6,2025-12-16,"2026-07-16 13:58:28"
2719,1,227,4,822.7687,CNY,7,2026-01-16,"2026-07-16 13:58:28"
2720,1,227,4,856.966,CNY,8,2026-02-16,"2026-07-16 13:58:28"
2721,1,227,4,889.4667,CNY,9,2026-03-16,"2026-07-16 13:58:28"
2722,1,227,4,787.9818,CNY,10,2026-04-16,"2026-07-16 13:58:28"
2723,1,227,4,759.5044,CNY,11,2026-05-16,"2026-07-16 13:58:28"
2724,1,227,4,795.8716,CNY,12,2026-06-16,"2026-07-16 13:58:28"
2725,1,228,1,501.8873,CNY,1,2025-07-16,"2026-07-16 13:58:28"
2726,1,228,1,517.3281,CNY,2,2025-08-16,"2026-07-16 13:58:28"
2727,1,228,1,528.5249,CNY,3,2025-09-16,"2026-07-16 13:58:28"
2728,1,228,1,514.5019,CNY,4,2025-10-16,"2026-07-16 13:58:28"
2729,1,228,1,460.6383,CNY,5,2025-11-16,"2026-07-16 13:58:28"
2730,1,228,1,558.2282,CNY,6,2025-12-16,"2026-07-16 13:58:28"
2731,1,228,1,527.7132,CNY,7,2026-01-16,"2026-07-16 13:58:28"
2732,1,228,1,522.0177,CNY,8,2026-02-16,"2026-07-16 13:58:28"
2733,1,228,1,496.0362,CNY,9,2026-03-16,"2026-07-16 13:58:28"
2734,1,228,1,479.5095,CNY,10,2026-04-16,"2026-07-16 13:58:28"
2735,1,228,1,467.3837,CNY,11,2026-05-16,"2026-07-16 13:58:28"
2736,1,228,1,534.1909,CNY,12,2026-06-16,"2026-07-16 13:58:28"
2737,1,229,13,258.1423,CNY,1,2025-07-16,"2026-07-16 13:58:28"
2738,1,229,13,258.3581,CNY,2,2025-08-16,"2026-07-16 13:58:28"
2739,1,229,13,288.0307,CNY,3,2025-09-16,"2026-07-16 13:58:28"
2740,1,229,13,275.4375,CNY,4,2025-10-16,"2026-07-16 13:58:28"
2741,1,229,13,259.1323,CNY,5,2025-11-16,"2026-07-16 13:58:28"
2742,1,229,13,283.5897,CNY,6,2025-12-16,"2026-07-16 13:58:28"
2743,1,229,13,261.9567,CNY,7,2026-01-16,"2026-07-16 13:58:28"
2744,1,229,13,268.3673,CNY,8,2026-02-16,"2026-07-16 13:58:28"
2745,1,229,13,254.9946,CNY,9,2026-03-16,"2026-07-16 13:58:28"
2746,1,229,13,272.9868,CNY,10,2026-04-16,"2026-07-16 13:58:28"
2747,1,229,13,284.3026,CNY,11,2026-05-16,"2026-07-16 13:58:28"
2748,1,229,13,255.5832,CNY,12,2026-06-16,"2026-07-16 13:58:28"
2749,1,230,15,825.2092,USD,1,2025-07-16,"2026-07-16 13:58:28"
2750,1,230,15,730.6338,USD,2,2025-08-16,"2026-07-16 13:58:28"
2751,1,230,15,776.7575,USD,3,2025-09-16,"2026-07-16 13:58:28"
2752,1,230,15,793.3903,USD,4,2025-10-16,"2026-07-16 13:58:28"
2753,1,230,15,728.1638,USD,5,2025-11-16,"2026-07-16 13:58:28"
2754,1,230,15,872.1998,USD,6,2025-12-16,"2026-07-16 13:58:28"
2755,1,230,15,833.2969,USD,7,2026-01-16,"2026-07-16 13:58:28"
2756,1,230,15,775.7546,USD,8,2026-02-16,"2026-07-16 13:58:28"
2757,1,230,15,746.547,USD,9,2026-03-16,"2026-07-16 13:58:28"
2758,1,230,15,836.9579,USD,10,2026-04-16,"2026-07-16 13:58:28"
2759,1,230,15,874.5897,USD,11,2026-05-16,"2026-07-16 13:58:28"
2760,1,230,15,830.6343,USD,12,2026-06-16,"2026-07-16 13:58:28"
2761,1,231,7,527.1482,CNY,1,2025-07-16,"2026-07-16 13:58:28"
2762,1,231,7,480.8138,CNY,2,2025-08-16,"2026-07-16 13:58:28"
2763,1,231,7,466.3334,CNY,3,2025-09-16,"2026-07-16 13:58:28"
2764,1,231,7,543.4237,CNY,4,2025-10-16,"2026-07-16 13:58:28"
2765,1,231,7,557.5457,CNY,5,2025-11-16,"2026-07-16 13:58:28"
2766,1,231,7,539.4841,CNY,6,2025-12-16,"2026-07-16 13:58:28"
2767,1,231,7,505.592,CNY,7,2026-01-16,"2026-07-16 13:58:28"
2768,1,231,7,550.8013,CNY,8,2026-02-16,"2026-07-16 13:58:28"
2769,1,231,7,528.538,CNY,9,2026-03-16,"2026-07-16 13:58:28"
2770,1,231,7,493.3507,CNY,10,2026-04-16,"2026-07-16 13:58:28"
2771,1,231,7,463.4342,CNY,11,2026-05-16,"2026-07-16 13:58:28"
2772,1,231,7,466.729,CNY,12,2026-06-16,"2026-07-16 13:58:28"
2773,1,232,20,427.3284,CNY,1,2025-07-16,"2026-07-16 13:58:28"
2774,1,232,20,434.883,CNY,2,2025-08-16,"2026-07-16 13:58:28"
2775,1,232,20,441.7901,CNY,3,2025-09-16,"2026-07-16 13:58:28"
2776,1,232,20,415.8534,CNY,4,2025-10-16,"2026-07-16 13:58:28"
2777,1,232,20,415.5249,CNY,5,2025-11-16,"2026-07-16 13:58:28"
2778,1,232,20,372.1707,CNY,6,2025-12-16,"2026-07-16 13:58:28"
2779,1,232,20,402.4799,CNY,7,2026-01-16,"2026-07-16 13:58:28"
2780,1,232,20,436.9374,CNY,8,2026-02-16,"2026-07-16 13:58:28"
2781,1,232,20,417.047,CNY,9,2026-03-16,"2026-07-16 13:58:28"
2782,1,232,20,379.6891,CNY,10,2026-04-16,"2026-07-16 13:58:28"
2783,1,232,20,419.4418,CNY,11,2026-05-16,"2026-07-16 13:58:28"
2784,1,232,20,449.0988,CNY,12,2026-06-16,"2026-07-16 13:58:28"
2785,1,233,19,614.0044,CNY,1,2025-07-16,"2026-07-16 13:58:28"
2786,1,233,19,709.3521,CNY,2,2025-08-16,"2026-07-16 13:58:28"
2787,1,233,19,620.9251,CNY,3,2025-09-16,"2026-07-16 13:58:28"
2788,1,233,19,620.7589,CNY,4,2025-10-16,"2026-07-16 13:58:28"
2789,1,233,19,720.5273,CNY,5,2025-11-16,"2026-07-16 13:58:28"
2790,1,233,19,676.1854,CNY,6,2025-12-16,"2026-07-16 13:58:28"
2791,1,233,19,623.802,CNY,7,2026-01-16,"2026-07-16 13:58:28"
2792,1,233,19,603.8759,CNY,8,2026-02-16,"2026-07-16 13:58:28"
2793,1,233,19,699.6627,CNY,9,2026-03-16,"2026-07-16 13:58:28"
2794,1,233,19,598.4753,CNY,10,2026-04-16,"2026-07-16 13:58:28"
2795,1,233,19,621.6063,CNY,11,2026-05-16,"2026-07-16 13:58:28"
2796,1,233,19,617.1807,CNY,12,2026-06-16,"2026-07-16 13:58:28"
2797,1,234,2,637.0704,USD,1,2025-07-16,"2026-07-16 13:58:28"
2798,1,234,2,565.3563,USD,2,2025-08-16,"2026-07-16 13:58:28"
2799,1,234,2,579.1129,USD,3,2025-09-16,"2026-07-16 13:58:28"
2800,1,234,2,645.7549,USD,4,2025-10-16,"2026-07-16 13:58:28"
2801,1,234,2,653.5917,USD,5,2025-11-16,"2026-07-16 13:58:28"
2802,1,234,2,551.4749,USD,6,2025-12-16,"2026-07-16 13:58:28"
2803,1,234,2,627.8531,USD,7,2026-01-16,"2026-07-16 13:58:28"
2804,1,234,2,651.1395,USD,8,2026-02-16,"2026-07-16 13:58:28"
2805,1,234,2,626.0393,USD,9,2026-03-16,"2026-07-16 13:58:28"
2806,1,234,2,540.5214,USD,10,2026-04-16,"2026-07-16 13:58:28"
2807,1,234,2,566.0792,USD,11,2026-05-16,"2026-07-16 13:58:28"
2808,1,234,2,580.8038,USD,12,2026-06-16,"2026-07-16 13:58:28"
2809,1,235,14,469.322,CNY,1,2025-07-16,"2026-07-16 13:58:28"
2810,1,235,14,463.2198,CNY,2,2025-08-16,"2026-07-16 13:58:28"
2811,1,235,14,484.6704,CNY,3,2025-09-16,"2026-07-16 13:58:28"
2812,1,235,14,424.5667,CNY,4,2025-10-16,"2026-07-16 13:58:28"
2813,1,235,14,417.8258,CNY,5,2025-11-16,"2026-07-16 13:58:28"
2814,1,235,14,416.831,CNY,6,2025-12-16,"2026-07-16 13:58:28"
2815,1,235,14,478.54,CNY,7,2026-01-16,"2026-07-16 13:58:28"
2816,1,235,14,422.0519,CNY,8,2026-02-16,"2026-07-16 13:58:28"
2817,1,235,14,402.1634,CNY,9,2026-03-16,"2026-07-16 13:58:28"
2818,1,235,14,454.5029,CNY,10,2026-04-16,"2026-07-16 13:58:28"
2819,1,235,14,444.9283,CNY,11,2026-05-16,"2026-07-16 13:58:28"
2820,1,235,14,466.3579,CNY,12,2026-06-16,"2026-07-16 13:58:28"
2821,1,236,12,143.9691,CNY,1,2025-07-16,"2026-07-16 13:58:28"
2822,1,236,12,140.3617,CNY,2,2025-08-16,"2026-07-16 13:58:28"
2823,1,236,12,139.6192,CNY,3,2025-09-16,"2026-07-16 13:58:28"
2824,1,236,12,136.1437,CNY,4,2025-10-16,"2026-07-16 13:58:28"
2825,1,236,12,127.5695,CNY,5,2025-11-16,"2026-07-16 13:58:28"
2826,1,236,12,129.9263,CNY,6,2025-12-16,"2026-07-16 13:58:28"
2827,1,236,12,136.505,CNY,7,2026-01-16,"2026-07-16 13:58:28"
2828,1,236,12,141.2008,CNY,8,2026-02-16,"2026-07-16 13:58:28"
2829,1,236,12,144.8111,CNY,9,2026-03-16,"2026-07-16 13:58:28"
2830,1,236,12,126.6718,CNY,10,2026-04-16,"2026-07-16 13:58:28"
2831,1,236,12,129.043,CNY,11,2026-05-16,"2026-07-16 13:58:28"
2832,1,236,12,142.9398,CNY,12,2026-06-16,"2026-07-16 13:58:28"
2833,1,237,3,359.5549,CNY,1,2025-07-16,"2026-07-16 13:58:28"
2834,1,237,3,398.1014,CNY,2,2025-08-16,"2026-07-16 13:58:28"
2835,1,237,3,370.3289,CNY,3,2025-09-16,"2026-07-16 13:58:28"
2836,1,237,3,375.5322,CNY,4,2025-10-16,"2026-07-16 13:58:28"
2837,1,237,3,358.6237,CNY,5,2025-11-16,"2026-07-16 13:58:28"
2838,1,237,3,377.1823,CNY,6,2025-12-16,"2026-07-16 13:58:28"
2839,1,237,3,356.1199,CNY,7,2026-01-16,"2026-07-16 13:58:28"
2840,1,237,3,370.2949,CNY,8,2026-02-16,"2026-07-16 13:58:28"
2841,1,237,3,410.4126,CNY,9,2026-03-16,"2026-07-16 13:58:28"
2842,1,237,3,402.6673,CNY,10,2026-04-16,"2026-07-16 13:58:28"
2843,1,237,3,415.454,CNY,11,2026-05-16,"2026-07-16 13:58:28"
2844,1,237,3,418.2227,CNY,12,2026-06-16,"2026-07-16 13:58:28"
2845,1,238,6,287.6447,CNY,1,2025-07-16,"2026-07-16 13:58:28"
2846,1,238,6,304.0975,CNY,2,2025-08-16,"2026-07-16 13:58:28"
2847,1,238,6,289.3788,CNY,3,2025-09-16,"2026-07-16 13:58:28"
2848,1,238,6,287.4379,CNY,4,2025-10-16,"2026-07-16 13:58:28"
2849,1,238,6,274.3189,CNY,5,2025-11-16,"2026-07-16 13:58:28"
2850,1,238,6,295.0454,CNY,6,2025-12-16,"2026-07-16 13:58:28"
2851,1,238,6,304.0175,CNY,7,2026-01-16,"2026-07-16 13:58:28"
2852,1,238,6,317.7205,CNY,8,2026-02-16,"2026-07-16 13:58:28"
2853,1,238,6,290.2422,CNY,9,2026-03-16,"2026-07-16 13:58:28"
2854,1,238,6,323.6329,CNY,10,2026-04-16,"2026-07-16 13:58:28"
2855,1,238,6,277.0497,CNY,11,2026-05-16,"2026-07-16 13:58:28"
2856,1,238,6,321.7185,CNY,12,2026-06-16,"2026-07-16 13:58:28"
2857,1,239,1,46.6043,USD,1,2025-07-16,"2026-07-16 13:58:28"
2858,1,239,1,48.0689,USD,2,2025-08-16,"2026-07-16 13:58:28"
2859,1,239,1,44.646,USD,3,2025-09-16,"2026-07-16 13:58:28"
2860,1,239,1,46.9456,USD,4,2025-10-16,"2026-07-16 13:58:28"
2861,1,239,1,47.4185,USD,5,2025-11-16,"2026-07-16 13:58:28"
2862,1,239,1,51.1398,USD,6,2025-12-16,"2026-07-16 13:58:28"
2863,1,239,1,47.3506,USD,7,2026-01-16,"2026-07-16 13:58:28"
2864,1,239,1,50.193,USD,8,2026-02-16,"2026-07-16 13:58:28"
2865,1,239,1,46.9781,USD,9,2026-03-16,"2026-07-16 13:58:28"
2866,1,239,1,52.5457,USD,10,2026-04-16,"2026-07-16 13:58:28"
2867,1,239,1,50.4208,USD,11,2026-05-16,"2026-07-16 13:58:28"
2868,1,239,1,47.3324,USD,12,2026-06-16,"2026-07-16 13:58:28"
2869,1,240,17,775.5918,CNY,1,2025-07-16,"2026-07-16 13:58:28"
2870,1,240,17,760.8119,CNY,2,2025-08-16,"2026-07-16 13:58:28"
2871,1,240,17,793.7704,CNY,3,2025-09-16,"2026-07-16 13:58:28"
2872,1,240,17,787.6744,CNY,4,2025-10-16,"2026-07-16 13:58:28"
2873,1,240,17,853.9748,CNY,5,2025-11-16,"2026-07-16 13:58:28"
2874,1,240,17,824.0818,CNY,6,2025-12-16,"2026-07-16 13:58:28"
2875,1,240,17,787.7706,CNY,7,2026-01-16,"2026-07-16 13:58:28"
2876,1,240,17,721.0383,CNY,8,2026-02-16,"2026-07-16 13:58:28"
2877,1,240,17,869.5864,CNY,9,2026-03-16,"2026-07-16 13:58:28"
2878,1,240,17,740.7652,CNY,10,2026-04-16,"2026-07-16 13:58:28"
2879,1,240,17,802.642,CNY,11,2026-05-16,"2026-07-16 13:58:28"
2880,1,240,17,845.8893,CNY,12,2026-06-16,"2026-07-16 13:58:28"
2881,1,241,10,862.5842,CNY,1,2025-07-16,"2026-07-16 13:58:28"
2882,1,241,10,796.6003,CNY,2,2025-08-16,"2026-07-16 13:58:28"
2883,1,241,10,828.3294,CNY,3,2025-09-16,"2026-07-16 13:58:28"
2884,1,241,10,947.3754,CNY,4,2025-10-16,"2026-07-16 13:58:28"
2885,1,241,10,849.4141,CNY,5,2025-11-16,"2026-07-16 13:58:28"
2886,1,241,10,852.0305,CNY,6,2025-12-16,"2026-07-16 13:58:28"
2887,1,241,10,919.6222,CNY,7,2026-01-16,"2026-07-16 13:58:28"
2888,1,241,10,937.093,CNY,8,2026-02-16,"2026-07-16 13:58:28"
2889,1,241,10,923.1086,CNY,9,2026-03-16,"2026-07-16 13:58:28"
2890,1,241,10,886.4273,CNY,10,2026-04-16,"2026-07-16 13:58:28"
2891,1,241,10,937.0671,CNY,11,2026-05-16,"2026-07-16 13:58:28"
2892,1,241,10,934.0396,CNY,12,2026-06-16,"2026-07-16 13:58:28"
2893,1,242,8,12.8964,CNY,1,2025-07-16,"2026-07-16 13:58:28"
2894,1,242,8,14.8884,CNY,2,2025-08-16,"2026-07-16 13:58:28"
2895,1,242,8,12.7988,CNY,3,2025-09-16,"2026-07-16 13:58:28"
2896,1,242,8,12.87,CNY,4,2025-10-16,"2026-07-16 13:58:28"
2897,1,242,8,14.3166,CNY,5,2025-11-16,"2026-07-16 13:58:28"
2898,1,242,8,15.1825,CNY,6,2025-12-16,"2026-07-16 13:58:28"
2899,1,242,8,13.9005,CNY,7,2026-01-16,"2026-07-16 13:58:28"
2900,1,242,8,14.3117,CNY,8,2026-02-16,"2026-07-16 13:58:28"
2901,1,242,8,13.132,CNY,9,2026-03-16,"2026-07-16 13:58:28"
2902,1,242,8,13.1988,CNY,10,2026-04-16,"2026-07-16 13:58:28"
2903,1,242,8,15.1668,CNY,11,2026-05-16,"2026-07-16 13:58:28"
2904,1,242,8,13.963,CNY,12,2026-06-16,"2026-07-16 13:58:28"
2905,1,243,4,154.9319,USD,1,2025-07-16,"2026-07-16 13:58:28"
2906,1,243,4,140.9292,USD,2,2025-08-16,"2026-07-16 13:58:28"
2907,1,243,4,135.0252,USD,3,2025-09-16,"2026-07-16 13:58:28"
2908,1,243,4,137.8618,USD,4,2025-10-16,"2026-07-16 13:58:28"
2909,1,243,4,140.4242,USD,5,2025-11-16,"2026-07-16 13:58:28"
2910,1,243,4,145.0084,USD,6,2025-12-16,"2026-07-16 13:58:28"
2911,1,243,4,130.7026,USD,7,2026-01-16,"2026-07-16 13:58:28"
2912,1,243,4,152.1123,USD,8,2026-02-16,"2026-07-16 13:58:28"
2913,1,243,4,139.0653,USD,9,2026-03-16,"2026-07-16 13:58:28"
2914,1,243,4,153.0935,USD,10,2026-04-16,"2026-07-16 13:58:28"
2915,1,243,4,143.4681,USD,11,2026-05-16,"2026-07-16 13:58:28"
2916,1,243,4,137.9527,USD,12,2026-06-16,"2026-07-16 13:58:28"
2917,1,244,17,639.8685,USD,1,2025-07-16,"2026-07-16 13:58:28"
2918,1,244,17,601.7511,USD,2,2025-08-16,"2026-07-16 13:58:28"
2919,1,244,17,624.7274,USD,3,2025-09-16,"2026-07-16 13:58:28"
2920,1,244,17,617.4106,USD,4,2025-10-16,"2026-07-16 13:58:28"
2921,1,244,17,558.6864,USD,5,2025-11-16,"2026-07-16 13:58:28"
2922,1,244,17,641.7001,USD,6,2025-12-16,"2026-07-16 13:58:28"
2923,1,244,17,643.241,USD,7,2026-01-16,"2026-07-16 13:58:28"
2924,1,244,17,652.3524,USD,8,2026-02-16,"2026-07-16 13:58:28"
2925,1,244,17,651.4009,USD,9,2026-03-16,"2026-07-16 13:58:28"
2926,1,244,17,561.7772,USD,10,2026-04-16,"2026-07-16 13:58:28"
2927,1,244,17,554.7617,USD,11,2026-05-16,"2026-07-16 13:58:28"
2928,1,244,17,611.8252,USD,12,2026-06-16,"2026-07-16 13:58:28"
2929,1,245,17,137.7432,CNY,1,2025-07-16,"2026-07-16 13:58:28"
2930,1,245,17,158.7565,CNY,2,2025-08-16,"2026-07-16 13:58:28"
2931,1,245,17,160.229,CNY,3,2025-09-16,"2026-07-16 13:58:28"
2932,1,245,17,168.2065,CNY,4,2025-10-16,"2026-07-16 13:58:28"
2933,1,245,17,158.2204,CNY,5,2025-11-16,"2026-07-16 13:58:28"
2934,1,245,17,151.743,CNY,6,2025-12-16,"2026-07-16 13:58:28"
2935,1,245,17,157.5842,CNY,7,2026-01-16,"2026-07-16 13:58:28"
2936,1,245,17,157.1383,CNY,8,2026-02-16,"2026-07-16 13:58:28"
2937,1,245,17,166.2506,CNY,9,2026-03-16,"2026-07-16 13:58:28"
2938,1,245,17,161.2763,CNY,10,2026-04-16,"2026-07-16 13:58:28"
2939,1,245,17,166.6749,CNY,11,2026-05-16,"2026-07-16 13:58:28"
2940,1,245,17,165.1091,CNY,12,2026-06-16,"2026-07-16 13:58:28"
2941,1,246,3,566.3876,USD,1,2025-07-16,"2026-07-16 13:58:28"
2942,1,246,3,595.4888,USD,2,2025-08-16,"2026-07-16 13:58:28"
2943,1,246,3,592.2282,USD,3,2025-09-16,"2026-07-16 13:58:28"
2944,1,246,3,530.7666,USD,4,2025-10-16,"2026-07-16 13:58:28"
2945,1,246,3,552.8538,USD,5,2025-11-16,"2026-07-16 13:58:28"
2946,1,246,3,554.1522,USD,6,2025-12-16,"2026-07-16 13:58:28"
2947,1,246,3,597.655,USD,7,2026-01-16,"2026-07-16 13:58:28"
2948,1,246,3,571.128,USD,8,2026-02-16,"2026-07-16 13:58:28"
2949,1,246,3,518.8753,USD,9,2026-03-16,"2026-07-16 13:58:28"
2950,1,246,3,515.6958,USD,10,2026-04-16,"2026-07-16 13:58:28"
2951,1,246,3,527.1184,USD,11,2026-05-16,"2026-07-16 13:58:28"
2952,1,246,3,575.8422,USD,12,2026-06-16,"2026-07-16 13:58:28"
2953,1,247,5,324.3201,CNY,1,2025-07-16,"2026-07-16 13:58:28"
2954,1,247,5,387.8055,CNY,2,2025-08-16,"2026-07-16 13:58:28"
2955,1,247,5,323.0636,CNY,3,2025-09-16,"2026-07-16 13:58:28"
2956,1,247,5,380.2034,CNY,4,2025-10-16,"2026-07-16 13:58:28"
2957,1,247,5,384.0573,CNY,5,2025-11-16,"2026-07-16 13:58:28"
2958,1,247,5,382.1566,CNY,6,2025-12-16,"2026-07-16 13:58:28"
2959,1,247,5,364.8937,CNY,7,2026-01-16,"2026-07-16 13:58:28"
2960,1,247,5,366.9317,CNY,8,2026-02-16,"2026-07-16 13:58:28"
2961,1,247,5,331.4459,CNY,9,2026-03-16,"2026-07-16 13:58:28"
2962,1,247,5,355.3921,CNY,10,2026-04-16,"2026-07-16 13:58:28"
2963,1,247,5,329.6448,CNY,11,2026-05-16,"2026-07-16 13:58:28"
2964,1,247,5,379.3581,CNY,12,2026-06-16,"2026-07-16 13:58:28"
2965,1,248,17,721.2403,CNY,1,2025-07-16,"2026-07-16 13:58:28"
2966,1,248,17,626.7315,CNY,2,2025-08-16,"2026-07-16 13:58:28"
2967,1,248,17,699.4887,CNY,3,2025-09-16,"2026-07-16 13:58:28"
2968,1,248,17,718.2084,CNY,4,2025-10-16,"2026-07-16 13:58:28"
2969,1,248,17,685.9323,CNY,5,2025-11-16,"2026-07-16 13:58:28"
2970,1,248,17,643.9268,CNY,6,2025-12-16,"2026-07-16 13:58:28"
2971,1,248,17,710.679,CNY,7,2026-01-16,"2026-07-16 13:58:28"
2972,1,248,17,729.9125,CNY,8,2026-02-16,"2026-07-16 13:58:28"
2973,1,248,17,659.4877,CNY,9,2026-03-16,"2026-07-16 13:58:28"
2974,1,248,17,622.6498,CNY,10,2026-04-16,"2026-07-16 13:58:28"
2975,1,248,17,630.2592,CNY,11,2026-05-16,"2026-07-16 13:58:28"
2976,1,248,17,619.7304,CNY,12,2026-06-16,"2026-07-16 13:58:28"
2977,1,249,19,645.4106,CNY,1,2025-07-16,"2026-07-16 13:58:28"
2978,1,249,19,572.3574,CNY,2,2025-08-16,"2026-07-16 13:58:28"
2979,1,249,19,589.6982,CNY,3,2025-09-16,"2026-07-16 13:58:28"
2980,1,249,19,607.632,CNY,4,2025-10-16,"2026-07-16 13:58:28"
2981,1,249,19,625.3065,CNY,5,2025-11-16,"2026-07-16 13:58:28"
2982,1,249,19,659.3065,CNY,6,2025-12-16,"2026-07-16 13:58:28"
2983,1,249,19,642.471,CNY,7,2026-01-16,"2026-07-16 13:58:28"
2984,1,249,19,632.5444,CNY,8,2026-02-16,"2026-07-16 13:58:28"
2985,1,249,19,569.5818,CNY,9,2026-03-16,"2026-07-16 13:58:28"
2986,1,249,19,554.9974,CNY,10,2026-04-16,"2026-07-16 13:58:28"
2987,1,249,19,644.3324,CNY,11,2026-05-16,"2026-07-16 13:58:28"
2988,1,249,19,551.6756,CNY,12,2026-06-16,"2026-07-16 13:58:28"
2989,1,250,14,524.5395,CNY,1,2025-07-16,"2026-07-16 13:58:28"
2990,1,250,14,471.8293,CNY,2,2025-08-16,"2026-07-16 13:58:28"
2991,1,250,14,540.6957,CNY,3,2025-09-16,"2026-07-16 13:58:28"
2992,1,250,14,561.5022,CNY,4,2025-10-16,"2026-07-16 13:58:28"
2993,1,250,14,482.0753,CNY,5,2025-11-16,"2026-07-16 13:58:28"
2994,1,250,14,566.067,CNY,6,2025-12-16,"2026-07-16 13:58:28"
2995,1,250,14,554.1034,CNY,7,2026-01-16,"2026-07-16 13:58:28"
2996,1,250,14,518.7219,CNY,8,2026-02-16,"2026-07-16 13:58:28"
2997,1,250,14,527.3329,CNY,9,2026-03-16,"2026-07-16 13:58:28"
2998,1,250,14,471.6536,CNY,10,2026-04-16,"2026-07-16 13:58:28"
2999,1,250,14,491.3405,CNY,11,2026-05-16,"2026-07-16 13:58:28"
3000,1,250,14,569.0692,CNY,12,2026-06-16,"2026-07-16 13:58:28"
3001,1,251,14,576.5243,CNY,1,2025-07-16,"2026-07-16 13:58:28"
3002,1,251,14,603.8154,CNY,2,2025-08-16,"2026-07-16 13:58:28"
3003,1,251,14,575.1421,CNY,3,2025-09-16,"2026-07-16 13:58:28"
3004,1,251,14,567.2013,CNY,4,2025-10-16,"2026-07-16 13:58:28"
3005,1,251,14,564.8714,CNY,5,2025-11-16,"2026-07-16 13:58:28"
3006,1,251,14,592.004,CNY,6,2025-12-16,"2026-07-16 13:58:28"
3007,1,251,14,542.9643,CNY,7,2026-01-16,"2026-07-16 13:58:28"
3008,1,251,14,514.6059,CNY,8,2026-02-16,"2026-07-16 13:58:28"
3009,1,251,14,509.6354,CNY,9,2026-03-16,"2026-07-16 13:58:28"
3010,1,251,14,515.6913,CNY,10,2026-04-16,"2026-07-16 13:58:28"
3011,1,251,14,502.1995,CNY,11,2026-05-16,"2026-07-16 13:58:28"
3012,1,251,14,543.4319,CNY,12,2026-06-16,"2026-07-16 13:58:28"
3013,1,252,16,435.7946,CNY,1,2025-07-16,"2026-07-16 13:58:28"
3014,1,252,16,438.5528,CNY,2,2025-08-16,"2026-07-16 13:58:28"
3015,1,252,16,440.7451,CNY,3,2025-09-16,"2026-07-16 13:58:28"
3016,1,252,16,432.8904,CNY,4,2025-10-16,"2026-07-16 13:58:28"
3017,1,252,16,470.811,CNY,5,2025-11-16,"2026-07-16 13:58:28"
3018,1,252,16,430.76,CNY,6,2025-12-16,"2026-07-16 13:58:28"
3019,1,252,16,454.4595,CNY,7,2026-01-16,"2026-07-16 13:58:28"
3020,1,252,16,482.9089,CNY,8,2026-02-16,"2026-07-16 13:58:28"
3021,1,252,16,487.9058,CNY,9,2026-03-16,"2026-07-16 13:58:28"
3022,1,252,16,466.1119,CNY,10,2026-04-16,"2026-07-16 13:58:28"
3023,1,252,16,417.622,CNY,11,2026-05-16,"2026-07-16 13:58:28"
3024,1,252,16,485.0696,CNY,12,2026-06-16,"2026-07-16 13:58:28"
3025,1,253,11,682.0464,CNY,1,2025-07-16,"2026-07-16 13:58:28"
3026,1,253,11,718.7778,CNY,2,2025-08-16,"2026-07-16 13:58:28"
3027,1,253,11,694.1323,CNY,3,2025-09-16,"2026-07-16 13:58:28"
3028,1,253,11,766.5292,CNY,4,2025-10-16,"2026-07-16 13:58:28"
3029,1,253,11,740.2489,CNY,5,2025-11-16,"2026-07-16 13:58:28"
3030,1,253,11,815.3749,CNY,6,2025-12-16,"2026-07-16 13:58:28"
3031,1,253,11,737.9598,CNY,7,2026-01-16,"2026-07-16 13:58:28"
3032,1,253,11,820.064,CNY,8,2026-02-16,"2026-07-16 13:58:28"
3033,1,253,11,690.1554,CNY,9,2026-03-16,"2026-07-16 13:58:28"
3034,1,253,11,737.2368,CNY,10,2026-04-16,"2026-07-16 13:58:28"
3035,1,253,11,700.4497,CNY,11,2026-05-16,"2026-07-16 13:58:28"
3036,1,253,11,813.8417,CNY,12,2026-06-16,"2026-07-16 13:58:28"
3037,1,254,15,540.8093,CNY,1,2025-07-16,"2026-07-16 13:58:28"
3038,1,254,15,520.8763,CNY,2,2025-08-16,"2026-07-16 13:58:28"
3039,1,254,15,563.6274,CNY,3,2025-09-16,"2026-07-16 13:58:28"
3040,1,254,15,571.0578,CNY,4,2025-10-16,"2026-07-16 13:58:28"
3041,1,254,15,571.7704,CNY,5,2025-11-16,"2026-07-16 13:58:28"
3042,1,254,15,588.9663,CNY,6,2025-12-16,"2026-07-16 13:58:28"
3043,1,254,15,559.3968,CNY,7,2026-01-16,"2026-07-16 13:58:28"
3044,1,254,15,527.3613,CNY,8,2026-02-16,"2026-07-16 13:58:28"
3045,1,254,15,491.6653,CNY,9,2026-03-16,"2026-07-16 13:58:28"
3046,1,254,15,538.1779,CNY,10,2026-04-16,"2026-07-16 13:58:28"
3047,1,254,15,516.0927,CNY,11,2026-05-16,"2026-07-16 13:58:28"
3048,1,254,15,509.4877,CNY,12,2026-06-16,"2026-07-16 13:58:28"
3049,1,255,2,770.8754,CNY,1,2025-07-16,"2026-07-16 13:58:28"
3050,1,255,2,853.5422,CNY,2,2025-08-16,"2026-07-16 13:58:28"
3051,1,255,2,863.0464,CNY,3,2025-09-16,"2026-07-16 13:58:28"
3052,1,255,2,862.6141,CNY,4,2025-10-16,"2026-07-16 13:58:28"
3053,1,255,2,782.3691,CNY,5,2025-11-16,"2026-07-16 13:58:28"
3054,1,255,2,888.6891,CNY,6,2025-12-16,"2026-07-16 13:58:28"
3055,1,255,2,811.1441,CNY,7,2026-01-16,"2026-07-16 13:58:28"
3056,1,255,2,910.2008,CNY,8,2026-02-16,"2026-07-16 13:58:28"
3057,1,255,2,815.662,CNY,9,2026-03-16,"2026-07-16 13:58:28"
3058,1,255,2,902.3272,CNY,10,2026-04-16,"2026-07-16 13:58:28"
3059,1,255,2,897.0305,CNY,11,2026-05-16,"2026-07-16 13:58:28"
3060,1,255,2,811.1838,CNY,12,2026-06-16,"2026-07-16 13:58:28"
3061,1,256,17,204.903,CNY,1,2025-07-16,"2026-07-16 13:58:28"
3062,1,256,17,228.3216,CNY,2,2025-08-16,"2026-07-16 13:58:28"
3063,1,256,17,192.6108,CNY,3,2025-09-16,"2026-07-16 13:58:28"
3064,1,256,17,222.3759,CNY,4,2025-10-16,"2026-07-16 13:58:28"
3065,1,256,17,193.6896,CNY,5,2025-11-16,"2026-07-16 13:58:28"
3066,1,256,17,221.8014,CNY,6,2025-12-16,"2026-07-16 13:58:28"
3067,1,256,17,193.4287,CNY,7,2026-01-16,"2026-07-16 13:58:28"
3068,1,256,17,193.1046,CNY,8,2026-02-16,"2026-07-16 13:58:28"
3069,1,256,17,222.1027,CNY,9,2026-03-16,"2026-07-16 13:58:28"
3070,1,256,17,213.468,CNY,10,2026-04-16,"2026-07-16 13:58:28"
3071,1,256,17,205.308,CNY,11,2026-05-16,"2026-07-16 13:58:28"
3072,1,256,17,228.3744,CNY,12,2026-06-16,"2026-07-16 13:58:28"
3073,1,257,2,27.8343,CNY,1,2025-07-16,"2026-07-16 13:58:28"
3074,1,257,2,26.7697,CNY,2,2025-08-16,"2026-07-16 13:58:28"
3075,1,257,2,28.8104,CNY,3,2025-09-16,"2026-07-16 13:58:28"
3076,1,257,2,26.845,CNY,4,2025-10-16,"2026-07-16 13:58:28"
3077,1,257,2,25.7514,CNY,5,2025-11-16,"2026-07-16 13:58:28"
3078,1,257,2,27.1731,CNY,6,2025-12-16,"2026-07-16 13:58:28"
3079,1,257,2,25.513,CNY,7,2026-01-16,"2026-07-16 13:58:28"
3080,1,257,2,29.3543,CNY,8,2026-02-16,"2026-07-16 13:58:28"
3081,1,257,2,27.3278,CNY,9,2026-03-16,"2026-07-16 13:58:28"
3082,1,257,2,25.8272,CNY,10,2026-04-16,"2026-07-16 13:58:28"
3083,1,257,2,25.2784,CNY,11,2026-05-16,"2026-07-16 13:58:28"
3084,1,257,2,26.4843,CNY,12,2026-06-16,"2026-07-16 13:58:28"
3085,1,258,19,348.3095,USD,1,2025-07-16,"2026-07-16 13:58:28"
3086,1,258,19,337.6457,USD,2,2025-08-16,"2026-07-16 13:58:28"
3087,1,258,19,344.3551,USD,3,2025-09-16,"2026-07-16 13:58:28"
3088,1,258,19,345.2656,USD,4,2025-10-16,"2026-07-16 13:58:28"
3089,1,258,19,319.2159,USD,5,2025-11-16,"2026-07-16 13:58:28"
3090,1,258,19,335.936,USD,6,2025-12-16,"2026-07-16 13:58:28"
3091,1,258,19,320.6697,USD,7,2026-01-16,"2026-07-16 13:58:28"
3092,1,258,19,319.8736,USD,8,2026-02-16,"2026-07-16 13:58:28"
3093,1,258,19,308.781,USD,9,2026-03-16,"2026-07-16 13:58:28"
3094,1,258,19,366.3021,USD,10,2026-04-16,"2026-07-16 13:58:28"
3095,1,258,19,310.4963,USD,11,2026-05-16,"2026-07-16 13:58:28"
3096,1,258,19,344.5376,USD,12,2026-06-16,"2026-07-16 13:58:28"
3097,1,259,3,944.2286,USD,1,2025-07-16,"2026-07-16 13:58:28"
3098,1,259,3,834.8918,USD,2,2025-08-16,"2026-07-16 13:58:28"
3099,1,259,3,929.242,USD,3,2025-09-16,"2026-07-16 13:58:28"
3100,1,259,3,826.0984,USD,4,2025-10-16,"2026-07-16 13:58:28"
3101,1,259,3,819.1206,USD,5,2025-11-16,"2026-07-16 13:58:28"
3102,1,259,3,847.7656,USD,6,2025-12-16,"2026-07-16 13:58:28"
3103,1,259,3,866.7095,USD,7,2026-01-16,"2026-07-16 13:58:28"
3104,1,259,3,909.3204,USD,8,2026-02-16,"2026-07-16 13:58:28"
3105,1,259,3,875.7654,USD,9,2026-03-16,"2026-07-16 13:58:28"
3106,1,259,3,943.541,USD,10,2026-04-16,"2026-07-16 13:58:28"
3107,1,259,3,791.8,USD,11,2026-05-16,"2026-07-16 13:58:28"
3108,1,259,3,936.6889,USD,12,2026-06-16,"2026-07-16 13:58:28"
3109,1,260,9,399.0552,USD,1,2025-07-16,"2026-07-16 13:58:28"
3110,1,260,9,430.1694,USD,2,2025-08-16,"2026-07-16 13:58:28"
3111,1,260,9,383.6039,USD,3,2025-09-16,"2026-07-16 13:58:28"
3112,1,260,9,436.9947,USD,4,2025-10-16,"2026-07-16 13:58:28"
3113,1,260,9,447.4331,USD,5,2025-11-16,"2026-07-16 13:58:28"
3114,1,260,9,444.5888,USD,6,2025-12-16,"2026-07-16 13:58:28"
3115,1,260,9,398.0832,USD,7,2026-01-16,"2026-07-16 13:58:28"
3116,1,260,9,411.0239,USD,8,2026-02-16,"2026-07-16 13:58:28"
3117,1,260,9,446.8194,USD,9,2026-03-16,"2026-07-16 13:58:28"
3118,1,260,9,428.9427,USD,10,2026-04-16,"2026-07-16 13:58:28"
3119,1,260,9,410.8369,USD,11,2026-05-16,"2026-07-16 13:58:28"
3120,1,260,9,395.3931,USD,12,2026-06-16,"2026-07-16 13:58:28"
3121,1,261,12,786.1266,CNY,1,2025-07-16,"2026-07-16 13:58:28"
3122,1,261,12,687.5086,CNY,2,2025-08-16,"2026-07-16 13:58:28"
3123,1,261,12,761.1855,CNY,3,2025-09-16,"2026-07-16 13:58:28"
3124,1,261,12,748.6184,CNY,4,2025-10-16,"2026-07-16 13:58:28"
3125,1,261,12,694.996,CNY,5,2025-11-16,"2026-07-16 13:58:28"
3126,1,261,12,771.3451,CNY,6,2025-12-16,"2026-07-16 13:58:28"
3127,1,261,12,724.9895,CNY,7,2026-01-16,"2026-07-16 13:58:28"
3128,1,261,12,661.3064,CNY,8,2026-02-16,"2026-07-16 13:58:28"
3129,1,261,12,746.5346,CNY,9,2026-03-16,"2026-07-16 13:58:28"
3130,1,261,12,728.2058,CNY,10,2026-04-16,"2026-07-16 13:58:28"
3131,1,261,12,665.2643,CNY,11,2026-05-16,"2026-07-16 13:58:28"
3132,1,261,12,751.1966,CNY,12,2026-06-16,"2026-07-16 13:58:28"
3133,1,262,13,18.5226,CNY,1,2025-07-16,"2026-07-16 13:58:28"
3134,1,262,13,19.3931,CNY,2,2025-08-16,"2026-07-16 13:58:28"
3135,1,262,13,19.4412,CNY,3,2025-09-16,"2026-07-16 13:58:28"
3136,1,262,13,17.2593,CNY,4,2025-10-16,"2026-07-16 13:58:28"
3137,1,262,13,18.7742,CNY,5,2025-11-16,"2026-07-16 13:58:28"
3138,1,262,13,18.0556,CNY,6,2025-12-16,"2026-07-16 13:58:28"
3139,1,262,13,18.2777,CNY,7,2026-01-16,"2026-07-16 13:58:28"
3140,1,262,13,17.3074,CNY,8,2026-02-16,"2026-07-16 13:58:28"
3141,1,262,13,17.5811,CNY,9,2026-03-16,"2026-07-16 13:58:28"
3142,1,262,13,16.6469,CNY,10,2026-04-16,"2026-07-16 13:58:28"
3143,1,262,13,19.0496,CNY,11,2026-05-16,"2026-07-16 13:58:28"
3144,1,262,13,19.8326,CNY,12,2026-06-16,"2026-07-16 13:58:28"
3145,1,263,13,13.2471,USD,1,2025-07-16,"2026-07-16 13:58:28"
3146,1,263,13,14.8654,USD,2,2025-08-16,"2026-07-16 13:58:28"
3147,1,263,13,13.3193,USD,3,2025-09-16,"2026-07-16 13:58:28"
3148,1,263,13,13.8518,USD,4,2025-10-16,"2026-07-16 13:58:28"
3149,1,263,13,15.6448,USD,5,2025-11-16,"2026-07-16 13:58:28"
3150,1,263,13,15.0979,USD,6,2025-12-16,"2026-07-16 13:58:28"
3151,1,263,13,13.1773,USD,7,2026-01-16,"2026-07-16 13:58:28"
3152,1,263,13,14.96,USD,8,2026-02-16,"2026-07-16 13:58:28"
3153,1,263,13,13.1019,USD,9,2026-03-16,"2026-07-16 13:58:28"
3154,1,263,13,15.6634,USD,10,2026-04-16,"2026-07-16 13:58:28"
3155,1,263,13,14.9718,USD,11,2026-05-16,"2026-07-16 13:58:28"
3156,1,263,13,14.4474,USD,12,2026-06-16,"2026-07-16 13:58:28"
3157,1,264,4,360.1515,CNY,1,2025-07-16,"2026-07-16 13:58:28"
3158,1,264,4,371.7543,CNY,2,2025-08-16,"2026-07-16 13:58:28"
3159,1,264,4,413.3384,CNY,3,2025-09-16,"2026-07-16 13:58:28"
3160,1,264,4,408.389,CNY,4,2025-10-16,"2026-07-16 13:58:28"
3161,1,264,4,359.7976,CNY,5,2025-11-16,"2026-07-16 13:58:28"
3162,1,264,4,402.3491,CNY,6,2025-12-16,"2026-07-16 13:58:28"
3163,1,264,4,386.8789,CNY,7,2026-01-16,"2026-07-16 13:58:28"
3164,1,264,4,397.3339,CNY,8,2026-02-16,"2026-07-16 13:58:28"
3165,1,264,4,426.7476,CNY,9,2026-03-16,"2026-07-16 13:58:28"
3166,1,264,4,412.285,CNY,10,2026-04-16,"2026-07-16 13:58:28"
3167,1,264,4,389.0416,CNY,11,2026-05-16,"2026-07-16 13:58:28"
3168,1,264,4,356.2207,CNY,12,2026-06-16,"2026-07-16 13:58:28"
3169,1,265,14,511.397,CNY,1,2025-07-16,"2026-07-16 13:58:28"
3170,1,265,14,470.4902,CNY,2,2025-08-16,"2026-07-16 13:58:28"
3171,1,265,14,464.7978,CNY,3,2025-09-16,"2026-07-16 13:58:28"
3172,1,265,14,503.5956,CNY,4,2025-10-16,"2026-07-16 13:58:28"
3173,1,265,14,458.8606,CNY,5,2025-11-16,"2026-07-16 13:58:28"
3174,1,265,14,458.3627,CNY,6,2025-12-16,"2026-07-16 13:58:28"
3175,1,265,14,471.4239,CNY,7,2026-01-16,"2026-07-16 13:58:28"
3176,1,265,14,481.3144,CNY,8,2026-02-16,"2026-07-16 13:58:28"
3177,1,265,14,480.5811,CNY,9,2026-03-16,"2026-07-16 13:58:28"
3178,1,265,14,451.1493,CNY,10,2026-04-16,"2026-07-16 13:58:28"
3179,1,265,14,458.9387,CNY,11,2026-05-16,"2026-07-16 13:58:28"
3180,1,265,14,422.5145,CNY,12,2026-06-16,"2026-07-16 13:58:28"
3181,1,266,4,665.9438,USD,1,2025-07-16,"2026-07-16 13:58:28"
3182,1,266,4,567.4729,USD,2,2025-08-16,"2026-07-16 13:58:28"
3183,1,266,4,563.4732,USD,3,2025-09-16,"2026-07-16 13:58:28"
3184,1,266,4,627.3923,USD,4,2025-10-16,"2026-07-16 13:58:28"
3185,1,266,4,674.4709,USD,5,2025-11-16,"2026-07-16 13:58:28"
3186,1,266,4,612.5415,USD,6,2025-12-16,"2026-07-16 13:58:28"
3187,1,266,4,572.4809,USD,7,2026-01-16,"2026-07-16 13:58:28"
3188,1,266,4,594.8217,USD,8,2026-02-16,"2026-07-16 13:58:28"
3189,1,266,4,625.0586,USD,9,2026-03-16,"2026-07-16 13:58:28"
3190,1,266,4,578.9899,USD,10,2026-04-16,"2026-07-16 13:58:28"
3191,1,266,4,647.5987,USD,11,2026-05-16,"2026-07-16 13:58:28"
3192,1,266,4,576.937,USD,12,2026-06-16,"2026-07-16 13:58:28"
3193,1,267,12,199.1261,CNY,1,2025-07-16,"2026-07-16 13:58:28"
3194,1,267,12,194.8751,CNY,2,2025-08-16,"2026-07-16 13:58:28"
3195,1,267,12,174.2914,CNY,3,2025-09-16,"2026-07-16 13:58:28"
3196,1,267,12,188.4872,CNY,4,2025-10-16,"2026-07-16 13:58:28"
3197,1,267,12,172.5715,CNY,5,2025-11-16,"2026-07-16 13:58:28"
3198,1,267,12,179.9769,CNY,6,2025-12-16,"2026-07-16 13:58:28"
3199,1,267,12,175.2824,CNY,7,2026-01-16,"2026-07-16 13:58:28"
3200,1,267,12,191.8151,CNY,8,2026-02-16,"2026-07-16 13:58:28"
3201,1,267,12,201.205,CNY,9,2026-03-16,"2026-07-16 13:58:28"
3202,1,267,12,184.7477,CNY,10,2026-04-16,"2026-07-16 13:58:28"
3203,1,267,12,193.4842,CNY,11,2026-05-16,"2026-07-16 13:58:28"
3204,1,267,12,195.1274,CNY,12,2026-06-16,"2026-07-16 13:58:28"
3205,1,268,9,164.4515,CNY,1,2025-07-16,"2026-07-16 13:58:28"
3206,1,268,9,168.7963,CNY,2,2025-08-16,"2026-07-16 13:58:28"
3207,1,268,9,156.8603,CNY,3,2025-09-16,"2026-07-16 13:58:28"
3208,1,268,9,148.0074,CNY,4,2025-10-16,"2026-07-16 13:58:28"
3209,1,268,9,174.3876,CNY,5,2025-11-16,"2026-07-16 13:58:28"
3210,1,268,9,158.1024,CNY,6,2025-12-16,"2026-07-16 13:58:28"
3211,1,268,9,145.6669,CNY,7,2026-01-16,"2026-07-16 13:58:28"
3212,1,268,9,175.2372,CNY,8,2026-02-16,"2026-07-16 13:58:28"
3213,1,268,9,168.511,CNY,9,2026-03-16,"2026-07-16 13:58:28"
3214,1,268,9,151.5974,CNY,10,2026-04-16,"2026-07-16 13:58:28"
3215,1,268,9,171.9939,CNY,11,2026-05-16,"2026-07-16 13:58:28"
3216,1,268,9,152.3007,CNY,12,2026-06-16,"2026-07-16 13:58:28"
3217,1,269,15,837.9774,CNY,1,2025-07-16,"2026-07-16 13:58:28"
3218,1,269,15,848.4924,CNY,2,2025-08-16,"2026-07-16 13:58:28"
3219,1,269,15,801.7136,CNY,3,2025-09-16,"2026-07-16 13:58:28"
3220,1,269,15,812.9862,CNY,4,2025-10-16,"2026-07-16 13:58:28"
3221,1,269,15,892.9689,CNY,5,2025-11-16,"2026-07-16 13:58:28"
3222,1,269,15,927.1443,CNY,6,2025-12-16,"2026-07-16 13:58:28"
3223,1,269,15,953.6567,CNY,7,2026-01-16,"2026-07-16 13:58:28"
3224,1,269,15,829.6428,CNY,8,2026-02-16,"2026-07-16 13:58:28"
3225,1,269,15,816.6161,CNY,9,2026-03-16,"2026-07-16 13:58:28"
3226,1,269,15,897.2644,CNY,10,2026-04-16,"2026-07-16 13:58:28"
3227,1,269,15,916.9338,CNY,11,2026-05-16,"2026-07-16 13:58:28"
3228,1,269,15,877.8556,CNY,12,2026-06-16,"2026-07-16 13:58:28"
3229,1,270,4,227.6092,CNY,1,2025-07-16,"2026-07-16 13:58:28"
3230,1,270,4,233.543,CNY,2,2025-08-16,"2026-07-16 13:58:28"
3231,1,270,4,230.4308,CNY,3,2025-09-16,"2026-07-16 13:58:28"
3232,1,270,4,228.2329,CNY,4,2025-10-16,"2026-07-16 13:58:28"
3233,1,270,4,215.1122,CNY,5,2025-11-16,"2026-07-16 13:58:28"
3234,1,270,4,232.9355,CNY,6,2025-12-16,"2026-07-16 13:58:28"
3235,1,270,4,224.6421,CNY,7,2026-01-16,"2026-07-16 13:58:28"
3236,1,270,4,196.9156,CNY,8,2026-02-16,"2026-07-16 13:58:28"
3237,1,270,4,220.4926,CNY,9,2026-03-16,"2026-07-16 13:58:28"
3238,1,270,4,196.2479,CNY,10,2026-04-16,"2026-07-16 13:58:28"
3239,1,270,4,222.8967,CNY,11,2026-05-16,"2026-07-16 13:58:28"
3240,1,270,4,221.3022,CNY,12,2026-06-16,"2026-07-16 13:58:28"
3241,1,271,5,310.222,CNY,1,2025-07-16,"2026-07-16 13:58:28"
3242,1,271,5,263.6257,CNY,2,2025-08-16,"2026-07-16 13:58:28"
3243,1,271,5,300.5765,CNY,3,2025-09-16,"2026-07-16 13:58:28"
3244,1,271,5,259.3565,CNY,4,2025-10-16,"2026-07-16 13:58:28"
3245,1,271,5,259.7621,CNY,5,2025-11-16,"2026-07-16 13:58:28"
3246,1,271,5,269.39,CNY,6,2025-12-16,"2026-07-16 13:58:28"
3247,1,271,5,286.998,CNY,7,2026-01-16,"2026-07-16 13:58:28"
3248,1,271,5,257.2987,CNY,8,2026-02-16,"2026-07-16 13:58:28"
3249,1,271,5,302.4562,CNY,9,2026-03-16,"2026-07-16 13:58:28"
3250,1,271,5,308.0369,CNY,10,2026-04-16,"2026-07-16 13:58:28"
3251,1,271,5,295.7803,CNY,11,2026-05-16,"2026-07-16 13:58:28"
3252,1,271,5,286.8786,CNY,12,2026-06-16,"2026-07-16 13:58:28"
3253,1,272,11,256.6181,CNY,1,2025-07-16,"2026-07-16 13:58:28"
3254,1,272,11,251.4065,CNY,2,2025-08-16,"2026-07-16 13:58:28"
3255,1,272,11,250.5181,CNY,3,2025-09-16,"2026-07-16 13:58:28"
3256,1,272,11,233.6282,CNY,4,2025-10-16,"2026-07-16 13:58:28"
3257,1,272,11,234.0942,CNY,5,2025-11-16,"2026-07-16 13:58:28"
3258,1,272,11,257.7061,CNY,6,2025-12-16,"2026-07-16 13:58:28"
3259,1,272,11,232.0443,CNY,7,2026-01-16,"2026-07-16 13:58:28"
3260,1,272,11,220.1564,CNY,8,2026-02-16,"2026-07-16 13:58:28"
3261,1,272,11,224.3155,CNY,9,2026-03-16,"2026-07-16 13:58:28"
3262,1,272,11,250.6691,CNY,10,2026-04-16,"2026-07-16 13:58:28"
3263,1,272,11,239.0203,CNY,11,2026-05-16,"2026-07-16 13:58:28"
3264,1,272,11,225.0247,CNY,12,2026-06-16,"2026-07-16 13:58:28"
3265,1,273,2,391.9917,USD,1,2025-07-16,"2026-07-16 13:58:28"
3266,1,273,2,432.5394,USD,2,2025-08-16,"2026-07-16 13:58:28"
3267,1,273,2,381.2012,USD,3,2025-09-16,"2026-07-16 13:58:28"
3268,1,273,2,379.6837,USD,4,2025-10-16,"2026-07-16 13:58:28"
3269,1,273,2,434.3725,USD,5,2025-11-16,"2026-07-16 13:58:28"
3270,1,273,2,428.6831,USD,6,2025-12-16,"2026-07-16 13:58:28"
3271,1,273,2,439.3505,USD,7,2026-01-16,"2026-07-16 13:58:28"
3272,1,273,2,392.7655,USD,8,2026-02-16,"2026-07-16 13:58:28"
3273,1,273,2,387.4622,USD,9,2026-03-16,"2026-07-16 13:58:28"
3274,1,273,2,385.6182,USD,10,2026-04-16,"2026-07-16 13:58:28"
3275,1,273,2,398.3274,USD,11,2026-05-16,"2026-07-16 13:58:28"
3276,1,273,2,453.9648,USD,12,2026-06-16,"2026-07-16 13:58:28"
3277,1,274,18,28.9807,CNY,1,2025-07-16,"2026-07-16 13:58:28"
3278,1,274,18,29.6183,CNY,2,2025-08-16,"2026-07-16 13:58:28"
3279,1,274,18,30.1778,CNY,3,2025-09-16,"2026-07-16 13:58:28"
3280,1,274,18,29.185,CNY,4,2025-10-16,"2026-07-16 13:58:28"
3281,1,274,18,27.5384,CNY,5,2025-11-16,"2026-07-16 13:58:28"
3282,1,274,18,31.8893,CNY,6,2025-12-16,"2026-07-16 13:58:28"
3283,1,274,18,31.7809,CNY,7,2026-01-16,"2026-07-16 13:58:28"
3284,1,274,18,31.9477,CNY,8,2026-02-16,"2026-07-16 13:58:28"
3285,1,274,18,31.3044,CNY,9,2026-03-16,"2026-07-16 13:58:28"
3286,1,274,18,27.9798,CNY,10,2026-04-16,"2026-07-16 13:58:28"
3287,1,274,18,30.0981,CNY,11,2026-05-16,"2026-07-16 13:58:28"
3288,1,274,18,32.6757,CNY,12,2026-06-16,"2026-07-16 13:58:28"
3289,1,275,6,538.4576,CNY,1,2025-07-16,"2026-07-16 13:58:28"
3290,1,275,6,452.2317,CNY,2,2025-08-16,"2026-07-16 13:58:28"
3291,1,275,6,535.9159,CNY,3,2025-09-16,"2026-07-16 13:58:28"
3292,1,275,6,531.6892,CNY,4,2025-10-16,"2026-07-16 13:58:28"
3293,1,275,6,518.534,CNY,5,2025-11-16,"2026-07-16 13:58:28"
3294,1,275,6,449.9303,CNY,6,2025-12-16,"2026-07-16 13:58:28"
3295,1,275,6,494.4857,CNY,7,2026-01-16,"2026-07-16 13:58:28"
3296,1,275,6,466.8128,CNY,8,2026-02-16,"2026-07-16 13:58:28"
3297,1,275,6,527.2112,CNY,9,2026-03-16,"2026-07-16 13:58:28"
3298,1,275,6,505.6468,CNY,10,2026-04-16,"2026-07-16 13:58:28"
3299,1,275,6,464.968,CNY,11,2026-05-16,"2026-07-16 13:58:28"
3300,1,275,6,508.5183,CNY,12,2026-06-16,"2026-07-16 13:58:28"
3301,1,276,8,594.9618,CNY,1,2025-07-16,"2026-07-16 13:58:28"
3302,1,276,8,636.9852,CNY,2,2025-08-16,"2026-07-16 13:58:28"
3303,1,276,8,623.6153,CNY,3,2025-09-16,"2026-07-16 13:58:28"
3304,1,276,8,646.6156,CNY,4,2025-10-16,"2026-07-16 13:58:28"
3305,1,276,8,645.1176,CNY,5,2025-11-16,"2026-07-16 13:58:28"
3306,1,276,8,599.1066,CNY,6,2025-12-16,"2026-07-16 13:58:28"
3307,1,276,8,678.3886,CNY,7,2026-01-16,"2026-07-16 13:58:28"
3308,1,276,8,594.1665,CNY,8,2026-02-16,"2026-07-16 13:58:28"
3309,1,276,8,711.5645,CNY,9,2026-03-16,"2026-07-16 13:58:28"
3310,1,276,8,595.6905,CNY,10,2026-04-16,"2026-07-16 13:58:28"
3311,1,276,8,628.2167,CNY,11,2026-05-16,"2026-07-16 13:58:28"
3312,1,276,8,687.1901,CNY,12,2026-06-16,"2026-07-16 13:58:28"
3313,1,277,17,269.7029,CNY,1,2025-07-16,"2026-07-16 13:58:28"
3314,1,277,17,246.7348,CNY,2,2025-08-16,"2026-07-16 13:58:28"
3315,1,277,17,285.2899,CNY,3,2025-09-16,"2026-07-16 13:58:28"
3316,1,277,17,268.5744,CNY,4,2025-10-16,"2026-07-16 13:58:28"
3317,1,277,17,242.8419,CNY,5,2025-11-16,"2026-07-16 13:58:28"
3318,1,277,17,244.2688,CNY,6,2025-12-16,"2026-07-16 13:58:28"
3319,1,277,17,286.9789,CNY,7,2026-01-16,"2026-07-16 13:58:28"
3320,1,277,17,243.5272,CNY,8,2026-02-16,"2026-07-16 13:58:28"
3321,1,277,17,242.7069,CNY,9,2026-03-16,"2026-07-16 13:58:28"
3322,1,277,17,274.7848,CNY,10,2026-04-16,"2026-07-16 13:58:28"
3323,1,277,17,280.9785,CNY,11,2026-05-16,"2026-07-16 13:58:28"
3324,1,277,17,248.7135,CNY,12,2026-06-16,"2026-07-16 13:58:28"
3325,1,278,16,596.2942,USD,1,2025-07-16,"2026-07-16 13:58:28"
3326,1,278,16,588.3489,USD,2,2025-08-16,"2026-07-16 13:58:28"
3327,1,278,16,634.8008,USD,3,2025-09-16,"2026-07-16 13:58:28"
3328,1,278,16,639.0411,USD,4,2025-10-16,"2026-07-16 13:58:28"
3329,1,278,16,588.3993,USD,5,2025-11-16,"2026-07-16 13:58:28"
3330,1,278,16,592.4446,USD,6,2025-12-16,"2026-07-16 13:58:28"
3331,1,278,16,660.6379,USD,7,2026-01-16,"2026-07-16 13:58:28"
3332,1,278,16,582.2412,USD,8,2026-02-16,"2026-07-16 13:58:28"
3333,1,278,16,675.0064,USD,9,2026-03-16,"2026-07-16 13:58:28"
3334,1,278,16,624.9811,USD,10,2026-04-16,"2026-07-16 13:58:28"
3335,1,278,16,606.6934,USD,11,2026-05-16,"2026-07-16 13:58:28"
3336,1,278,16,577.5249,USD,12,2026-06-16,"2026-07-16 13:58:28"
3337,1,279,17,849.8476,CNY,1,2025-07-16,"2026-07-16 13:58:28"
3338,1,279,17,841.7637,CNY,2,2025-08-16,"2026-07-16 13:58:28"
3339,1,279,17,873.6987,CNY,3,2025-09-16,"2026-07-16 13:58:28"
3340,1,279,17,930.3698,CNY,4,2025-10-16,"2026-07-16 13:58:28"
3341,1,279,17,802.618,CNY,5,2025-11-16,"2026-07-16 13:58:28"
3342,1,279,17,806.5761,CNY,6,2025-12-16,"2026-07-16 13:58:28"
3343,1,279,17,932.8009,CNY,7,2026-01-16,"2026-07-16 13:58:28"
3344,1,279,17,819.4265,CNY,8,2026-02-16,"2026-07-16 13:58:28"
3345,1,279,17,846.3866,CNY,9,2026-03-16,"2026-07-16 13:58:28"
3346,1,279,17,816.5595,CNY,10,2026-04-16,"2026-07-16 13:58:28"
3347,1,279,17,821.8776,CNY,11,2026-05-16,"2026-07-16 13:58:28"
3348,1,279,17,848.0193,CNY,12,2026-06-16,"2026-07-16 13:58:28"
3349,1,280,16,196.027,CNY,1,2025-07-16,"2026-07-16 13:58:28"
3350,1,280,16,164.3631,CNY,2,2025-08-16,"2026-07-16 13:58:28"
3351,1,280,16,175.2628,CNY,3,2025-09-16,"2026-07-16 13:58:28"
3352,1,280,16,166.7161,CNY,4,2025-10-16,"2026-07-16 13:58:28"
3353,1,280,16,196.6496,CNY,5,2025-11-16,"2026-07-16 13:58:28"
3354,1,280,16,171.6347,CNY,6,2025-12-16,"2026-07-16 13:58:28"
3355,1,280,16,174.8828,CNY,7,2026-01-16,"2026-07-16 13:58:28"
3356,1,280,16,191.8009,CNY,8,2026-02-16,"2026-07-16 13:58:28"
3357,1,280,16,189.4666,CNY,9,2026-03-16,"2026-07-16 13:58:28"
3358,1,280,16,199.0237,CNY,10,2026-04-16,"2026-07-16 13:58:28"
3359,1,280,16,197.7919,CNY,11,2026-05-16,"2026-07-16 13:58:28"
3360,1,280,16,167.9211,CNY,12,2026-06-16,"2026-07-16 13:58:28"
3361,1,281,4,108.8353,USD,1,2025-07-16,"2026-07-16 13:58:28"
3362,1,281,4,129.2118,USD,2,2025-08-16,"2026-07-16 13:58:28"
3363,1,281,4,113.3302,USD,3,2025-09-16,"2026-07-16 13:58:28"
3364,1,281,4,122.03,USD,4,2025-10-16,"2026-07-16 13:58:28"
3365,1,281,4,116.3356,USD,5,2025-11-16,"2026-07-16 13:58:28"
3366,1,281,4,120.1878,USD,6,2025-12-16,"2026-07-16 13:58:28"
3367,1,281,4,125.1036,USD,7,2026-01-16,"2026-07-16 13:58:28"
3368,1,281,4,128.8997,USD,8,2026-02-16,"2026-07-16 13:58:28"
3369,1,281,4,123.528,USD,9,2026-03-16,"2026-07-16 13:58:28"
3370,1,281,4,126.2513,USD,10,2026-04-16,"2026-07-16 13:58:28"
3371,1,281,4,116.2102,USD,11,2026-05-16,"2026-07-16 13:58:28"
3372,1,281,4,129.8325,USD,12,2026-06-16,"2026-07-16 13:58:28"
3373,1,282,9,210.7386,USD,1,2025-07-16,"2026-07-16 13:58:28"
3374,1,282,9,195.8849,USD,2,2025-08-16,"2026-07-16 13:58:28"
3375,1,282,9,188.7009,USD,3,2025-09-16,"2026-07-16 13:58:28"
3376,1,282,9,183.0522,USD,4,2025-10-16,"2026-07-16 13:58:28"
3377,1,282,9,196.7827,USD,5,2025-11-16,"2026-07-16 13:58:28"
3378,1,282,9,186.0633,USD,6,2025-12-16,"2026-07-16 13:58:28"
3379,1,282,9,204.5899,USD,7,2026-01-16,"2026-07-16 13:58:28"
3380,1,282,9,211.7648,USD,8,2026-02-16,"2026-07-16 13:58:28"
3381,1,282,9,212.7507,USD,9,2026-03-16,"2026-07-16 13:58:28"
3382,1,282,9,185.4114,USD,10,2026-04-16,"2026-07-16 13:58:28"
3383,1,282,9,215.2664,USD,11,2026-05-16,"2026-07-16 13:58:28"
3384,1,282,9,195.2126,USD,12,2026-06-16,"2026-07-16 13:58:28"
3385,1,283,16,709.1726,CNY,1,2025-07-16,"2026-07-16 13:58:28"
3386,1,283,16,670.9067,CNY,2,2025-08-16,"2026-07-16 13:58:28"
3387,1,283,16,708.2819,CNY,3,2025-09-16,"2026-07-16 13:58:28"
3388,1,283,16,642.5275,CNY,4,2025-10-16,"2026-07-16 13:58:28"
3389,1,283,16,717.8019,CNY,5,2025-11-16,"2026-07-16 13:58:28"
3390,1,283,16,609.0593,CNY,6,2025-12-16,"2026-07-16 13:58:28"
3391,1,283,16,716.107,CNY,7,2026-01-16,"2026-07-16 13:58:28"
3392,1,283,16,656.6118,CNY,8,2026-02-16,"2026-07-16 13:58:28"
3393,1,283,16,631.7108,CNY,9,2026-03-16,"2026-07-16 13:58:28"
3394,1,283,16,593.5612,CNY,10,2026-04-16,"2026-07-16 13:58:28"
3395,1,283,16,600.119,CNY,11,2026-05-16,"2026-07-16 13:58:28"
3396,1,283,16,596.0596,CNY,12,2026-06-16,"2026-07-16 13:58:28"
3397,1,284,5,510.8742,CNY,1,2025-07-16,"2026-07-16 13:58:28"
3398,1,284,5,497.5778,CNY,2,2025-08-16,"2026-07-16 13:58:28"
3399,1,284,5,526.1067,CNY,3,2025-09-16,"2026-07-16 13:58:28"
3400,1,284,5,565.3447,CNY,4,2025-10-16,"2026-07-16 13:58:28"
3401,1,284,5,498.1007,CNY,5,2025-11-16,"2026-07-16 13:58:28"
3402,1,284,5,535.346,CNY,6,2025-12-16,"2026-07-16 13:58:28"
3403,1,284,5,574.4786,CNY,7,2026-01-16,"2026-07-16 13:58:28"
3404,1,284,5,590.4837,CNY,8,2026-02-16,"2026-07-16 13:58:28"
3405,1,284,5,560.79,CNY,9,2026-03-16,"2026-07-16 13:58:28"
3406,1,284,5,553.0236,CNY,10,2026-04-16,"2026-07-16 13:58:28"
3407,1,284,5,529.6591,CNY,11,2026-05-16,"2026-07-16 13:58:28"
3408,1,284,5,495.0146,CNY,12,2026-06-16,"2026-07-16 13:58:28"
3409,1,285,9,324.4313,CNY,1,2025-07-16,"2026-07-16 13:58:28"
3410,1,285,9,321.8973,CNY,2,2025-08-16,"2026-07-16 13:58:28"
3411,1,285,9,329.2107,CNY,3,2025-09-16,"2026-07-16 13:58:28"
3412,1,285,9,361.4436,CNY,4,2025-10-16,"2026-07-16 13:58:28"
3413,1,285,9,380.5485,CNY,5,2025-11-16,"2026-07-16 13:58:28"
3414,1,285,9,371.2681,CNY,6,2025-12-16,"2026-07-16 13:58:28"
3415,1,285,9,321.398,CNY,7,2026-01-16,"2026-07-16 13:58:28"
3416,1,285,9,371.6896,CNY,8,2026-02-16,"2026-07-16 13:58:28"
3417,1,285,9,345.3393,CNY,9,2026-03-16,"2026-07-16 13:58:28"
3418,1,285,9,373.8375,CNY,10,2026-04-16,"2026-07-16 13:58:28"
3419,1,285,9,378.4035,CNY,11,2026-05-16,"2026-07-16 13:58:28"
3420,1,285,9,383.8311,CNY,12,2026-06-16,"2026-07-16 13:58:28"
3421,1,286,3,824.719,CNY,1,2025-07-16,"2026-07-16 13:58:28"
3422,1,286,3,814.9733,CNY,2,2025-08-16,"2026-07-16 13:58:28"
3423,1,286,3,908.9856,CNY,3,2025-09-16,"2026-07-16 13:58:28"
3424,1,286,3,869.6948,CNY,4,2025-10-16,"2026-07-16 13:58:28"
3425,1,286,3,969.9112,CNY,5,2025-11-16,"2026-07-16 13:58:28"
3426,1,286,3,949.288,CNY,6,2025-12-16,"2026-07-16 13:58:28"
3427,1,286,3,812.6731,CNY,7,2026-01-16,"2026-07-16 13:58:28"
3428,1,286,3,968.1582,CNY,8,2026-02-16,"2026-07-16 13:58:28"
3429,1,286,3,911.4039,CNY,9,2026-03-16,"2026-07-16 13:58:28"
3430,1,286,3,906.056,CNY,10,2026-04-16,"2026-07-16 13:58:28"
3431,1,286,3,814.6052,CNY,11,2026-05-16,"2026-07-16 13:58:28"
3432,1,286,3,913.242,CNY,12,2026-06-16,"2026-07-16 13:58:28"
3433,1,287,17,204.9271,CNY,1,2025-07-16,"2026-07-16 13:58:28"
3434,1,287,17,228.0175,CNY,2,2025-08-16,"2026-07-16 13:58:28"
3435,1,287,17,204.7909,CNY,3,2025-09-16,"2026-07-16 13:58:28"
3436,1,287,17,241.0131,CNY,4,2025-10-16,"2026-07-16 13:58:28"
3437,1,287,17,242.5468,CNY,5,2025-11-16,"2026-07-16 13:58:28"
3438,1,287,17,201.7133,CNY,6,2025-12-16,"2026-07-16 13:58:28"
3439,1,287,17,240.3625,CNY,7,2026-01-16,"2026-07-16 13:58:28"
3440,1,287,17,243.4168,CNY,8,2026-02-16,"2026-07-16 13:58:28"
3441,1,287,17,215.6194,CNY,9,2026-03-16,"2026-07-16 13:58:28"
3442,1,287,17,232.5946,CNY,10,2026-04-16,"2026-07-16 13:58:28"
3443,1,287,17,207.8105,CNY,11,2026-05-16,"2026-07-16 13:58:28"
3444,1,287,17,215.0277,CNY,12,2026-06-16,"2026-07-16 13:58:28"
3445,1,288,19,863.3448,CNY,1,2025-07-16,"2026-07-16 13:58:28"
3446,1,288,19,924.6314,CNY,2,2025-08-16,"2026-07-16 13:58:28"
3447,1,288,19,924.591,CNY,3,2025-09-16,"2026-07-16 13:58:28"
3448,1,288,19,825.255,CNY,4,2025-10-16,"2026-07-16 13:58:28"
3449,1,288,19,854.6888,CNY,5,2025-11-16,"2026-07-16 13:58:28"
3450,1,288,19,826.8627,CNY,6,2025-12-16,"2026-07-16 13:58:28"
3451,1,288,19,852.2721,CNY,7,2026-01-16,"2026-07-16 13:58:28"
3452,1,288,19,943.2173,CNY,8,2026-02-16,"2026-07-16 13:58:28"
3453,1,288,19,856.0311,CNY,9,2026-03-16,"2026-07-16 13:58:28"
3454,1,288,19,876.0602,CNY,10,2026-04-16,"2026-07-16 13:58:28"
3455,1,288,19,780.5244,CNY,11,2026-05-16,"2026-07-16 13:58:28"
3456,1,288,19,794.8225,CNY,12,2026-06-16,"2026-07-16 13:58:28"
3457,1,289,1,438.7057,CNY,1,2025-07-16,"2026-07-16 13:58:28"
3458,1,289,1,508.2156,CNY,2,2025-08-16,"2026-07-16 13:58:28"
3459,1,289,1,522.2275,CNY,3,2025-09-16,"2026-07-16 13:58:28"
3460,1,289,1,506.3062,CNY,4,2025-10-16,"2026-07-16 13:58:28"
3461,1,289,1,498.4583,CNY,5,2025-11-16,"2026-07-16 13:58:28"
3462,1,289,1,455.4323,CNY,6,2025-12-16,"2026-07-16 13:58:28"
3463,1,289,1,512.292,CNY,7,2026-01-16,"2026-07-16 13:58:28"
3464,1,289,1,435.8226,CNY,8,2026-02-16,"2026-07-16 13:58:28"
3465,1,289,1,446.6699,CNY,9,2026-03-16,"2026-07-16 13:58:28"
3466,1,289,1,466.972,CNY,10,2026-04-16,"2026-07-16 13:58:28"
3467,1,289,1,456.8061,CNY,11,2026-05-16,"2026-07-16 13:58:28"
3468,1,289,1,445.0348,CNY,12,2026-06-16,"2026-07-16 13:58:28"
3469,1,290,15,308.8696,USD,1,2025-07-16,"2026-07-16 13:58:28"
3470,1,290,15,283.7012,USD,2,2025-08-16,"2026-07-16 13:58:28"
3471,1,290,15,279.0733,USD,3,2025-09-16,"2026-07-16 13:58:28"
3472,1,290,15,301.3113,USD,4,2025-10-16,"2026-07-16 13:58:28"
3473,1,290,15,283.1879,USD,5,2025-11-16,"2026-07-16 13:58:28"
3474,1,290,15,290.9587,USD,6,2025-12-16,"2026-07-16 13:58:28"
3475,1,290,15,325.0402,USD,7,2026-01-16,"2026-07-16 13:58:28"
3476,1,290,15,333.2399,USD,8,2026-02-16,"2026-07-16 13:58:28"
3477,1,290,15,296.5829,USD,9,2026-03-16,"2026-07-16 13:58:28"
3478,1,290,15,293.7197,USD,10,2026-04-16,"2026-07-16 13:58:28"
3479,1,290,15,314.5019,USD,11,2026-05-16,"2026-07-16 13:58:28"
3480,1,290,15,313.9683,USD,12,2026-06-16,"2026-07-16 13:58:28"
3481,1,291,7,632.2377,USD,1,2025-07-16,"2026-07-16 13:58:28"
3482,1,291,7,566.829,USD,2,2025-08-16,"2026-07-16 13:58:28"
3483,1,291,7,634.3977,USD,3,2025-09-16,"2026-07-16 13:58:28"
3484,1,291,7,586.3243,USD,4,2025-10-16,"2026-07-16 13:58:28"
3485,1,291,7,594.6049,USD,5,2025-11-16,"2026-07-16 13:58:28"
3486,1,291,7,561.4399,USD,6,2025-12-16,"2026-07-16 13:58:28"
3487,1,291,7,563.1178,USD,7,2026-01-16,"2026-07-16 13:58:28"
3488,1,291,7,540.476,USD,8,2026-02-16,"2026-07-16 13:58:28"
3489,1,291,7,545.1038,USD,9,2026-03-16,"2026-07-16 13:58:28"
3490,1,291,7,634.3234,USD,10,2026-04-16,"2026-07-16 13:58:28"
3491,1,291,7,595.8569,USD,11,2026-05-16,"2026-07-16 13:58:28"
3492,1,291,7,614.1609,USD,12,2026-06-16,"2026-07-16 13:58:28"
3493,1,292,18,549.975,CNY,1,2025-07-16,"2026-07-16 13:58:28"
3494,1,292,18,549.0059,CNY,2,2025-08-16,"2026-07-16 13:58:28"
3495,1,292,18,564.2968,CNY,3,2025-09-16,"2026-07-16 13:58:28"
3496,1,292,18,608.917,CNY,4,2025-10-16,"2026-07-16 13:58:28"
3497,1,292,18,655.9878,CNY,5,2025-11-16,"2026-07-16 13:58:28"
3498,1,292,18,639.3958,CNY,6,2025-12-16,"2026-07-16 13:58:28"
3499,1,292,18,538.9012,CNY,7,2026-01-16,"2026-07-16 13:58:28"
3500,1,292,18,546.162,CNY,8,2026-02-16,"2026-07-16 13:58:28"
3501,1,292,18,640.0798,CNY,9,2026-03-16,"2026-07-16 13:58:28"
3502,1,292,18,599.7919,CNY,10,2026-04-16,"2026-07-16 13:58:28"
3503,1,292,18,569.8762,CNY,11,2026-05-16,"2026-07-16 13:58:28"
3504,1,292,18,640.9647,CNY,12,2026-06-16,"2026-07-16 13:58:28"
3505,1,293,10,578.4757,CNY,1,2025-07-16,"2026-07-16 13:58:28"
3506,1,293,10,534.8254,CNY,2,2025-08-16,"2026-07-16 13:58:28"
3507,1,293,10,591.4792,CNY,3,2025-09-16,"2026-07-16 13:58:28"
3508,1,293,10,538.1964,CNY,4,2025-10-16,"2026-07-16 13:58:28"
3509,1,293,10,561.8269,CNY,5,2025-11-16,"2026-07-16 13:58:28"
3510,1,293,10,613.0503,CNY,6,2025-12-16,"2026-07-16 13:58:28"
3511,1,293,10,533.7603,CNY,7,2026-01-16,"2026-07-16 13:58:28"
3512,1,293,10,597.729,CNY,8,2026-02-16,"2026-07-16 13:58:28"
3513,1,293,10,521.7573,CNY,9,2026-03-16,"2026-07-16 13:58:28"
3514,1,293,10,567.668,CNY,10,2026-04-16,"2026-07-16 13:58:28"
3515,1,293,10,534.6451,CNY,11,2026-05-16,"2026-07-16 13:58:28"
3516,1,293,10,509.9557,CNY,12,2026-06-16,"2026-07-16 13:58:28"
3517,1,294,11,826.5817,CNY,1,2025-07-16,"2026-07-16 13:58:28"
3518,1,294,11,772.6914,CNY,2,2025-08-16,"2026-07-16 13:58:28"
3519,1,294,11,759.7636,CNY,3,2025-09-16,"2026-07-16 13:58:28"
3520,1,294,11,779.8316,CNY,4,2025-10-16,"2026-07-16 13:58:28"
3521,1,294,11,778.2133,CNY,5,2025-11-16,"2026-07-16 13:58:28"
3522,1,294,11,835.84,CNY,6,2025-12-16,"2026-07-16 13:58:28"
3523,1,294,11,813.2658,CNY,7,2026-01-16,"2026-07-16 13:58:28"
3524,1,294,11,748.967,CNY,8,2026-02-16,"2026-07-16 13:58:28"
3525,1,294,11,798.5943,CNY,9,2026-03-16,"2026-07-16 13:58:28"
3526,1,294,11,753.2478,CNY,10,2026-04-16,"2026-07-16 13:58:28"
3527,1,294,11,892.713,CNY,11,2026-05-16,"2026-07-16 13:58:28"
3528,1,294,11,790.1155,CNY,12,2026-06-16,"2026-07-16 13:58:28"
3529,1,295,1,81.7551,CNY,1,2025-07-16,"2026-07-16 13:58:28"
3530,1,295,1,86.145,CNY,2,2025-08-16,"2026-07-16 13:58:28"
3531,1,295,1,84.9225,CNY,3,2025-09-16,"2026-07-16 13:58:28"
3532,1,295,1,76.0516,CNY,4,2025-10-16,"2026-07-16 13:58:28"
3533,1,295,1,79.4894,CNY,5,2025-11-16,"2026-07-16 13:58:28"
3534,1,295,1,80.4339,CNY,6,2025-12-16,"2026-07-16 13:58:28"
3535,1,295,1,74.7274,CNY,7,2026-01-16,"2026-07-16 13:58:28"
3536,1,295,1,80.6479,CNY,8,2026-02-16,"2026-07-16 13:58:28"
3537,1,295,1,80.704,CNY,9,2026-03-16,"2026-07-16 13:58:28"
3538,1,295,1,77.7733,CNY,10,2026-04-16,"2026-07-16 13:58:28"
3539,1,295,1,88.7752,CNY,11,2026-05-16,"2026-07-16 13:58:28"
3540,1,295,1,79.2694,CNY,12,2026-06-16,"2026-07-16 13:58:28"
3541,1,296,2,105.5257,CNY,1,2025-07-16,"2026-07-16 13:58:28"
3542,1,296,2,91.1621,CNY,2,2025-08-16,"2026-07-16 13:58:28"
3543,1,296,2,100.2833,CNY,3,2025-09-16,"2026-07-16 13:58:28"
3544,1,296,2,95.414,CNY,4,2025-10-16,"2026-07-16 13:58:28"
3545,1,296,2,89.3206,CNY,5,2025-11-16,"2026-07-16 13:58:28"
3546,1,296,2,90.8259,CNY,6,2025-12-16,"2026-07-16 13:58:28"
3547,1,296,2,104.1556,CNY,7,2026-01-16,"2026-07-16 13:58:28"
3548,1,296,2,96.7762,CNY,8,2026-02-16,"2026-07-16 13:58:28"
3549,1,296,2,94.5921,CNY,9,2026-03-16,"2026-07-16 13:58:28"
3550,1,296,2,99.0913,CNY,10,2026-04-16,"2026-07-16 13:58:28"
3551,1,296,2,93.0318,CNY,11,2026-05-16,"2026-07-16 13:58:28"
3552,1,296,2,93.0833,CNY,12,2026-06-16,"2026-07-16 13:58:28"
3553,1,297,5,385.7019,CNY,1,2025-07-16,"2026-07-16 13:58:28"
3554,1,297,5,348.5355,CNY,2,2025-08-16,"2026-07-16 13:58:28"
3555,1,297,5,396.6429,CNY,3,2025-09-16,"2026-07-16 13:58:28"
3556,1,297,5,397.0123,CNY,4,2025-10-16,"2026-07-16 13:58:28"
3557,1,297,5,343.5653,CNY,5,2025-11-16,"2026-07-16 13:58:28"
3558,1,297,5,376.6483,CNY,6,2025-12-16,"2026-07-16 13:58:28"
3559,1,297,5,365.7905,CNY,7,2026-01-16,"2026-07-16 13:58:28"
3560,1,297,5,397.3504,CNY,8,2026-02-16,"2026-07-16 13:58:28"
3561,1,297,5,351.7834,CNY,9,2026-03-16,"2026-07-16 13:58:28"
3562,1,297,5,349.9301,CNY,10,2026-04-16,"2026-07-16 13:58:28"
3563,1,297,5,373.6004,CNY,11,2026-05-16,"2026-07-16 13:58:28"
3564,1,297,5,397.2141,CNY,12,2026-06-16,"2026-07-16 13:58:28"
3565,1,298,1,627.1343,CNY,1,2025-07-16,"2026-07-16 13:58:28"
3566,1,298,1,635.2379,CNY,2,2025-08-16,"2026-07-16 13:58:28"
3567,1,298,1,719.9305,CNY,3,2025-09-16,"2026-07-16 13:58:28"
3568,1,298,1,669.1287,CNY,4,2025-10-16,"2026-07-16 13:58:28"
3569,1,298,1,622.4636,CNY,5,2025-11-16,"2026-07-16 13:58:28"
3570,1,298,1,697.5596,CNY,6,2025-12-16,"2026-07-16 13:58:28"
3571,1,298,1,686.696,CNY,7,2026-01-16,"2026-07-16 13:58:28"
3572,1,298,1,691.8382,CNY,8,2026-02-16,"2026-07-16 13:58:28"
3573,1,298,1,722.4873,CNY,9,2026-03-16,"2026-07-16 13:58:28"
3574,1,298,1,623.228,CNY,10,2026-04-16,"2026-07-16 13:58:28"
3575,1,298,1,682.0054,CNY,11,2026-05-16,"2026-07-16 13:58:28"
3576,1,298,1,634.4592,CNY,12,2026-06-16,"2026-07-16 13:58:28"
3577,1,299,12,311.1827,CNY,1,2025-07-16,"2026-07-16 13:58:28"
3578,1,299,12,341.4103,CNY,2,2025-08-16,"2026-07-16 13:58:28"
3579,1,299,12,311.7834,CNY,3,2025-09-16,"2026-07-16 13:58:28"
3580,1,299,12,354.4136,CNY,4,2025-10-16,"2026-07-16 13:58:28"
3581,1,299,12,337.5206,CNY,5,2025-11-16,"2026-07-16 13:58:28"
3582,1,299,12,348.3194,CNY,6,2025-12-16,"2026-07-16 13:58:28"
3583,1,299,12,333.819,CNY,7,2026-01-16,"2026-07-16 13:58:28"
3584,1,299,12,320.2538,CNY,8,2026-02-16,"2026-07-16 13:58:28"
3585,1,299,12,365.6142,CNY,9,2026-03-16,"2026-07-16 13:58:28"
3586,1,299,12,315.2666,CNY,10,2026-04-16,"2026-07-16 13:58:28"
3587,1,299,12,330.2707,CNY,11,2026-05-16,"2026-07-16 13:58:28"
3588,1,299,12,320.4622,CNY,12,2026-06-16,"2026-07-16 13:58:28"
3589,1,300,4,330.4435,CNY,1,2025-07-16,"2026-07-16 13:58:28"
3590,1,300,4,313.5549,CNY,2,2025-08-16,"2026-07-16 13:58:28"
3591,1,300,4,336.2021,CNY,3,2025-09-16,"2026-07-16 13:58:28"
3592,1,300,4,375.2129,CNY,4,2025-10-16,"2026-07-16 13:58:28"
3593,1,300,4,327.1025,CNY,5,2025-11-16,"2026-07-16 13:58:28"
3594,1,300,4,370.7334,CNY,6,2025-12-16,"2026-07-16 13:58:28"
3595,1,300,4,326.4794,CNY,7,2026-01-16,"2026-07-16 13:58:28"
3596,1,300,4,367.0449,CNY,8,2026-02-16,"2026-07-16 13:58:28"
3597,1,300,4,377.8875,CNY,9,2026-03-16,"2026-07-16 13:58:28"
3598,1,300,4,363.6397,CNY,10,2026-04-16,"2026-07-16 13:58:28"
3599,1,300,4,374.5731,CNY,11,2026-05-16,"2026-07-16 13:58:28"
3600,1,300,4,337.6415,CNY,12,2026-06-16,"2026-07-16 13:58:28"
3601,1,301,12,687.9635,CNY,1,2025-07-16,"2026-07-16 13:58:28"
3602,1,301,12,661.4484,CNY,2,2025-08-16,"2026-07-16 13:58:28"
3603,1,301,12,688.566,CNY,3,2025-09-16,"2026-07-16 13:58:28"
3604,1,301,12,670.6636,CNY,4,2025-10-16,"2026-07-16 13:58:28"
3605,1,301,12,659.0669,CNY,5,2025-11-16,"2026-07-16 13:58:28"
3606,1,301,12,785.2657,CNY,6,2025-12-16,"2026-07-16 13:58:28"
3607,1,301,12,750.0501,CNY,7,2026-01-16,"2026-07-16 13:58:28"
3608,1,301,12,790.901,CNY,8,2026-02-16,"2026-07-16 13:58:28"
3609,1,301,12,725.4014,CNY,9,2026-03-16,"2026-07-16 13:58:28"
3610,1,301,12,749.1712,CNY,10,2026-04-16,"2026-07-16 13:58:28"
3611,1,301,12,769.9101,CNY,11,2026-05-16,"2026-07-16 13:58:28"
3612,1,301,12,662.3995,CNY,12,2026-06-16,"2026-07-16 13:58:28"
3613,1,302,8,903.5725,CNY,1,2025-07-16,"2026-07-16 13:58:28"
3614,1,302,8,876.1658,CNY,2,2025-08-16,"2026-07-16 13:58:28"
3615,1,302,8,923.2284,CNY,3,2025-09-16,"2026-07-16 13:58:28"
3616,1,302,8,897.3505,CNY,4,2025-10-16,"2026-07-16 13:58:28"
3617,1,302,8,984.9183,CNY,5,2025-11-16,"2026-07-16 13:58:28"
3618,1,302,8,929.1708,CNY,6,2025-12-16,"2026-07-16 13:58:28"
3619,1,302,8,985.2686,CNY,7,2026-01-16,"2026-07-16 13:58:28"
3620,1,302,8,889.6847,CNY,8,2026-02-16,"2026-07-16 13:58:28"
3621,1,302,8,877.5605,CNY,9,2026-03-16,"2026-07-16 13:58:28"
3622,1,302,8,856.2418,CNY,10,2026-04-16,"2026-07-16 13:58:28"
3623,1,302,8,981.9898,CNY,11,2026-05-16,"2026-07-16 13:58:28"
3624,1,302,8,957.6419,CNY,12,2026-06-16,"2026-07-16 13:58:28"
3625,1,303,1,181.4226,CNY,1,2025-07-16,"2026-07-16 13:58:28"
3626,1,303,1,195.4599,CNY,2,2025-08-16,"2026-07-16 13:58:28"
3627,1,303,1,196.8568,CNY,3,2025-09-16,"2026-07-16 13:58:28"
3628,1,303,1,190.8465,CNY,4,2025-10-16,"2026-07-16 13:58:28"
3629,1,303,1,169.8944,CNY,5,2025-11-16,"2026-07-16 13:58:28"
3630,1,303,1,185.1561,CNY,6,2025-12-16,"2026-07-16 13:58:28"
3631,1,303,1,172.6656,CNY,7,2026-01-16,"2026-07-16 13:58:28"
3632,1,303,1,179.8597,CNY,8,2026-02-16,"2026-07-16 13:58:28"
3633,1,303,1,174.5232,CNY,9,2026-03-16,"2026-07-16 13:58:28"
3634,1,303,1,193.8111,CNY,10,2026-04-16,"2026-07-16 13:58:28"
3635,1,303,1,193.8742,CNY,11,2026-05-16,"2026-07-16 13:58:28"
3636,1,303,1,174.1847,CNY,12,2026-06-16,"2026-07-16 13:58:28"
3637,1,304,7,887.5482,CNY,1,2025-07-16,"2026-07-16 13:58:28"
3638,1,304,7,787.0162,CNY,2,2025-08-16,"2026-07-16 13:58:28"
3639,1,304,7,823.454,CNY,3,2025-09-16,"2026-07-16 13:58:28"
3640,1,304,7,779.7228,CNY,4,2025-10-16,"2026-07-16 13:58:28"
3641,1,304,7,792.2905,CNY,5,2025-11-16,"2026-07-16 13:58:28"
3642,1,304,7,843.7987,CNY,6,2025-12-16,"2026-07-16 13:58:28"
3643,1,304,7,877.7636,CNY,7,2026-01-16,"2026-07-16 13:58:28"
3644,1,304,7,803.3856,CNY,8,2026-02-16,"2026-07-16 13:58:28"
3645,1,304,7,849.0636,CNY,9,2026-03-16,"2026-07-16 13:58:28"
3646,1,304,7,873.6994,CNY,10,2026-04-16,"2026-07-16 13:58:28"
3647,1,304,7,789.4095,CNY,11,2026-05-16,"2026-07-16 13:58:28"
3648,1,304,7,847.151,CNY,12,2026-06-16,"2026-07-16 13:58:28"
3649,1,305,17,710.1882,CNY,1,2025-07-16,"2026-07-16 13:58:28"
3650,1,305,17,766.1909,CNY,2,2025-08-16,"2026-07-16 13:58:28"
3651,1,305,17,833.6159,CNY,3,2025-09-16,"2026-07-16 13:58:28"
3652,1,305,17,827.9888,CNY,4,2025-10-16,"2026-07-16 13:58:28"
3653,1,305,17,744.9354,CNY,5,2025-11-16,"2026-07-16 13:58:28"
3654,1,305,17,708.9162,CNY,6,2025-12-16,"2026-07-16 13:58:28"
3655,1,305,17,744.3067,CNY,7,2026-01-16,"2026-07-16 13:58:28"
3656,1,305,17,763.562,CNY,8,2026-02-16,"2026-07-16 13:58:28"
3657,1,305,17,752.0721,CNY,9,2026-03-16,"2026-07-16 13:58:28"
3658,1,305,17,754.2759,CNY,10,2026-04-16,"2026-07-16 13:58:28"
3659,1,305,17,762.0954,CNY,11,2026-05-16,"2026-07-16 13:58:28"
3660,1,305,17,708.7781,CNY,12,2026-06-16,"2026-07-16 13:58:28"
3661,1,306,17,427.709,CNY,1,2025-07-16,"2026-07-16 13:58:28"
3662,1,306,17,387.9252,CNY,2,2025-08-16,"2026-07-16 13:58:28"
3663,1,306,17,393.7679,CNY,3,2025-09-16,"2026-07-16 13:58:28"
3664,1,306,17,459.7186,CNY,4,2025-10-16,"2026-07-16 13:58:28"
3665,1,306,17,418.2559,CNY,5,2025-11-16,"2026-07-16 13:58:28"
3666,1,306,17,443.9733,CNY,6,2025-12-16,"2026-07-16 13:58:28"
3667,1,306,17,413.7187,CNY,7,2026-01-16,"2026-07-16 13:58:28"
3668,1,306,17,384.8445,CNY,8,2026-02-16,"2026-07-16 13:58:28"
3669,1,306,17,450.6185,CNY,9,2026-03-16,"2026-07-16 13:58:28"
3670,1,306,17,388.9512,CNY,10,2026-04-16,"2026-07-16 13:58:28"
3671,1,306,17,431.0366,CNY,11,2026-05-16,"2026-07-16 13:58:28"
3672,1,306,17,415.7698,CNY,12,2026-06-16,"2026-07-16 13:58:28"
3673,1,307,17,133.3831,CNY,1,2025-07-16,"2026-07-16 13:58:28"
3674,1,307,17,118.7403,CNY,2,2025-08-16,"2026-07-16 13:58:28"
3675,1,307,17,123.6446,CNY,3,2025-09-16,"2026-07-16 13:58:28"
3676,1,307,17,114.4584,CNY,4,2025-10-16,"2026-07-16 13:58:28"
3677,1,307,17,127.3699,CNY,5,2025-11-16,"2026-07-16 13:58:28"
3678,1,307,17,118.3899,CNY,6,2025-12-16,"2026-07-16 13:58:28"
3679,1,307,17,119.4434,CNY,7,2026-01-16,"2026-07-16 13:58:28"
3680,1,307,17,114.742,CNY,8,2026-02-16,"2026-07-16 13:58:28"
3681,1,307,17,113.1702,CNY,9,2026-03-16,"2026-07-16 13:58:28"
3682,1,307,17,123.0056,CNY,10,2026-04-16,"2026-07-16 13:58:28"
3683,1,307,17,126.4987,CNY,11,2026-05-16,"2026-07-16 13:58:28"
3684,1,307,17,133.2805,CNY,12,2026-06-16,"2026-07-16 13:58:28"
3685,1,308,17,115.9639,USD,1,2025-07-16,"2026-07-16 13:58:28"
3686,1,308,17,111.3893,USD,2,2025-08-16,"2026-07-16 13:58:28"
3687,1,308,17,116.2137,USD,3,2025-09-16,"2026-07-16 13:58:28"
3688,1,308,17,111.4101,USD,4,2025-10-16,"2026-07-16 13:58:28"
3689,1,308,17,109.8559,USD,5,2025-11-16,"2026-07-16 13:58:28"
3690,1,308,17,108.8896,USD,6,2025-12-16,"2026-07-16 13:58:28"
3691,1,308,17,115.3417,USD,7,2026-01-16,"2026-07-16 13:58:28"
3692,1,308,17,126.4491,USD,8,2026-02-16,"2026-07-16 13:58:28"
3693,1,308,17,114.4513,USD,9,2026-03-16,"2026-07-16 13:58:28"
3694,1,308,17,112.694,USD,10,2026-04-16,"2026-07-16 13:58:28"
3695,1,308,17,120.8198,USD,11,2026-05-16,"2026-07-16 13:58:28"
3696,1,308,17,113.8483,USD,12,2026-06-16,"2026-07-16 13:58:28"
3697,1,309,16,95.4455,CNY,1,2025-07-16,"2026-07-16 13:58:28"
3698,1,309,16,85.6286,CNY,2,2025-08-16,"2026-07-16 13:58:28"
3699,1,309,16,93.5668,CNY,3,2025-09-16,"2026-07-16 13:58:28"
3700,1,309,16,93.131,CNY,4,2025-10-16,"2026-07-16 13:58:28"
3701,1,309,16,92.3153,CNY,5,2025-11-16,"2026-07-16 13:58:28"
3702,1,309,16,85.6154,CNY,6,2025-12-16,"2026-07-16 13:58:28"
3703,1,309,16,94.0827,CNY,7,2026-01-16,"2026-07-16 13:58:28"
3704,1,309,16,89.8467,CNY,8,2026-02-16,"2026-07-16 13:58:28"
3705,1,309,16,86.6823,CNY,9,2026-03-16,"2026-07-16 13:58:28"
3706,1,309,16,83.7722,CNY,10,2026-04-16,"2026-07-16 13:58:28"
3707,1,309,16,86.9586,CNY,11,2026-05-16,"2026-07-16 13:58:28"
3708,1,309,16,100.2241,CNY,12,2026-06-16,"2026-07-16 13:58:28"
3709,1,310,10,95.4686,USD,1,2025-07-16,"2026-07-16 13:58:28"
3710,1,310,10,83.9637,USD,2,2025-08-16,"2026-07-16 13:58:28"
3711,1,310,10,82.8888,USD,3,2025-09-16,"2026-07-16 13:58:28"
3712,1,310,10,96.1187,USD,4,2025-10-16,"2026-07-16 13:58:28"
3713,1,310,10,89.4564,USD,5,2025-11-16,"2026-07-16 13:58:28"
3714,1,310,10,83.9559,USD,6,2025-12-16,"2026-07-16 13:58:28"
3715,1,310,10,94.8422,USD,7,2026-01-16,"2026-07-16 13:58:28"
3716,1,310,10,94.3105,USD,8,2026-02-16,"2026-07-16 13:58:28"
3717,1,310,10,90.0273,USD,9,2026-03-16,"2026-07-16 13:58:28"
3718,1,310,10,89.8782,USD,10,2026-04-16,"2026-07-16 13:58:28"
3719,1,310,10,85.9571,USD,11,2026-05-16,"2026-07-16 13:58:28"
3720,1,310,10,84.7914,USD,12,2026-06-16,"2026-07-16 13:58:28"
3721,1,311,14,951.8396,USD,1,2025-07-16,"2026-07-16 13:58:28"
3722,1,311,14,840.1728,USD,2,2025-08-16,"2026-07-16 13:58:28"
3723,1,311,14,862.9204,USD,3,2025-09-16,"2026-07-16 13:58:28"
3724,1,311,14,856.495,USD,4,2025-10-16,"2026-07-16 13:58:28"
3725,1,311,14,936.5591,USD,5,2025-11-16,"2026-07-16 13:58:28"
3726,1,311,14,878.0363,USD,6,2025-12-16,"2026-07-16 13:58:28"
3727,1,311,14,849.0858,USD,7,2026-01-16,"2026-07-16 13:58:28"
3728,1,311,14,905.9943,USD,8,2026-02-16,"2026-07-16 13:58:28"
3729,1,311,14,864.1621,USD,9,2026-03-16,"2026-07-16 13:58:28"
3730,1,311,14,934.1891,USD,10,2026-04-16,"2026-07-16 13:58:28"
3731,1,311,14,968.6908,USD,11,2026-05-16,"2026-07-16 13:58:28"
3732,1,311,14,974.5518,USD,12,2026-06-16,"2026-07-16 13:58:28"
3733,1,312,6,274.8445,CNY,1,2025-07-16,"2026-07-16 13:58:28"
3734,1,312,6,283.4005,CNY,2,2025-08-16,"2026-07-16 13:58:28"
3735,1,312,6,289.28,CNY,3,2025-09-16,"2026-07-16 13:58:28"
3736,1,312,6,295.3808,CNY,4,2025-10-16,"2026-07-16 13:58:28"
3737,1,312,6,289.2483,CNY,5,2025-11-16,"2026-07-16 13:58:28"
3738,1,312,6,289.1906,CNY,6,2025-12-16,"2026-07-16 13:58:28"
3739,1,312,6,275.2504,CNY,7,2026-01-16,"2026-07-16 13:58:28"
3740,1,312,6,270.6109,CNY,8,2026-02-16,"2026-07-16 13:58:28"
3741,1,312,6,274.0991,CNY,9,2026-03-16,"2026-07-16 13:58:28"
3742,1,312,6,290.4257,CNY,10,2026-04-16,"2026-07-16 13:58:28"
3743,1,312,6,309.7468,CNY,11,2026-05-16,"2026-07-16 13:58:28"
3744,1,312,6,280.5884,CNY,12,2026-06-16,"2026-07-16 13:58:28"
3745,1,313,1,38.2586,CNY,1,2025-07-16,"2026-07-16 13:58:28"
3746,1,313,1,36.4548,CNY,2,2025-08-16,"2026-07-16 13:58:28"
3747,1,313,1,36.8827,CNY,3,2025-09-16,"2026-07-16 13:58:28"
3748,1,313,1,34.4949,CNY,4,2025-10-16,"2026-07-16 13:58:28"
3749,1,313,1,33.7751,CNY,5,2025-11-16,"2026-07-16 13:58:28"
3750,1,313,1,32.3238,CNY,6,2025-12-16,"2026-07-16 13:58:28"
3751,1,313,1,36.5505,CNY,7,2026-01-16,"2026-07-16 13:58:28"
3752,1,313,1,37.7356,CNY,8,2026-02-16,"2026-07-16 13:58:28"
3753,1,313,1,37.2596,CNY,9,2026-03-16,"2026-07-16 13:58:28"
3754,1,313,1,35.139,CNY,10,2026-04-16,"2026-07-16 13:58:28"
3755,1,313,1,36.4971,CNY,11,2026-05-16,"2026-07-16 13:58:28"
3756,1,313,1,36.75,CNY,12,2026-06-16,"2026-07-16 13:58:28"
3757,1,314,5,743.2978,CNY,1,2025-07-16,"2026-07-16 13:58:28"
3758,1,314,5,779.1824,CNY,2,2025-08-16,"2026-07-16 13:58:28"
3759,1,314,5,782.2084,CNY,3,2025-09-16,"2026-07-16 13:58:28"
3760,1,314,5,782.1657,CNY,4,2025-10-16,"2026-07-16 13:58:28"
3761,1,314,5,744.2861,CNY,5,2025-11-16,"2026-07-16 13:58:28"
3762,1,314,5,842.1475,CNY,6,2025-12-16,"2026-07-16 13:58:28"
3763,1,314,5,816.2103,CNY,7,2026-01-16,"2026-07-16 13:58:28"
3764,1,314,5,755.686,CNY,8,2026-02-16,"2026-07-16 13:58:28"
3765,1,314,5,727.0415,CNY,9,2026-03-16,"2026-07-16 13:58:28"
3766,1,314,5,752.6361,CNY,10,2026-04-16,"2026-07-16 13:58:28"
3767,1,314,5,781.1878,CNY,11,2026-05-16,"2026-07-16 13:58:28"
3768,1,314,5,852.2167,CNY,12,2026-06-16,"2026-07-16 13:58:28"
3769,1,315,15,61.4732,USD,1,2025-07-16,"2026-07-16 13:58:28"
3770,1,315,15,63.7166,USD,2,2025-08-16,"2026-07-16 13:58:28"
3771,1,315,15,68.2207,USD,3,2025-09-16,"2026-07-16 13:58:28"
3772,1,315,15,62.6744,USD,4,2025-10-16,"2026-07-16 13:58:28"
3773,1,315,15,72.0153,USD,5,2025-11-16,"2026-07-16 13:58:28"
3774,1,315,15,64.5119,USD,6,2025-12-16,"2026-07-16 13:58:28"
3775,1,315,15,64.1374,USD,7,2026-01-16,"2026-07-16 13:58:28"
3776,1,315,15,73.8603,USD,8,2026-02-16,"2026-07-16 13:58:28"
3777,1,315,15,61.0127,USD,9,2026-03-16,"2026-07-16 13:58:28"
3778,1,315,15,74.0732,USD,10,2026-04-16,"2026-07-16 13:58:28"
3779,1,315,15,69.2011,USD,11,2026-05-16,"2026-07-16 13:58:28"
3780,1,315,15,68.9448,USD,12,2026-06-16,"2026-07-16 13:58:28"
3781,1,316,4,735.7044,USD,1,2025-07-16,"2026-07-16 13:58:28"
3782,1,316,4,678.5542,USD,2,2025-08-16,"2026-07-16 13:58:28"
3783,1,316,4,756.6478,USD,3,2025-09-16,"2026-07-16 13:58:28"
3784,1,316,4,705.1876,USD,4,2025-10-16,"2026-07-16 13:58:28"
3785,1,316,4,653.345,USD,5,2025-11-16,"2026-07-16 13:58:28"
3786,1,316,4,667.547,USD,6,2025-12-16,"2026-07-16 13:58:28"
3787,1,316,4,733.2846,USD,7,2026-01-16,"2026-07-16 13:58:28"
3788,1,316,4,688.1821,USD,8,2026-02-16,"2026-07-16 13:58:28"
3789,1,316,4,719.8168,USD,9,2026-03-16,"2026-07-16 13:58:28"
3790,1,316,4,656.958,USD,10,2026-04-16,"2026-07-16 13:58:28"
3791,1,316,4,638.7473,USD,11,2026-05-16,"2026-07-16 13:58:28"
3792,1,316,4,657.5769,USD,12,2026-06-16,"2026-07-16 13:58:28"
3793,1,317,1,424.0189,CNY,1,2025-07-16,"2026-07-16 13:58:28"
3794,1,317,1,473.2625,CNY,2,2025-08-16,"2026-07-16 13:58:28"
3795,1,317,1,425.358,CNY,3,2025-09-16,"2026-07-16 13:58:28"
3796,1,317,1,501.7873,CNY,4,2025-10-16,"2026-07-16 13:58:28"
3797,1,317,1,457.368,CNY,5,2025-11-16,"2026-07-16 13:58:28"
3798,1,317,1,459.7689,CNY,6,2025-12-16,"2026-07-16 13:58:28"
3799,1,317,1,432.1535,CNY,7,2026-01-16,"2026-07-16 13:58:28"
3800,1,317,1,486.3004,CNY,8,2026-02-16,"2026-07-16 13:58:28"
3801,1,317,1,455.1286,CNY,9,2026-03-16,"2026-07-16 13:58:28"
3802,1,317,1,453.8818,CNY,10,2026-04-16,"2026-07-16 13:58:28"
3803,1,317,1,424.611,CNY,11,2026-05-16,"2026-07-16 13:58:28"
3804,1,317,1,472.4514,CNY,12,2026-06-16,"2026-07-16 13:58:28"
3805,1,318,12,484.2139,CNY,1,2025-07-16,"2026-07-16 13:58:28"
3806,1,318,12,450.6234,CNY,2,2025-08-16,"2026-07-16 13:58:28"
3807,1,318,12,471.1316,CNY,3,2025-09-16,"2026-07-16 13:58:28"
3808,1,318,12,482.3902,CNY,4,2025-10-16,"2026-07-16 13:58:28"
3809,1,318,12,502.5501,CNY,5,2025-11-16,"2026-07-16 13:58:28"
3810,1,318,12,462.3734,CNY,6,2025-12-16,"2026-07-16 13:58:28"
3811,1,318,12,451.6632,CNY,7,2026-01-16,"2026-07-16 13:58:28"
3812,1,318,12,495.5267,CNY,8,2026-02-16,"2026-07-16 13:58:28"
3813,1,318,12,501.2266,CNY,9,2026-03-16,"2026-07-16 13:58:28"
3814,1,318,12,502.1126,CNY,10,2026-04-16,"2026-07-16 13:58:28"
3815,1,318,12,472.3919,CNY,11,2026-05-16,"2026-07-16 13:58:28"
3816,1,318,12,521.5669,CNY,12,2026-06-16,"2026-07-16 13:58:28"
3817,1,319,18,825.2306,CNY,1,2025-07-16,"2026-07-16 13:58:28"
3818,1,319,18,784.3081,CNY,2,2025-08-16,"2026-07-16 13:58:28"
3819,1,319,18,817.1648,CNY,3,2025-09-16,"2026-07-16 13:58:28"
3820,1,319,18,717.7659,CNY,4,2025-10-16,"2026-07-16 13:58:28"
3821,1,319,18,811.7641,CNY,5,2025-11-16,"2026-07-16 13:58:28"
3822,1,319,18,678.4188,CNY,6,2025-12-16,"2026-07-16 13:58:28"
3823,1,319,18,752.82,CNY,7,2026-01-16,"2026-07-16 13:58:28"
3824,1,319,18,804.9748,CNY,8,2026-02-16,"2026-07-16 13:58:28"
3825,1,319,18,787.2101,CNY,9,2026-03-16,"2026-07-16 13:58:28"
3826,1,319,18,738.7044,CNY,10,2026-04-16,"2026-07-16 13:58:28"
3827,1,319,18,777.7352,CNY,11,2026-05-16,"2026-07-16 13:58:28"
3828,1,319,18,778.3987,CNY,12,2026-06-16,"2026-07-16 13:58:28"
3829,1,320,5,566.5987,CNY,1,2025-07-16,"2026-07-16 13:58:28"
3830,1,320,5,513.6087,CNY,2,2025-08-16,"2026-07-16 13:58:28"
3831,1,320,5,582.3213,CNY,3,2025-09-16,"2026-07-16 13:58:28"
3832,1,320,5,486.8076,CNY,4,2025-10-16,"2026-07-16 13:58:28"
3833,1,320,5,583.2437,CNY,5,2025-11-16,"2026-07-16 13:58:28"
3834,1,320,5,497.4739,CNY,6,2025-12-16,"2026-07-16 13:58:28"
3835,1,320,5,490.0477,CNY,7,2026-01-16,"2026-07-16 13:58:28"
3836,1,320,5,504.3208,CNY,8,2026-02-16,"2026-07-16 13:58:28"
3837,1,320,5,536.3077,CNY,9,2026-03-16,"2026-07-16 13:58:28"
3838,1,320,5,548.8578,CNY,10,2026-04-16,"2026-07-16 13:58:28"
3839,1,320,5,488.9791,CNY,11,2026-05-16,"2026-07-16 13:58:28"
3840,1,320,5,498.7008,CNY,12,2026-06-16,"2026-07-16 13:58:28"
3841,1,321,8,531.8556,CNY,1,2025-07-16,"2026-07-16 13:58:28"
3842,1,321,8,491.1037,CNY,2,2025-08-16,"2026-07-16 13:58:28"
3843,1,321,8,545.7023,CNY,3,2025-09-16,"2026-07-16 13:58:28"
3844,1,321,8,529.8053,CNY,4,2025-10-16,"2026-07-16 13:58:28"
3845,1,321,8,496.8616,CNY,5,2025-11-16,"2026-07-16 13:58:28"
3846,1,321,8,492.6034,CNY,6,2025-12-16,"2026-07-16 13:58:28"
3847,1,321,8,522.663,CNY,7,2026-01-16,"2026-07-16 13:58:28"
3848,1,321,8,484.9673,CNY,8,2026-02-16,"2026-07-16 13:58:28"
3849,1,321,8,526.6894,CNY,9,2026-03-16,"2026-07-16 13:58:28"
3850,1,321,8,527.0745,CNY,10,2026-04-16,"2026-07-16 13:58:28"
3851,1,321,8,542.8044,CNY,11,2026-05-16,"2026-07-16 13:58:28"
3852,1,321,8,473.157,CNY,12,2026-06-16,"2026-07-16 13:58:28"
3853,1,322,19,426.3473,USD,1,2025-07-16,"2026-07-16 13:58:28"
3854,1,322,19,425.6988,USD,2,2025-08-16,"2026-07-16 13:58:28"
3855,1,322,19,408.2726,USD,3,2025-09-16,"2026-07-16 13:58:28"
3856,1,322,19,418.4456,USD,4,2025-10-16,"2026-07-16 13:58:28"
3857,1,322,19,454.7055,USD,5,2025-11-16,"2026-07-16 13:58:28"
3858,1,322,19,471.4672,USD,6,2025-12-16,"2026-07-16 13:58:28"
3859,1,322,19,458.9186,USD,7,2026-01-16,"2026-07-16 13:58:28"
3860,1,322,19,458.0059,USD,8,2026-02-16,"2026-07-16 13:58:28"
3861,1,322,19,471.0541,USD,9,2026-03-16,"2026-07-16 13:58:28"
3862,1,322,19,437.9806,USD,10,2026-04-16,"2026-07-16 13:58:28"
3863,1,322,19,470.6845,USD,11,2026-05-16,"2026-07-16 13:58:28"
3864,1,322,19,435.716,USD,12,2026-06-16,"2026-07-16 13:58:28"
3865,1,323,14,467.4017,USD,1,2025-07-16,"2026-07-16 13:58:28"
3866,1,323,14,473.2587,USD,2,2025-08-16,"2026-07-16 13:58:28"
3867,1,323,14,432.9863,USD,3,2025-09-16,"2026-07-16 13:58:28"
3868,1,323,14,438.3142,USD,4,2025-10-16,"2026-07-16 13:58:28"
3869,1,323,14,450.7075,USD,5,2025-11-16,"2026-07-16 13:58:28"
3870,1,323,14,421.2619,USD,6,2025-12-16,"2026-07-16 13:58:28"
3871,1,323,14,461.8501,USD,7,2026-01-16,"2026-07-16 13:58:28"
3872,1,323,14,466.7362,USD,8,2026-02-16,"2026-07-16 13:58:28"
3873,1,323,14,463.6362,USD,9,2026-03-16,"2026-07-16 13:58:28"
3874,1,323,14,461.9882,USD,10,2026-04-16,"2026-07-16 13:58:28"
3875,1,323,14,400.7907,USD,11,2026-05-16,"2026-07-16 13:58:28"
3876,1,323,14,390.2583,USD,12,2026-06-16,"2026-07-16 13:58:28"
3877,1,324,7,239.4398,CNY,1,2025-07-16,"2026-07-16 13:58:28"
3878,1,324,7,222.2599,CNY,2,2025-08-16,"2026-07-16 13:58:28"
3879,1,324,7,208.9759,CNY,3,2025-09-16,"2026-07-16 13:58:28"
3880,1,324,7,224.5196,CNY,4,2025-10-16,"2026-07-16 13:58:28"
3881,1,324,7,203.6367,CNY,5,2025-11-16,"2026-07-16 13:58:28"
3882,1,324,7,223.4208,CNY,6,2025-12-16,"2026-07-16 13:58:28"
3883,1,324,7,236.2053,CNY,7,2026-01-16,"2026-07-16 13:58:28"
3884,1,324,7,206.0199,CNY,8,2026-02-16,"2026-07-16 13:58:28"
3885,1,324,7,223.19,CNY,9,2026-03-16,"2026-07-16 13:58:28"
3886,1,324,7,206.8168,CNY,10,2026-04-16,"2026-07-16 13:58:28"
3887,1,324,7,236.5408,CNY,11,2026-05-16,"2026-07-16 13:58:28"
3888,1,324,7,219.4937,CNY,12,2026-06-16,"2026-07-16 13:58:28"
3889,1,325,3,866.7123,CNY,1,2025-07-16,"2026-07-16 13:58:28"
3890,1,325,3,763.9186,CNY,2,2025-08-16,"2026-07-16 13:58:28"
3891,1,325,3,830.9255,CNY,3,2025-09-16,"2026-07-16 13:58:28"
3892,1,325,3,868.2379,CNY,4,2025-10-16,"2026-07-16 13:58:28"
3893,1,325,3,865.3874,CNY,5,2025-11-16,"2026-07-16 13:58:28"
3894,1,325,3,879.6176,CNY,6,2025-12-16,"2026-07-16 13:58:28"
3895,1,325,3,843.7373,CNY,7,2026-01-16,"2026-07-16 13:58:28"
3896,1,325,3,886.7014,CNY,8,2026-02-16,"2026-07-16 13:58:28"
3897,1,325,3,770.7953,CNY,9,2026-03-16,"2026-07-16 13:58:28"
3898,1,325,3,816.9323,CNY,10,2026-04-16,"2026-07-16 13:58:28"
3899,1,325,3,837.436,CNY,11,2026-05-16,"2026-07-16 13:58:28"
3900,1,325,3,826.9609,CNY,12,2026-06-16,"2026-07-16 13:58:28"
3901,1,326,11,383.2987,CNY,1,2025-07-16,"2026-07-16 13:58:28"
3902,1,326,11,357.0848,CNY,2,2025-08-16,"2026-07-16 13:58:28"
3903,1,326,11,348.6095,CNY,3,2025-09-16,"2026-07-16 13:58:28"
3904,1,326,11,377.4667,CNY,4,2025-10-16,"2026-07-16 13:58:28"
3905,1,326,11,358.4237,CNY,5,2025-11-16,"2026-07-16 13:58:28"
3906,1,326,11,342.37,CNY,6,2025-12-16,"2026-07-16 13:58:28"
3907,1,326,11,335.2326,CNY,7,2026-01-16,"2026-07-16 13:58:28"
3908,1,326,11,375.057,CNY,8,2026-02-16,"2026-07-16 13:58:28"
3909,1,326,11,353.8672,CNY,9,2026-03-16,"2026-07-16 13:58:28"
3910,1,326,11,334.9014,CNY,10,2026-04-16,"2026-07-16 13:58:28"
3911,1,326,11,386.1024,CNY,11,2026-05-16,"2026-07-16 13:58:28"
3912,1,326,11,369.0538,CNY,12,2026-06-16,"2026-07-16 13:58:28"
3913,1,327,7,875.1679,CNY,1,2025-07-16,"2026-07-16 13:58:28"
3914,1,327,7,888.8579,CNY,2,2025-08-16,"2026-07-16 13:58:28"
3915,1,327,7,860.9153,CNY,3,2025-09-16,"2026-07-16 13:58:28"
3916,1,327,7,806.3347,CNY,4,2025-10-16,"2026-07-16 13:58:28"
3917,1,327,7,743.757,CNY,5,2025-11-16,"2026-07-16 13:58:28"
3918,1,327,7,894.4637,CNY,6,2025-12-16,"2026-07-16 13:58:28"
3919,1,327,7,807.6622,CNY,7,2026-01-16,"2026-07-16 13:58:28"
3920,1,327,7,807.7047,CNY,8,2026-02-16,"2026-07-16 13:58:28"
3921,1,327,7,828.5724,CNY,9,2026-03-16,"2026-07-16 13:58:28"
3922,1,327,7,771.8517,CNY,10,2026-04-16,"2026-07-16 13:58:28"
3923,1,327,7,789.346,CNY,11,2026-05-16,"2026-07-16 13:58:28"
3924,1,327,7,845.8729,CNY,12,2026-06-16,"2026-07-16 13:58:28"
3925,1,328,3,68.1338,CNY,1,2025-07-16,"2026-07-16 13:58:28"
3926,1,328,3,74.9811,CNY,2,2025-08-16,"2026-07-16 13:58:28"
3927,1,328,3,77.5737,CNY,3,2025-09-16,"2026-07-16 13:58:28"
3928,1,328,3,81.5469,CNY,4,2025-10-16,"2026-07-16 13:58:28"
3929,1,328,3,71.2382,CNY,5,2025-11-16,"2026-07-16 13:58:28"
3930,1,328,3,72.0208,CNY,6,2025-12-16,"2026-07-16 13:58:28"
3931,1,328,3,68.0041,CNY,7,2026-01-16,"2026-07-16 13:58:28"
3932,1,328,3,67.6138,CNY,8,2026-02-16,"2026-07-16 13:58:28"
3933,1,328,3,75.0603,CNY,9,2026-03-16,"2026-07-16 13:58:28"
3934,1,328,3,67.9815,CNY,10,2026-04-16,"2026-07-16 13:58:28"
3935,1,328,3,74.9299,CNY,11,2026-05-16,"2026-07-16 13:58:28"
3936,1,328,3,72.0275,CNY,12,2026-06-16,"2026-07-16 13:58:28"
3937,1,329,11,34.427,CNY,1,2025-07-16,"2026-07-16 13:58:28"
3938,1,329,11,39.1917,CNY,2,2025-08-16,"2026-07-16 13:58:28"
3939,1,329,11,37.8967,CNY,3,2025-09-16,"2026-07-16 13:58:28"
3940,1,329,11,36.6195,CNY,4,2025-10-16,"2026-07-16 13:58:28"
3941,1,329,11,38.3505,CNY,5,2025-11-16,"2026-07-16 13:58:28"
3942,1,329,11,38.6599,CNY,6,2025-12-16,"2026-07-16 13:58:28"
3943,1,329,11,39.4575,CNY,7,2026-01-16,"2026-07-16 13:58:28"
3944,1,329,11,40.7071,CNY,8,2026-02-16,"2026-07-16 13:58:28"
3945,1,329,11,37.1177,CNY,9,2026-03-16,"2026-07-16 13:58:28"
3946,1,329,11,38.6526,CNY,10,2026-04-16,"2026-07-16 13:58:28"
3947,1,329,11,37.5036,CNY,11,2026-05-16,"2026-07-16 13:58:28"
3948,1,329,11,34.7148,CNY,12,2026-06-16,"2026-07-16 13:58:28"
3949,1,330,14,855.3701,CNY,1,2025-07-16,"2026-07-16 13:58:28"
3950,1,330,14,772.369,CNY,2,2025-08-16,"2026-07-16 13:58:28"
3951,1,330,14,853.4282,CNY,3,2025-09-16,"2026-07-16 13:58:28"
3952,1,330,14,902.7859,CNY,4,2025-10-16,"2026-07-16 13:58:28"
3953,1,330,14,773.6705,CNY,5,2025-11-16,"2026-07-16 13:58:28"
3954,1,330,14,818.1708,CNY,6,2025-12-16,"2026-07-16 13:58:28"
3955,1,330,14,749.7914,CNY,7,2026-01-16,"2026-07-16 13:58:28"
3956,1,330,14,893.8663,CNY,8,2026-02-16,"2026-07-16 13:58:28"
3957,1,330,14,750.1909,CNY,9,2026-03-16,"2026-07-16 13:58:28"
3958,1,330,14,817.8008,CNY,10,2026-04-16,"2026-07-16 13:58:28"
3959,1,330,14,870.1074,CNY,11,2026-05-16,"2026-07-16 13:58:28"
3960,1,330,14,888.1386,CNY,12,2026-06-16,"2026-07-16 13:58:28"
3961,1,331,8,230.1824,CNY,1,2025-07-16,"2026-07-16 13:58:28"
3962,1,331,8,219.4058,CNY,2,2025-08-16,"2026-07-16 13:58:28"
3963,1,331,8,241.8881,CNY,3,2025-09-16,"2026-07-16 13:58:28"
3964,1,331,8,236.2505,CNY,4,2025-10-16,"2026-07-16 13:58:28"
3965,1,331,8,206.0024,CNY,5,2025-11-16,"2026-07-16 13:58:28"
3966,1,331,8,226.9705,CNY,6,2025-12-16,"2026-07-16 13:58:28"
3967,1,331,8,205.4448,CNY,7,2026-01-16,"2026-07-16 13:58:28"
3968,1,331,8,231.1542,CNY,8,2026-02-16,"2026-07-16 13:58:28"
3969,1,331,8,224.077,CNY,9,2026-03-16,"2026-07-16 13:58:28"
3970,1,331,8,240.0191,CNY,10,2026-04-16,"2026-07-16 13:58:28"
3971,1,331,8,213.584,CNY,11,2026-05-16,"2026-07-16 13:58:28"
3972,1,331,8,226.5943,CNY,12,2026-06-16,"2026-07-16 13:58:28"
3973,1,332,6,193.7538,CNY,1,2025-07-16,"2026-07-16 13:58:28"
3974,1,332,6,192.8992,CNY,2,2025-08-16,"2026-07-16 13:58:28"
3975,1,332,6,201.878,CNY,3,2025-09-16,"2026-07-16 13:58:28"
3976,1,332,6,196.7474,CNY,4,2025-10-16,"2026-07-16 13:58:28"
3977,1,332,6,200.9088,CNY,5,2025-11-16,"2026-07-16 13:58:28"
3978,1,332,6,199.6733,CNY,6,2025-12-16,"2026-07-16 13:58:28"
3979,1,332,6,212.633,CNY,7,2026-01-16,"2026-07-16 13:58:28"
3980,1,332,6,188.1559,CNY,8,2026-02-16,"2026-07-16 13:58:28"
3981,1,332,6,199.9264,CNY,9,2026-03-16,"2026-07-16 13:58:28"
3982,1,332,6,199.2057,CNY,10,2026-04-16,"2026-07-16 13:58:28"
3983,1,332,6,188.6599,CNY,11,2026-05-16,"2026-07-16 13:58:28"
3984,1,332,6,220.2412,CNY,12,2026-06-16,"2026-07-16 13:58:28"
3985,1,333,19,493.7251,USD,1,2025-07-16,"2026-07-16 13:58:28"
3986,1,333,19,472.7313,USD,2,2025-08-16,"2026-07-16 13:58:28"
3987,1,333,19,475.2762,USD,3,2025-09-16,"2026-07-16 13:58:28"
3988,1,333,19,509.6052,USD,4,2025-10-16,"2026-07-16 13:58:28"
3989,1,333,19,424.4296,USD,5,2025-11-16,"2026-07-16 13:58:28"
3990,1,333,19,432.5779,USD,6,2025-12-16,"2026-07-16 13:58:28"
3991,1,333,19,444.1825,USD,7,2026-01-16,"2026-07-16 13:58:28"
3992,1,333,19,432.7407,USD,8,2026-02-16,"2026-07-16 13:58:28"
3993,1,333,19,473.353,USD,9,2026-03-16,"2026-07-16 13:58:28"
3994,1,333,19,487.7042,USD,10,2026-04-16,"2026-07-16 13:58:28"
3995,1,333,19,479.012,USD,11,2026-05-16,"2026-07-16 13:58:28"
3996,1,333,19,471.524,USD,12,2026-06-16,"2026-07-16 13:58:28"
3997,1,334,3,192.4085,USD,1,2025-07-16,"2026-07-16 13:58:28"
3998,1,334,3,189.9035,USD,2,2025-08-16,"2026-07-16 13:58:28"
3999,1,334,3,183.3924,USD,3,2025-09-16,"2026-07-16 13:58:28"
4000,1,334,3,171.3595,USD,4,2025-10-16,"2026-07-16 13:58:28"
4001,1,334,3,170.8498,USD,5,2025-11-16,"2026-07-16 13:58:28"
4002,1,334,3,182.8947,USD,6,2025-12-16,"2026-07-16 13:58:28"
4003,1,334,3,179.1059,USD,7,2026-01-16,"2026-07-16 13:58:28"
4004,1,334,3,195.2591,USD,8,2026-02-16,"2026-07-16 13:58:28"
4005,1,334,3,161.147,USD,9,2026-03-16,"2026-07-16 13:58:28"
4006,1,334,3,167.63,USD,10,2026-04-16,"2026-07-16 13:58:28"
4007,1,334,3,160.6196,USD,11,2026-05-16,"2026-07-16 13:58:28"
4008,1,334,3,173.0207,USD,12,2026-06-16,"2026-07-16 13:58:28"
4009,1,335,10,568.3805,CNY,1,2025-07-16,"2026-07-16 13:58:28"
4010,1,335,10,548.699,CNY,2,2025-08-16,"2026-07-16 13:58:28"
4011,1,335,10,565.6812,CNY,3,2025-09-16,"2026-07-16 13:58:28"
4012,1,335,10,557.9484,CNY,4,2025-10-16,"2026-07-16 13:58:28"
4013,1,335,10,495.8459,CNY,5,2025-11-16,"2026-07-16 13:58:28"
4014,1,335,10,564.2008,CNY,6,2025-12-16,"2026-07-16 13:58:28"
4015,1,335,10,592.6604,CNY,7,2026-01-16,"2026-07-16 13:58:28"
4016,1,335,10,515.7729,CNY,8,2026-02-16,"2026-07-16 13:58:28"
4017,1,335,10,512.5072,CNY,9,2026-03-16,"2026-07-16 13:58:28"
4018,1,335,10,553.2085,CNY,10,2026-04-16,"2026-07-16 13:58:28"
4019,1,335,10,585.8084,CNY,11,2026-05-16,"2026-07-16 13:58:28"
4020,1,335,10,488.8282,CNY,12,2026-06-16,"2026-07-16 13:58:28"
4021,1,336,11,781.2782,CNY,1,2025-07-16,"2026-07-16 13:58:28"
4022,1,336,11,731.051,CNY,2,2025-08-16,"2026-07-16 13:58:28"
4023,1,336,11,800.0313,CNY,3,2025-09-16,"2026-07-16 13:58:28"
4024,1,336,11,722.8674,CNY,4,2025-10-16,"2026-07-16 13:58:28"
4025,1,336,11,723.247,CNY,5,2025-11-16,"2026-07-16 13:58:28"
4026,1,336,11,696.0592,CNY,6,2025-12-16,"2026-07-16 13:58:28"
4027,1,336,11,687.8281,CNY,7,2026-01-16,"2026-07-16 13:58:28"
4028,1,336,11,693.7241,CNY,8,2026-02-16,"2026-07-16 13:58:28"
4029,1,336,11,757.6324,CNY,9,2026-03-16,"2026-07-16 13:58:28"
4030,1,336,11,694.6335,CNY,10,2026-04-16,"2026-07-16 13:58:28"
4031,1,336,11,700.3057,CNY,11,2026-05-16,"2026-07-16 13:58:28"
4032,1,336,11,747.8553,CNY,12,2026-06-16,"2026-07-16 13:58:28"
4033,1,337,15,519.9328,CNY,1,2025-07-16,"2026-07-16 13:58:28"
4034,1,337,15,510.5259,CNY,2,2025-08-16,"2026-07-16 13:58:28"
4035,1,337,15,509.1871,CNY,3,2025-09-16,"2026-07-16 13:58:28"
4036,1,337,15,494.8855,CNY,4,2025-10-16,"2026-07-16 13:58:28"
4037,1,337,15,539.0298,CNY,5,2025-11-16,"2026-07-16 13:58:28"
4038,1,337,15,448.8451,CNY,6,2025-12-16,"2026-07-16 13:58:28"
4039,1,337,15,524.3943,CNY,7,2026-01-16,"2026-07-16 13:58:28"
4040,1,337,15,496.9842,CNY,8,2026-02-16,"2026-07-16 13:58:28"
4041,1,337,15,449.3819,CNY,9,2026-03-16,"2026-07-16 13:58:28"
4042,1,337,15,466.3886,CNY,10,2026-04-16,"2026-07-16 13:58:28"
4043,1,337,15,537.351,CNY,11,2026-05-16,"2026-07-16 13:58:28"
4044,1,337,15,501.8691,CNY,12,2026-06-16,"2026-07-16 13:58:28"
4045,1,338,14,391.4559,CNY,1,2025-07-16,"2026-07-16 13:58:28"
4046,1,338,14,399.9133,CNY,2,2025-08-16,"2026-07-16 13:58:28"
4047,1,338,14,379.3827,CNY,3,2025-09-16,"2026-07-16 13:58:28"
4048,1,338,14,367.6679,CNY,4,2025-10-16,"2026-07-16 13:58:28"
4049,1,338,14,377.784,CNY,5,2025-11-16,"2026-07-16 13:58:28"
4050,1,338,14,388.6416,CNY,6,2025-12-16,"2026-07-16 13:58:28"
4051,1,338,14,379.6989,CNY,7,2026-01-16,"2026-07-16 13:58:28"
4052,1,338,14,359.8268,CNY,8,2026-02-16,"2026-07-16 13:58:28"
4053,1,338,14,351.3222,CNY,9,2026-03-16,"2026-07-16 13:58:28"
4054,1,338,14,409.5675,CNY,10,2026-04-16,"2026-07-16 13:58:28"
4055,1,338,14,391.457,CNY,11,2026-05-16,"2026-07-16 13:58:28"
4056,1,338,14,374.4685,CNY,12,2026-06-16,"2026-07-16 13:58:28"
4057,1,339,10,112.4682,USD,1,2025-07-16,"2026-07-16 13:58:28"
4058,1,339,10,119.1175,USD,2,2025-08-16,"2026-07-16 13:58:28"
4059,1,339,10,121.6106,USD,3,2025-09-16,"2026-07-16 13:58:28"
4060,1,339,10,113.9575,USD,4,2025-10-16,"2026-07-16 13:58:28"
4061,1,339,10,129.3327,USD,5,2025-11-16,"2026-07-16 13:58:28"
4062,1,339,10,114.8251,USD,6,2025-12-16,"2026-07-16 13:58:28"
4063,1,339,10,117.5939,USD,7,2026-01-16,"2026-07-16 13:58:28"
4064,1,339,10,115.8413,USD,8,2026-02-16,"2026-07-16 13:58:28"
4065,1,339,10,122.516,USD,9,2026-03-16,"2026-07-16 13:58:28"
4066,1,339,10,125.008,USD,10,2026-04-16,"2026-07-16 13:58:28"
4067,1,339,10,131.9235,USD,11,2026-05-16,"2026-07-16 13:58:28"
4068,1,339,10,130.4182,USD,12,2026-06-16,"2026-07-16 13:58:28"
4069,1,340,4,812.1886,CNY,1,2025-07-16,"2026-07-16 13:58:28"
4070,1,340,4,827.5928,CNY,2,2025-08-16,"2026-07-16 13:58:28"
4071,1,340,4,788.9325,CNY,3,2025-09-16,"2026-07-16 13:58:28"
4072,1,340,4,749.0873,CNY,4,2025-10-16,"2026-07-16 13:58:28"
4073,1,340,4,802.385,CNY,5,2025-11-16,"2026-07-16 13:58:28"
4074,1,340,4,790.9534,CNY,6,2025-12-16,"2026-07-16 13:58:28"
4075,1,340,4,726.0591,CNY,7,2026-01-16,"2026-07-16 13:58:28"
4076,1,340,4,748.2738,CNY,8,2026-02-16,"2026-07-16 13:58:28"
4077,1,340,4,756.4651,CNY,9,2026-03-16,"2026-07-16 13:58:28"
4078,1,340,4,779.5358,CNY,10,2026-04-16,"2026-07-16 13:58:28"
4079,1,340,4,756.5896,CNY,11,2026-05-16,"2026-07-16 13:58:28"
4080,1,340,4,782.6695,CNY,12,2026-06-16,"2026-07-16 13:58:28"
4081,1,341,13,515.2138,CNY,1,2025-07-16,"2026-07-16 13:58:28"
4082,1,341,13,518.9378,CNY,2,2025-08-16,"2026-07-16 13:58:28"
4083,1,341,13,455.655,CNY,3,2025-09-16,"2026-07-16 13:58:28"
4084,1,341,13,469.0067,CNY,4,2025-10-16,"2026-07-16 13:58:28"
4085,1,341,13,454.9242,CNY,5,2025-11-16,"2026-07-16 13:58:28"
4086,1,341,13,499.0786,CNY,6,2025-12-16,"2026-07-16 13:58:28"
4087,1,341,13,452.7353,CNY,7,2026-01-16,"2026-07-16 13:58:28"
4088,1,341,13,469.303,CNY,8,2026-02-16,"2026-07-16 13:58:28"
4089,1,341,13,534.0433,CNY,9,2026-03-16,"2026-07-16 13:58:28"
4090,1,341,13,462.4649,CNY,10,2026-04-16,"2026-07-16 13:58:28"
4091,1,341,13,474.7422,CNY,11,2026-05-16,"2026-07-16 13:58:28"
4092,1,341,13,493.1499,CNY,12,2026-06-16,"2026-07-16 13:58:28"
4093,1,342,13,817.3409,CNY,1,2025-07-16,"2026-07-16 13:58:28"
4094,1,342,13,807.285,CNY,2,2025-08-16,"2026-07-16 13:58:28"
4095,1,342,13,717.5085,CNY,3,2025-09-16,"2026-07-16 13:58:28"
4096,1,342,13,812.9421,CNY,4,2025-10-16,"2026-07-16 13:58:28"
4097,1,342,13,747.5582,CNY,5,2025-11-16,"2026-07-16 13:58:28"
4098,1,342,13,852.9897,CNY,6,2025-12-16,"2026-07-16 13:58:28"
4099,1,342,13,856.5182,CNY,7,2026-01-16,"2026-07-16 13:58:28"
4100,1,342,13,852.962,CNY,8,2026-02-16,"2026-07-16 13:58:28"
4101,1,342,13,855.6453,CNY,9,2026-03-16,"2026-07-16 13:58:28"
4102,1,342,13,769.9157,CNY,10,2026-04-16,"2026-07-16 13:58:28"
4103,1,342,13,725.9469,CNY,11,2026-05-16,"2026-07-16 13:58:28"
4104,1,342,13,747.4724,CNY,12,2026-06-16,"2026-07-16 13:58:28"
4105,1,343,17,271.2462,CNY,1,2025-07-16,"2026-07-16 13:58:28"
4106,1,343,17,272.132,CNY,2,2025-08-16,"2026-07-16 13:58:28"
4107,1,343,17,263.6347,CNY,3,2025-09-16,"2026-07-16 13:58:28"
4108,1,343,17,242.9988,CNY,4,2025-10-16,"2026-07-16 13:58:28"
4109,1,343,17,232.397,CNY,5,2025-11-16,"2026-07-16 13:58:28"
4110,1,343,17,245.1509,CNY,6,2025-12-16,"2026-07-16 13:58:28"
4111,1,343,17,274.0927,CNY,7,2026-01-16,"2026-07-16 13:58:28"
4112,1,343,17,264.5911,CNY,8,2026-02-16,"2026-07-16 13:58:28"
4113,1,343,17,236.4378,CNY,9,2026-03-16,"2026-07-16 13:58:28"
4114,1,343,17,279.5441,CNY,10,2026-04-16,"2026-07-16 13:58:28"
4115,1,343,17,261.0202,CNY,11,2026-05-16,"2026-07-16 13:58:28"
4116,1,343,17,257.5705,CNY,12,2026-06-16,"2026-07-16 13:58:28"
4117,1,344,3,559.1055,CNY,1,2025-07-16,"2026-07-16 13:58:28"
4118,1,344,3,575.6371,CNY,2,2025-08-16,"2026-07-16 13:58:28"
4119,1,344,3,624.0616,CNY,3,2025-09-16,"2026-07-16 13:58:28"
4120,1,344,3,649.2904,CNY,4,2025-10-16,"2026-07-16 13:58:28"
4121,1,344,3,642.1364,CNY,5,2025-11-16,"2026-07-16 13:58:28"
4122,1,344,3,632.191,CNY,6,2025-12-16,"2026-07-16 13:58:28"
4123,1,344,3,599.4978,CNY,7,2026-01-16,"2026-07-16 13:58:28"
4124,1,344,3,659.8478,CNY,8,2026-02-16,"2026-07-16 13:58:28"
4125,1,344,3,599.7276,CNY,9,2026-03-16,"2026-07-16 13:58:28"
4126,1,344,3,601.7667,CNY,10,2026-04-16,"2026-07-16 13:58:28"
4127,1,344,3,637.0457,CNY,11,2026-05-16,"2026-07-16 13:58:28"
4128,1,344,3,644.3073,CNY,12,2026-06-16,"2026-07-16 13:58:28"
4129,1,345,17,127.3868,USD,1,2025-07-16,"2026-07-16 13:58:28"
4130,1,345,17,140.4191,USD,2,2025-08-16,"2026-07-16 13:58:28"
4131,1,345,17,130.4795,USD,3,2025-09-16,"2026-07-16 13:58:28"
4132,1,345,17,126.7549,USD,4,2025-10-16,"2026-07-16 13:58:28"
4133,1,345,17,128.2178,USD,5,2025-11-16,"2026-07-16 13:58:28"
4134,1,345,17,131.0307,USD,6,2025-12-16,"2026-07-16 13:58:28"
4135,1,345,17,140.4163,USD,7,2026-01-16,"2026-07-16 13:58:28"
4136,1,345,17,136.6412,USD,8,2026-02-16,"2026-07-16 13:58:28"
4137,1,345,17,135.3368,USD,9,2026-03-16,"2026-07-16 13:58:28"
4138,1,345,17,124.4701,USD,10,2026-04-16,"2026-07-16 13:58:28"
4139,1,345,17,141.5262,USD,11,2026-05-16,"2026-07-16 13:58:28"
4140,1,345,17,144.8224,USD,12,2026-06-16,"2026-07-16 13:58:28"
4141,1,346,13,783.4624,CNY,1,2025-07-16,"2026-07-16 13:58:28"
4142,1,346,13,769.1748,CNY,2,2025-08-16,"2026-07-16 13:58:28"
4143,1,346,13,852.8865,CNY,3,2025-09-16,"2026-07-16 13:58:28"
4144,1,346,13,820.8233,CNY,4,2025-10-16,"2026-07-16 13:58:28"
4145,1,346,13,774.4975,CNY,5,2025-11-16,"2026-07-16 13:58:28"
4146,1,346,13,869.6581,CNY,6,2025-12-16,"2026-07-16 13:58:28"
4147,1,346,13,827.2777,CNY,7,2026-01-16,"2026-07-16 13:58:28"
4148,1,346,13,802.1196,CNY,8,2026-02-16,"2026-07-16 13:58:28"
4149,1,346,13,736.3862,CNY,9,2026-03-16,"2026-07-16 13:58:28"
4150,1,346,13,876.7997,CNY,10,2026-04-16,"2026-07-16 13:58:28"
4151,1,346,13,795.7499,CNY,11,2026-05-16,"2026-07-16 13:58:28"
4152,1,346,13,880.4639,CNY,12,2026-06-16,"2026-07-16 13:58:28"
4153,1,347,17,240.8751,CNY,1,2025-07-16,"2026-07-16 13:58:28"
4154,1,347,17,251.211,CNY,2,2025-08-16,"2026-07-16 13:58:28"
4155,1,347,17,257.8756,CNY,3,2025-09-16,"2026-07-16 13:58:28"
4156,1,347,17,224.8147,CNY,4,2025-10-16,"2026-07-16 13:58:28"
4157,1,347,17,250.788,CNY,5,2025-11-16,"2026-07-16 13:58:28"
4158,1,347,17,257.98,CNY,6,2025-12-16,"2026-07-16 13:58:28"
4159,1,347,17,224.5892,CNY,7,2026-01-16,"2026-07-16 13:58:28"
4160,1,347,17,236.5387,CNY,8,2026-02-16,"2026-07-16 13:58:28"
4161,1,347,17,256.0329,CNY,9,2026-03-16,"2026-07-16 13:58:28"
4162,1,347,17,261.2884,CNY,10,2026-04-16,"2026-07-16 13:58:28"
4163,1,347,17,232.2508,CNY,11,2026-05-16,"2026-07-16 13:58:28"
4164,1,347,17,245.4998,CNY,12,2026-06-16,"2026-07-16 13:58:28"
4165,1,348,14,76.1945,USD,1,2025-07-16,"2026-07-16 13:58:28"
4166,1,348,14,72.532,USD,2,2025-08-16,"2026-07-16 13:58:28"
4167,1,348,14,68.7602,USD,3,2025-09-16,"2026-07-16 13:58:28"
4168,1,348,14,76.7826,USD,4,2025-10-16,"2026-07-16 13:58:28"
4169,1,348,14,66.4427,USD,5,2025-11-16,"2026-07-16 13:58:28"
4170,1,348,14,71.8884,USD,6,2025-12-16,"2026-07-16 13:58:28"
4171,1,348,14,65.3018,USD,7,2026-01-16,"2026-07-16 13:58:28"
4172,1,348,14,73.2374,USD,8,2026-02-16,"2026-07-16 13:58:28"
4173,1,348,14,72.6611,USD,9,2026-03-16,"2026-07-16 13:58:28"
4174,1,348,14,66.1776,USD,10,2026-04-16,"2026-07-16 13:58:28"
4175,1,348,14,74.3342,USD,11,2026-05-16,"2026-07-16 13:58:28"
4176,1,348,14,69.1616,USD,12,2026-06-16,"2026-07-16 13:58:28"
4177,1,349,7,303.3653,USD,1,2025-07-16,"2026-07-16 13:58:28"
4178,1,349,7,304.8237,USD,2,2025-08-16,"2026-07-16 13:58:28"
4179,1,349,7,322.0019,USD,3,2025-09-16,"2026-07-16 13:58:28"
4180,1,349,7,288.2963,USD,4,2025-10-16,"2026-07-16 13:58:28"
4181,1,349,7,312.9848,USD,5,2025-11-16,"2026-07-16 13:58:28"
4182,1,349,7,277.5642,USD,6,2025-12-16,"2026-07-16 13:58:28"
4183,1,349,7,276.5811,USD,7,2026-01-16,"2026-07-16 13:58:28"
4184,1,349,7,317.8964,USD,8,2026-02-16,"2026-07-16 13:58:28"
4185,1,349,7,331.0137,USD,9,2026-03-16,"2026-07-16 13:58:28"
4186,1,349,7,318.8222,USD,10,2026-04-16,"2026-07-16 13:58:28"
4187,1,349,7,283.9831,USD,11,2026-05-16,"2026-07-16 13:58:28"
4188,1,349,7,324.4988,USD,12,2026-06-16,"2026-07-16 13:58:28"
4189,1,350,13,790.6429,USD,1,2025-07-16,"2026-07-16 13:58:28"
4190,1,350,13,839.4899,USD,2,2025-08-16,"2026-07-16 13:58:28"
4191,1,350,13,878.2663,USD,3,2025-09-16,"2026-07-16 13:58:28"
4192,1,350,13,759.7874,USD,4,2025-10-16,"2026-07-16 13:58:28"
4193,1,350,13,771.5235,USD,5,2025-11-16,"2026-07-16 13:58:28"
4194,1,350,13,897.3445,USD,6,2025-12-16,"2026-07-16 13:58:28"
4195,1,350,13,861.2714,USD,7,2026-01-16,"2026-07-16 13:58:28"
4196,1,350,13,822.9457,USD,8,2026-02-16,"2026-07-16 13:58:28"
4197,1,350,13,872.1586,USD,9,2026-03-16,"2026-07-16 13:58:28"
4198,1,350,13,893.0147,USD,10,2026-04-16,"2026-07-16 13:58:28"
4199,1,350,13,834.1792,USD,11,2026-05-16,"2026-07-16 13:58:28"
4200,1,350,13,778.3884,USD,12,2026-06-16,"2026-07-16 13:58:28"
4201,1,351,3,325.8286,CNY,1,2025-07-16,"2026-07-16 13:58:28"
4202,1,351,3,343.0382,CNY,2,2025-08-16,"2026-07-16 13:58:28"
4203,1,351,3,295.2848,CNY,3,2025-09-16,"2026-07-16 13:58:28"
4204,1,351,3,349.8624,CNY,4,2025-10-16,"2026-07-16 13:58:28"
4205,1,351,3,319.5823,CNY,5,2025-11-16,"2026-07-16 13:58:28"
4206,1,351,3,343.2826,CNY,6,2025-12-16,"2026-07-16 13:58:28"
4207,1,351,3,342.9991,CNY,7,2026-01-16,"2026-07-16 13:58:28"
4208,1,351,3,342.8128,CNY,8,2026-02-16,"2026-07-16 13:58:28"
4209,1,351,3,292.1545,CNY,9,2026-03-16,"2026-07-16 13:58:28"
4210,1,351,3,348.7544,CNY,10,2026-04-16,"2026-07-16 13:58:28"
4211,1,351,3,336.6855,CNY,11,2026-05-16,"2026-07-16 13:58:28"
4212,1,351,3,341.199,CNY,12,2026-06-16,"2026-07-16 13:58:28"
4213,1,352,3,339.7029,USD,1,2025-07-16,"2026-07-16 13:58:28"
4214,1,352,3,302.5674,USD,2,2025-08-16,"2026-07-16 13:58:28"
4215,1,352,3,358.8339,USD,3,2025-09-16,"2026-07-16 13:58:28"
4216,1,352,3,335.1926,USD,4,2025-10-16,"2026-07-16 13:58:28"
4217,1,352,3,350.9621,USD,5,2025-11-16,"2026-07-16 13:58:28"
4218,1,352,3,303.232,USD,6,2025-12-16,"2026-07-16 13:58:28"
4219,1,352,3,330.0717,USD,7,2026-01-16,"2026-07-16 13:58:28"
4220,1,352,3,313.3079,USD,8,2026-02-16,"2026-07-16 13:58:28"
4221,1,352,3,308.3805,USD,9,2026-03-16,"2026-07-16 13:58:28"
4222,1,352,3,360.888,USD,10,2026-04-16,"2026-07-16 13:58:28"
4223,1,352,3,347.6888,USD,11,2026-05-16,"2026-07-16 13:58:28"
4224,1,352,3,298.7078,USD,12,2026-06-16,"2026-07-16 13:58:28"
4225,1,353,8,47.5222,CNY,1,2025-07-16,"2026-07-16 13:58:28"
4226,1,353,8,45.7968,CNY,2,2025-08-16,"2026-07-16 13:58:28"
4227,1,353,8,45.0548,CNY,3,2025-09-16,"2026-07-16 13:58:28"
4228,1,353,8,47.1588,CNY,4,2025-10-16,"2026-07-16 13:58:28"
4229,1,353,8,40.8971,CNY,5,2025-11-16,"2026-07-16 13:58:28"
4230,1,353,8,42.3252,CNY,6,2025-12-16,"2026-07-16 13:58:28"
4231,1,353,8,45.9374,CNY,7,2026-01-16,"2026-07-16 13:58:28"
4232,1,353,8,48.2091,CNY,8,2026-02-16,"2026-07-16 13:58:28"
4233,1,353,8,40.8296,CNY,9,2026-03-16,"2026-07-16 13:58:28"
4234,1,353,8,40.3886,CNY,10,2026-04-16,"2026-07-16 13:58:28"
4235,1,353,8,43.1717,CNY,11,2026-05-16,"2026-07-16 13:58:28"
4236,1,353,8,45.7868,CNY,12,2026-06-16,"2026-07-16 13:58:28"
4237,1,354,3,582.9808,CNY,1,2025-07-16,"2026-07-16 13:58:28"
4238,1,354,3,616.2675,CNY,2,2025-08-16,"2026-07-16 13:58:28"
4239,1,354,3,618.1658,CNY,3,2025-09-16,"2026-07-16 13:58:28"
4240,1,354,3,674.8111,CNY,4,2025-10-16,"2026-07-16 13:58:28"
4241,1,354,3,599.2087,CNY,5,2025-11-16,"2026-07-16 13:58:28"
4242,1,354,3,626.5394,CNY,6,2025-12-16,"2026-07-16 13:58:28"
4243,1,354,3,601.952,CNY,7,2026-01-16,"2026-07-16 13:58:28"
4244,1,354,3,671.0649,CNY,8,2026-02-16,"2026-07-16 13:58:28"
4245,1,354,3,609.4486,CNY,9,2026-03-16,"2026-07-16 13:58:28"
4246,1,354,3,699.6646,CNY,10,2026-04-16,"2026-07-16 13:58:28"
4247,1,354,3,584.2802,CNY,11,2026-05-16,"2026-07-16 13:58:28"
4248,1,354,3,651.4674,CNY,12,2026-06-16,"2026-07-16 13:58:28"
4249,1,355,20,882.9981,CNY,1,2025-07-16,"2026-07-16 13:58:28"
4250,1,355,20,884.6005,CNY,2,2025-08-16,"2026-07-16 13:58:28"
4251,1,355,20,830.2683,CNY,3,2025-09-16,"2026-07-16 13:58:28"
4252,1,355,20,905.4936,CNY,4,2025-10-16,"2026-07-16 13:58:28"
4253,1,355,20,760.6334,CNY,5,2025-11-16,"2026-07-16 13:58:28"
4254,1,355,20,761.7293,CNY,6,2025-12-16,"2026-07-16 13:58:28"
4255,1,355,20,787.4037,CNY,7,2026-01-16,"2026-07-16 13:58:28"
4256,1,355,20,834.9875,CNY,8,2026-02-16,"2026-07-16 13:58:28"
4257,1,355,20,912.0614,CNY,9,2026-03-16,"2026-07-16 13:58:28"
4258,1,355,20,860.7562,CNY,10,2026-04-16,"2026-07-16 13:58:28"
4259,1,355,20,911.7283,CNY,11,2026-05-16,"2026-07-16 13:58:28"
4260,1,355,20,774.9054,CNY,12,2026-06-16,"2026-07-16 13:58:28"
4261,1,356,11,767.823,CNY,1,2025-07-16,"2026-07-16 13:58:28"
4262,1,356,11,827.6684,CNY,2,2025-08-16,"2026-07-16 13:58:28"
4263,1,356,11,724.9702,CNY,3,2025-09-16,"2026-07-16 13:58:28"
4264,1,356,11,828.4138,CNY,4,2025-10-16,"2026-07-16 13:58:28"
4265,1,356,11,846.5107,CNY,5,2025-11-16,"2026-07-16 13:58:28"
4266,1,356,11,774.9308,CNY,6,2025-12-16,"2026-07-16 13:58:28"
4267,1,356,11,812.0113,CNY,7,2026-01-16,"2026-07-16 13:58:28"
4268,1,356,11,741.1783,CNY,8,2026-02-16,"2026-07-16 13:58:28"
4269,1,356,11,727.784,CNY,9,2026-03-16,"2026-07-16 13:58:28"
4270,1,356,11,812.1328,CNY,10,2026-04-16,"2026-07-16 13:58:28"
4271,1,356,11,803.9076,CNY,11,2026-05-16,"2026-07-16 13:58:28"
4272,1,356,11,845.1565,CNY,12,2026-06-16,"2026-07-16 13:58:28"
4273,1,357,18,327.5829,CNY,1,2025-07-16,"2026-07-16 13:58:28"
4274,1,357,18,332.5723,CNY,2,2025-08-16,"2026-07-16 13:58:28"
4275,1,357,18,345.453,CNY,3,2025-09-16,"2026-07-16 13:58:28"
4276,1,357,18,310.0269,CNY,4,2025-10-16,"2026-07-16 13:58:28"
4277,1,357,18,299.5434,CNY,5,2025-11-16,"2026-07-16 13:58:28"
4278,1,357,18,318.7522,CNY,6,2025-12-16,"2026-07-16 13:58:28"
4279,1,357,18,294.9756,CNY,7,2026-01-16,"2026-07-16 13:58:28"
4280,1,357,18,330.9516,CNY,8,2026-02-16,"2026-07-16 13:58:28"
4281,1,357,18,285.4178,CNY,9,2026-03-16,"2026-07-16 13:58:28"
4282,1,357,18,301.303,CNY,10,2026-04-16,"2026-07-16 13:58:28"
4283,1,357,18,334.6305,CNY,11,2026-05-16,"2026-07-16 13:58:28"
4284,1,357,18,332.9682,CNY,12,2026-06-16,"2026-07-16 13:58:28"
4285,1,358,2,298.0803,CNY,1,2025-07-16,"2026-07-16 13:58:28"
4286,1,358,2,305.4091,CNY,2,2025-08-16,"2026-07-16 13:58:28"
4287,1,358,2,295.9368,CNY,3,2025-09-16,"2026-07-16 13:58:28"
4288,1,358,2,333.349,CNY,4,2025-10-16,"2026-07-16 13:58:28"
4289,1,358,2,316.1442,CNY,5,2025-11-16,"2026-07-16 13:58:28"
4290,1,358,2,298.1362,CNY,6,2025-12-16,"2026-07-16 13:58:28"
4291,1,358,2,309.8303,CNY,7,2026-01-16,"2026-07-16 13:58:28"
4292,1,358,2,288.5982,CNY,8,2026-02-16,"2026-07-16 13:58:28"
4293,1,358,2,284.5507,CNY,9,2026-03-16,"2026-07-16 13:58:28"
4294,1,358,2,296.4679,CNY,10,2026-04-16,"2026-07-16 13:58:28"
4295,1,358,2,288.7699,CNY,11,2026-05-16,"2026-07-16 13:58:28"
4296,1,358,2,318.124,CNY,12,2026-06-16,"2026-07-16 13:58:28"
4297,1,359,5,265.3677,CNY,1,2025-07-16,"2026-07-16 13:58:28"
4298,1,359,5,308.7,CNY,2,2025-08-16,"2026-07-16 13:58:28"
4299,1,359,5,294.5256,CNY,3,2025-09-16,"2026-07-16 13:58:28"
4300,1,359,5,310.0353,CNY,4,2025-10-16,"2026-07-16 13:58:28"
4301,1,359,5,313.1402,CNY,5,2025-11-16,"2026-07-16 13:58:28"
4302,1,359,5,268.9362,CNY,6,2025-12-16,"2026-07-16 13:58:28"
4303,1,359,5,267.3727,CNY,7,2026-01-16,"2026-07-16 13:58:28"
4304,1,359,5,281.9289,CNY,8,2026-02-16,"2026-07-16 13:58:28"
4305,1,359,5,273.6953,CNY,9,2026-03-16,"2026-07-16 13:58:28"
4306,1,359,5,309.1964,CNY,10,2026-04-16,"2026-07-16 13:58:28"
4307,1,359,5,272.2713,CNY,11,2026-05-16,"2026-07-16 13:58:28"
4308,1,359,5,261.6318,CNY,12,2026-06-16,"2026-07-16 13:58:28"
4309,1,360,11,137.1432,CNY,1,2025-07-16,"2026-07-16 13:58:28"
4310,1,360,11,128.9024,CNY,2,2025-08-16,"2026-07-16 13:58:28"
4311,1,360,11,123.4551,CNY,3,2025-09-16,"2026-07-16 13:58:28"
4312,1,360,11,144.8157,CNY,4,2025-10-16,"2026-07-16 13:58:28"
4313,1,360,11,131.8198,CNY,5,2025-11-16,"2026-07-16 13:58:28"
4314,1,360,11,127.3581,CNY,6,2025-12-16,"2026-07-16 13:58:28"
4315,1,360,11,138.3223,CNY,7,2026-01-16,"2026-07-16 13:58:28"
4316,1,360,11,133.1379,CNY,8,2026-02-16,"2026-07-16 13:58:28"
4317,1,360,11,128.0465,CNY,9,2026-03-16,"2026-07-16 13:58:28"
4318,1,360,11,140.6502,CNY,10,2026-04-16,"2026-07-16 13:58:28"
4319,1,360,11,126.1941,CNY,11,2026-05-16,"2026-07-16 13:58:28"
4320,1,360,11,137.1639,CNY,12,2026-06-16,"2026-07-16 13:58:28"
4321,1,361,5,798.503,CNY,1,2025-07-16,"2026-07-16 13:58:28"
4322,1,361,5,951.1178,CNY,2,2025-08-16,"2026-07-16 13:58:28"
4323,1,361,5,891.3489,CNY,3,2025-09-16,"2026-07-16 13:58:28"
4324,1,361,5,908.1589,CNY,4,2025-10-16,"2026-07-16 13:58:28"
4325,1,361,5,821.7202,CNY,5,2025-11-16,"2026-07-16 13:58:28"
4326,1,361,5,958.2208,CNY,6,2025-12-16,"2026-07-16 13:58:28"
4327,1,361,5,820.5107,CNY,7,2026-01-16,"2026-07-16 13:58:28"
4328,1,361,5,870.0703,CNY,8,2026-02-16,"2026-07-16 13:58:28"
4329,1,361,5,816.35,CNY,9,2026-03-16,"2026-07-16 13:58:28"
4330,1,361,5,971.328,CNY,10,2026-04-16,"2026-07-16 13:58:28"
4331,1,361,5,805.6727,CNY,11,2026-05-16,"2026-07-16 13:58:28"
4332,1,361,5,958.0983,CNY,12,2026-06-16,"2026-07-16 13:58:28"
4333,1,362,18,772.7197,CNY,1,2025-07-16,"2026-07-16 13:58:28"
4334,1,362,18,793.2441,CNY,2,2025-08-16,"2026-07-16 13:58:28"
4335,1,362,18,834.6225,CNY,3,2025-09-16,"2026-07-16 13:58:28"
4336,1,362,18,892.4569,CNY,4,2025-10-16,"2026-07-16 13:58:28"
4337,1,362,18,829.9902,CNY,5,2025-11-16,"2026-07-16 13:58:28"
4338,1,362,18,861.5932,CNY,6,2025-12-16,"2026-07-16 13:58:28"
4339,1,362,18,807.2199,CNY,7,2026-01-16,"2026-07-16 13:58:28"
4340,1,362,18,798.807,CNY,8,2026-02-16,"2026-07-16 13:58:28"
4341,1,362,18,865.5482,CNY,9,2026-03-16,"2026-07-16 13:58:28"
4342,1,362,18,757.866,CNY,10,2026-04-16,"2026-07-16 13:58:28"
4343,1,362,18,811.817,CNY,11,2026-05-16,"2026-07-16 13:58:28"
4344,1,362,18,804.2045,CNY,12,2026-06-16,"2026-07-16 13:58:28"
4345,1,363,2,272.3978,CNY,1,2025-07-16,"2026-07-16 13:58:28"
4346,1,363,2,256.2616,CNY,2,2025-08-16,"2026-07-16 13:58:28"
4347,1,363,2,256.5946,CNY,3,2025-09-16,"2026-07-16 13:58:28"
4348,1,363,2,251.1681,CNY,4,2025-10-16,"2026-07-16 13:58:28"
4349,1,363,2,293.7432,CNY,5,2025-11-16,"2026-07-16 13:58:28"
4350,1,363,2,266.0391,CNY,6,2025-12-16,"2026-07-16 13:58:28"
4351,1,363,2,274.3199,CNY,7,2026-01-16,"2026-07-16 13:58:28"
4352,1,363,2,272.5108,CNY,8,2026-02-16,"2026-07-16 13:58:28"
4353,1,363,2,267.1984,CNY,9,2026-03-16,"2026-07-16 13:58:28"
4354,1,363,2,257.1428,CNY,10,2026-04-16,"2026-07-16 13:58:28"
4355,1,363,2,275.8965,CNY,11,2026-05-16,"2026-07-16 13:58:28"
4356,1,363,2,298.0878,CNY,12,2026-06-16,"2026-07-16 13:58:28"
4357,1,364,1,69.105,CNY,1,2025-07-16,"2026-07-16 13:58:28"
4358,1,364,1,75.0433,CNY,2,2025-08-16,"2026-07-16 13:58:28"
4359,1,364,1,72.6577,CNY,3,2025-09-16,"2026-07-16 13:58:28"
4360,1,364,1,64.7026,CNY,4,2025-10-16,"2026-07-16 13:58:28"
4361,1,364,1,72.8286,CNY,5,2025-11-16,"2026-07-16 13:58:28"
4362,1,364,1,63.3774,CNY,6,2025-12-16,"2026-07-16 13:58:28"
4363,1,364,1,65.7224,CNY,7,2026-01-16,"2026-07-16 13:58:28"
4364,1,364,1,64.6007,CNY,8,2026-02-16,"2026-07-16 13:58:28"
4365,1,364,1,73.3876,CNY,9,2026-03-16,"2026-07-16 13:58:28"
4366,1,364,1,70.0854,CNY,10,2026-04-16,"2026-07-16 13:58:28"
4367,1,364,1,72.434,CNY,11,2026-05-16,"2026-07-16 13:58:28"
4368,1,364,1,71.2188,CNY,12,2026-06-16,"2026-07-16 13:58:28"
4369,1,365,12,762.1512,CNY,1,2025-07-16,"2026-07-16 13:58:28"
4370,1,365,12,803.6341,CNY,2,2025-08-16,"2026-07-16 13:58:28"
4371,1,365,12,726.5645,CNY,3,2025-09-16,"2026-07-16 13:58:28"
4372,1,365,12,740.6391,CNY,4,2025-10-16,"2026-07-16 13:58:28"
4373,1,365,12,750.4167,CNY,5,2025-11-16,"2026-07-16 13:58:28"
4374,1,365,12,804.4385,CNY,6,2025-12-16,"2026-07-16 13:58:28"
4375,1,365,12,782.755,CNY,7,2026-01-16,"2026-07-16 13:58:28"
4376,1,365,12,796.7643,CNY,8,2026-02-16,"2026-07-16 13:58:28"
4377,1,365,12,825.5768,CNY,9,2026-03-16,"2026-07-16 13:58:28"
4378,1,365,12,807.6761,CNY,10,2026-04-16,"2026-07-16 13:58:28"
4379,1,365,12,769.8549,CNY,11,2026-05-16,"2026-07-16 13:58:28"
4380,1,365,12,793.4309,CNY,12,2026-06-16,"2026-07-16 13:58:28"
4381,1,366,14,129.3756,USD,1,2025-07-16,"2026-07-16 13:58:28"
4382,1,366,14,118.852,USD,2,2025-08-16,"2026-07-16 13:58:28"
4383,1,366,14,119.232,USD,3,2025-09-16,"2026-07-16 13:58:28"
4384,1,366,14,118.2041,USD,4,2025-10-16,"2026-07-16 13:58:28"
4385,1,366,14,127.6714,USD,5,2025-11-16,"2026-07-16 13:58:28"
4386,1,366,14,125.2655,USD,6,2025-12-16,"2026-07-16 13:58:28"
4387,1,366,14,128.3313,USD,7,2026-01-16,"2026-07-16 13:58:28"
4388,1,366,14,116.2162,USD,8,2026-02-16,"2026-07-16 13:58:28"
4389,1,366,14,121.5492,USD,9,2026-03-16,"2026-07-16 13:58:28"
4390,1,366,14,128.3527,USD,10,2026-04-16,"2026-07-16 13:58:28"
4391,1,366,14,119.5444,USD,11,2026-05-16,"2026-07-16 13:58:28"
4392,1,366,14,114.1847,USD,12,2026-06-16,"2026-07-16 13:58:28"
4393,1,367,13,480.0471,CNY,1,2025-07-16,"2026-07-16 13:58:28"
4394,1,367,13,470.3056,CNY,2,2025-08-16,"2026-07-16 13:58:28"
4395,1,367,13,490.4218,CNY,3,2025-09-16,"2026-07-16 13:58:28"
4396,1,367,13,464.8182,CNY,4,2025-10-16,"2026-07-16 13:58:28"
4397,1,367,13,464.6216,CNY,5,2025-11-16,"2026-07-16 13:58:28"
4398,1,367,13,470.7684,CNY,6,2025-12-16,"2026-07-16 13:58:28"
4399,1,367,13,463.5513,CNY,7,2026-01-16,"2026-07-16 13:58:28"
4400,1,367,13,463.8638,CNY,8,2026-02-16,"2026-07-16 13:58:28"
4401,1,367,13,452.0295,CNY,9,2026-03-16,"2026-07-16 13:58:28"
4402,1,367,13,459.6313,CNY,10,2026-04-16,"2026-07-16 13:58:28"
4403,1,367,13,469.8525,CNY,11,2026-05-16,"2026-07-16 13:58:28"
4404,1,367,13,409.2822,CNY,12,2026-06-16,"2026-07-16 13:58:28"
4405,1,368,5,581.721,CNY,1,2025-07-16,"2026-07-16 13:58:28"
4406,1,368,5,559.5558,CNY,2,2025-08-16,"2026-07-16 13:58:28"
4407,1,368,5,607.2099,CNY,3,2025-09-16,"2026-07-16 13:58:28"
4408,1,368,5,649.7121,CNY,4,2025-10-16,"2026-07-16 13:58:28"
4409,1,368,5,647.4925,CNY,5,2025-11-16,"2026-07-16 13:58:28"
4410,1,368,5,597.2518,CNY,6,2025-12-16,"2026-07-16 13:58:28"
4411,1,368,5,584.7298,CNY,7,2026-01-16,"2026-07-16 13:58:28"
4412,1,368,5,621.8183,CNY,8,2026-02-16,"2026-07-16 13:58:28"
4413,1,368,5,666.3476,CNY,9,2026-03-16,"2026-07-16 13:58:28"
4414,1,368,5,578.1373,CNY,10,2026-04-16,"2026-07-16 13:58:28"
4415,1,368,5,663.5378,CNY,11,2026-05-16,"2026-07-16 13:58:28"
4416,1,368,5,634.6237,CNY,12,2026-06-16,"2026-07-16 13:58:28"
4417,1,369,15,886.8133,CNY,1,2025-07-16,"2026-07-16 13:58:28"
4418,1,369,15,797.9237,CNY,2,2025-08-16,"2026-07-16 13:58:28"
4419,1,369,15,790.8204,CNY,3,2025-09-16,"2026-07-16 13:58:28"
4420,1,369,15,888.4786,CNY,4,2025-10-16,"2026-07-16 13:58:28"
4421,1,369,15,770.5802,CNY,5,2025-11-16,"2026-07-16 13:58:28"
4422,1,369,15,915.3829,CNY,6,2025-12-16,"2026-07-16 13:58:28"
4423,1,369,15,904.2275,CNY,7,2026-01-16,"2026-07-16 13:58:28"
4424,1,369,15,841.7347,CNY,8,2026-02-16,"2026-07-16 13:58:28"
4425,1,369,15,763.1339,CNY,9,2026-03-16,"2026-07-16 13:58:28"
4426,1,369,15,798.8745,CNY,10,2026-04-16,"2026-07-16 13:58:28"
4427,1,369,15,775.7373,CNY,11,2026-05-16,"2026-07-16 13:58:28"
4428,1,369,15,872.4292,CNY,12,2026-06-16,"2026-07-16 13:58:28"
4429,1,370,14,738.0146,USD,1,2025-07-16,"2026-07-16 13:58:28"
4430,1,370,14,662.3523,USD,2,2025-08-16,"2026-07-16 13:58:28"
4431,1,370,14,803.0519,USD,3,2025-09-16,"2026-07-16 13:58:28"
4432,1,370,14,712.7991,USD,4,2025-10-16,"2026-07-16 13:58:28"
4433,1,370,14,728.0103,USD,5,2025-11-16,"2026-07-16 13:58:28"
4434,1,370,14,702.2293,USD,6,2025-12-16,"2026-07-16 13:58:28"
4435,1,370,14,760.4859,USD,7,2026-01-16,"2026-07-16 13:58:28"
4436,1,370,14,765.7742,USD,8,2026-02-16,"2026-07-16 13:58:28"
4437,1,370,14,788.295,USD,9,2026-03-16,"2026-07-16 13:58:28"
4438,1,370,14,791.5981,USD,10,2026-04-16,"2026-07-16 13:58:28"
4439,1,370,14,744.5435,USD,11,2026-05-16,"2026-07-16 13:58:28"
4440,1,370,14,684.4029,USD,12,2026-06-16,"2026-07-16 13:58:28"
4441,1,371,10,24.3338,CNY,1,2025-07-16,"2026-07-16 13:58:28"
4442,1,371,10,27.7936,CNY,2,2025-08-16,"2026-07-16 13:58:28"
4443,1,371,10,28.7781,CNY,3,2025-09-16,"2026-07-16 13:58:28"
4444,1,371,10,25.8331,CNY,4,2025-10-16,"2026-07-16 13:58:28"
4445,1,371,10,28.5469,CNY,5,2025-11-16,"2026-07-16 13:58:28"
4446,1,371,10,26.6191,CNY,6,2025-12-16,"2026-07-16 13:58:28"
4447,1,371,10,28.5995,CNY,7,2026-01-16,"2026-07-16 13:58:28"
4448,1,371,10,28.9261,CNY,8,2026-02-16,"2026-07-16 13:58:28"
4449,1,371,10,24.926,CNY,9,2026-03-16,"2026-07-16 13:58:28"
4450,1,371,10,24.783,CNY,10,2026-04-16,"2026-07-16 13:58:28"
4451,1,371,10,26.0485,CNY,11,2026-05-16,"2026-07-16 13:58:28"
4452,1,371,10,27.0597,CNY,12,2026-06-16,"2026-07-16 13:58:28"
4453,1,372,12,404.2107,CNY,1,2025-07-16,"2026-07-16 13:58:28"
4454,1,372,12,384.8966,CNY,2,2025-08-16,"2026-07-16 13:58:28"
4455,1,372,12,418.1311,CNY,3,2025-09-16,"2026-07-16 13:58:28"
4456,1,372,12,425.3609,CNY,4,2025-10-16,"2026-07-16 13:58:28"
4457,1,372,12,402.7445,CNY,5,2025-11-16,"2026-07-16 13:58:28"
4458,1,372,12,418.9942,CNY,6,2025-12-16,"2026-07-16 13:58:28"
4459,1,372,12,404.019,CNY,7,2026-01-16,"2026-07-16 13:58:28"
4460,1,372,12,395.1537,CNY,8,2026-02-16,"2026-07-16 13:58:28"
4461,1,372,12,373.0148,CNY,9,2026-03-16,"2026-07-16 13:58:28"
4462,1,372,12,419.4009,CNY,10,2026-04-16,"2026-07-16 13:58:28"
4463,1,372,12,355.5379,CNY,11,2026-05-16,"2026-07-16 13:58:28"
4464,1,372,12,389.6544,CNY,12,2026-06-16,"2026-07-16 13:58:28"
4465,1,373,18,305.3961,CNY,1,2025-07-16,"2026-07-16 13:58:28"
4466,1,373,18,309.6388,CNY,2,2025-08-16,"2026-07-16 13:58:28"
4467,1,373,18,262.996,CNY,3,2025-09-16,"2026-07-16 13:58:28"
4468,1,373,18,276.4376,CNY,4,2025-10-16,"2026-07-16 13:58:28"
4469,1,373,18,271.1094,CNY,5,2025-11-16,"2026-07-16 13:58:28"
4470,1,373,18,283.6051,CNY,6,2025-12-16,"2026-07-16 13:58:28"
4471,1,373,18,306.1135,CNY,7,2026-01-16,"2026-07-16 13:58:28"
4472,1,373,18,288.5721,CNY,8,2026-02-16,"2026-07-16 13:58:28"
4473,1,373,18,309.8357,CNY,9,2026-03-16,"2026-07-16 13:58:28"
4474,1,373,18,288.3381,CNY,10,2026-04-16,"2026-07-16 13:58:28"
4475,1,373,18,300.127,CNY,11,2026-05-16,"2026-07-16 13:58:28"
4476,1,373,18,266.65,CNY,12,2026-06-16,"2026-07-16 13:58:28"
4477,1,374,5,756.2947,CNY,1,2025-07-16,"2026-07-16 13:58:28"
4478,1,374,5,690.1628,CNY,2,2025-08-16,"2026-07-16 13:58:28"
4479,1,374,5,675.9334,CNY,3,2025-09-16,"2026-07-16 13:58:28"
4480,1,374,5,680.939,CNY,4,2025-10-16,"2026-07-16 13:58:28"
4481,1,374,5,681.2955,CNY,5,2025-11-16,"2026-07-16 13:58:28"
4482,1,374,5,670.8381,CNY,6,2025-12-16,"2026-07-16 13:58:28"
4483,1,374,5,694.599,CNY,7,2026-01-16,"2026-07-16 13:58:28"
4484,1,374,5,660.9371,CNY,8,2026-02-16,"2026-07-16 13:58:28"
4485,1,374,5,766.0026,CNY,9,2026-03-16,"2026-07-16 13:58:28"
4486,1,374,5,779.81,CNY,10,2026-04-16,"2026-07-16 13:58:28"
4487,1,374,5,706.5636,CNY,11,2026-05-16,"2026-07-16 13:58:28"
4488,1,374,5,672.0234,CNY,12,2026-06-16,"2026-07-16 13:58:28"
4489,1,375,10,600.7957,CNY,1,2025-07-16,"2026-07-16 13:58:28"
4490,1,375,10,553.242,CNY,2,2025-08-16,"2026-07-16 13:58:28"
4491,1,375,10,499.1005,CNY,3,2025-09-16,"2026-07-16 13:58:28"
4492,1,375,10,567.9075,CNY,4,2025-10-16,"2026-07-16 13:58:28"
4493,1,375,10,535.8599,CNY,5,2025-11-16,"2026-07-16 13:58:28"
4494,1,375,10,553.8475,CNY,6,2025-12-16,"2026-07-16 13:58:28"
4495,1,375,10,552.9777,CNY,7,2026-01-16,"2026-07-16 13:58:28"
4496,1,375,10,511.389,CNY,8,2026-02-16,"2026-07-16 13:58:28"
4497,1,375,10,536.1341,CNY,9,2026-03-16,"2026-07-16 13:58:28"
4498,1,375,10,525.5814,CNY,10,2026-04-16,"2026-07-16 13:58:28"
4499,1,375,10,594.9499,CNY,11,2026-05-16,"2026-07-16 13:58:28"
4500,1,375,10,600.8345,CNY,12,2026-06-16,"2026-07-16 13:58:28"
4501,1,376,11,49.8832,CNY,1,2025-07-16,"2026-07-16 13:58:28"
4502,1,376,11,50.8319,CNY,2,2025-08-16,"2026-07-16 13:58:28"
4503,1,376,11,45.8722,CNY,3,2025-09-16,"2026-07-16 13:58:28"
4504,1,376,11,44.4504,CNY,4,2025-10-16,"2026-07-16 13:58:28"
4505,1,376,11,44.0824,CNY,5,2025-11-16,"2026-07-16 13:58:28"
4506,1,376,11,50.0632,CNY,6,2025-12-16,"2026-07-16 13:58:28"
4507,1,376,11,45.6962,CNY,7,2026-01-16,"2026-07-16 13:58:28"
4508,1,376,11,43.532,CNY,8,2026-02-16,"2026-07-16 13:58:28"
4509,1,376,11,48.7369,CNY,9,2026-03-16,"2026-07-16 13:58:28"
4510,1,376,11,45.8647,CNY,10,2026-04-16,"2026-07-16 13:58:28"
4511,1,376,11,46.8241,CNY,11,2026-05-16,"2026-07-16 13:58:28"
4512,1,376,11,49.696,CNY,12,2026-06-16,"2026-07-16 13:58:28"
4513,1,377,8,222.6521,CNY,1,2025-07-16,"2026-07-16 13:58:28"
4514,1,377,8,218.8292,CNY,2,2025-08-16,"2026-07-16 13:58:28"
4515,1,377,8,211.6081,CNY,3,2025-09-16,"2026-07-16 13:58:28"
4516,1,377,8,213.3365,CNY,4,2025-10-16,"2026-07-16 13:58:28"
4517,1,377,8,233.4689,CNY,5,2025-11-16,"2026-07-16 13:58:28"
4518,1,377,8,216.4389,CNY,6,2025-12-16,"2026-07-16 13:58:28"
4519,1,377,8,212.5837,CNY,7,2026-01-16,"2026-07-16 13:58:28"
4520,1,377,8,216.2991,CNY,8,2026-02-16,"2026-07-16 13:58:28"
4521,1,377,8,249.3319,CNY,9,2026-03-16,"2026-07-16 13:58:28"
4522,1,377,8,235.385,CNY,10,2026-04-16,"2026-07-16 13:58:28"
4523,1,377,8,218.658,CNY,11,2026-05-16,"2026-07-16 13:58:28"
4524,1,377,8,215.0864,CNY,12,2026-06-16,"2026-07-16 13:58:28"
4525,1,378,18,649.2282,CNY,1,2025-07-16,"2026-07-16 13:58:28"
4526,1,378,18,663.5702,CNY,2,2025-08-16,"2026-07-16 13:58:28"
4527,1,378,18,706.2787,CNY,3,2025-09-16,"2026-07-16 13:58:28"
4528,1,378,18,736.6644,CNY,4,2025-10-16,"2026-07-16 13:58:28"
4529,1,378,18,640.1689,CNY,5,2025-11-16,"2026-07-16 13:58:28"
4530,1,378,18,695.391,CNY,6,2025-12-16,"2026-07-16 13:58:28"
4531,1,378,18,735.7631,CNY,7,2026-01-16,"2026-07-16 13:58:28"
4532,1,378,18,682.5801,CNY,8,2026-02-16,"2026-07-16 13:58:28"
4533,1,378,18,667.3749,CNY,9,2026-03-16,"2026-07-16 13:58:28"
4534,1,378,18,764.4776,CNY,10,2026-04-16,"2026-07-16 13:58:28"
4535,1,378,18,717.4799,CNY,11,2026-05-16,"2026-07-16 13:58:28"
4536,1,378,18,688.9436,CNY,12,2026-06-16,"2026-07-16 13:58:28"
4537,1,379,7,369.916,USD,1,2025-07-16,"2026-07-16 13:58:28"
4538,1,379,7,336.1508,USD,2,2025-08-16,"2026-07-16 13:58:28"
4539,1,379,7,370.1199,USD,3,2025-09-16,"2026-07-16 13:58:28"
4540,1,379,7,356.9974,USD,4,2025-10-16,"2026-07-16 13:58:28"
4541,1,379,7,318.4909,USD,5,2025-11-16,"2026-07-16 13:58:28"
4542,1,379,7,368.5713,USD,6,2025-12-16,"2026-07-16 13:58:28"
4543,1,379,7,383.1386,USD,7,2026-01-16,"2026-07-16 13:58:28"
4544,1,379,7,384.8401,USD,8,2026-02-16,"2026-07-16 13:58:28"
4545,1,379,7,317.0556,USD,9,2026-03-16,"2026-07-16 13:58:28"
4546,1,379,7,378.0495,USD,10,2026-04-16,"2026-07-16 13:58:28"
4547,1,379,7,368.735,USD,11,2026-05-16,"2026-07-16 13:58:28"
4548,1,379,7,370.2376,USD,12,2026-06-16,"2026-07-16 13:58:28"
4549,1,380,14,526.8567,CNY,1,2025-07-16,"2026-07-16 13:58:28"
4550,1,380,14,512.7512,CNY,2,2025-08-16,"2026-07-16 13:58:28"
4551,1,380,14,476.4022,CNY,3,2025-09-16,"2026-07-16 13:58:28"
4552,1,380,14,494.8327,CNY,4,2025-10-16,"2026-07-16 13:58:28"
4553,1,380,14,476.7628,CNY,5,2025-11-16,"2026-07-16 13:58:28"
4554,1,380,14,476.6943,CNY,6,2025-12-16,"2026-07-16 13:58:28"
4555,1,380,14,476.6529,CNY,7,2026-01-16,"2026-07-16 13:58:28"
4556,1,380,14,502.5115,CNY,8,2026-02-16,"2026-07-16 13:58:28"
4557,1,380,14,484.9628,CNY,9,2026-03-16,"2026-07-16 13:58:28"
4558,1,380,14,486.789,CNY,10,2026-04-16,"2026-07-16 13:58:28"
4559,1,380,14,503.3628,CNY,11,2026-05-16,"2026-07-16 13:58:28"
4560,1,380,14,533.4719,CNY,12,2026-06-16,"2026-07-16 13:58:28"
4561,1,381,2,706.8676,USD,1,2025-07-16,"2026-07-16 13:58:28"
4562,1,381,2,701.9791,USD,2,2025-08-16,"2026-07-16 13:58:28"
4563,1,381,2,721.959,USD,3,2025-09-16,"2026-07-16 13:58:28"
4564,1,381,2,735.4373,USD,4,2025-10-16,"2026-07-16 13:58:28"
4565,1,381,2,714.0982,USD,5,2025-11-16,"2026-07-16 13:58:28"
4566,1,381,2,731.0602,USD,6,2025-12-16,"2026-07-16 13:58:28"
4567,1,381,2,654.7513,USD,7,2026-01-16,"2026-07-16 13:58:28"
4568,1,381,2,636.1675,USD,8,2026-02-16,"2026-07-16 13:58:28"
4569,1,381,2,728.7028,USD,9,2026-03-16,"2026-07-16 13:58:28"
4570,1,381,2,681.8166,USD,10,2026-04-16,"2026-07-16 13:58:28"
4571,1,381,2,636.4324,USD,11,2026-05-16,"2026-07-16 13:58:28"
4572,1,381,2,647.0823,USD,12,2026-06-16,"2026-07-16 13:58:28"
4573,1,382,18,502.4243,CNY,1,2025-07-16,"2026-07-16 13:58:28"
4574,1,382,18,455.9601,CNY,2,2025-08-16,"2026-07-16 13:58:28"
4575,1,382,18,501.7606,CNY,3,2025-09-16,"2026-07-16 13:58:28"
4576,1,382,18,460.4692,CNY,4,2025-10-16,"2026-07-16 13:58:28"
4577,1,382,18,458.8232,CNY,5,2025-11-16,"2026-07-16 13:58:28"
4578,1,382,18,439.8436,CNY,6,2025-12-16,"2026-07-16 13:58:28"
4579,1,382,18,454.9913,CNY,7,2026-01-16,"2026-07-16 13:58:28"
4580,1,382,18,529.6124,CNY,8,2026-02-16,"2026-07-16 13:58:28"
4581,1,382,18,443.6224,CNY,9,2026-03-16,"2026-07-16 13:58:28"
4582,1,382,18,502.3354,CNY,10,2026-04-16,"2026-07-16 13:58:28"
4583,1,382,18,488.7437,CNY,11,2026-05-16,"2026-07-16 13:58:28"
4584,1,382,18,514.104,CNY,12,2026-06-16,"2026-07-16 13:58:28"
4585,1,383,6,472.8946,CNY,1,2025-07-16,"2026-07-16 13:58:28"
4586,1,383,6,408.2862,CNY,2,2025-08-16,"2026-07-16 13:58:28"
4587,1,383,6,467.2428,CNY,3,2025-09-16,"2026-07-16 13:58:28"
4588,1,383,6,403.8883,CNY,4,2025-10-16,"2026-07-16 13:58:28"
4589,1,383,6,406.4271,CNY,5,2025-11-16,"2026-07-16 13:58:28"
4590,1,383,6,398.0418,CNY,6,2025-12-16,"2026-07-16 13:58:28"
4591,1,383,6,473.7055,CNY,7,2026-01-16,"2026-07-16 13:58:28"
4592,1,383,6,445.1189,CNY,8,2026-02-16,"2026-07-16 13:58:28"
4593,1,383,6,471.3731,CNY,9,2026-03-16,"2026-07-16 13:58:28"
4594,1,383,6,401.5803,CNY,10,2026-04-16,"2026-07-16 13:58:28"
4595,1,383,6,425.0955,CNY,11,2026-05-16,"2026-07-16 13:58:28"
4596,1,383,6,424.8072,CNY,12,2026-06-16,"2026-07-16 13:58:28"
4597,1,384,18,375.5275,CNY,1,2025-07-16,"2026-07-16 13:58:28"
4598,1,384,18,356.8306,CNY,2,2025-08-16,"2026-07-16 13:58:28"
4599,1,384,18,350.5971,CNY,3,2025-09-16,"2026-07-16 13:58:28"
4600,1,384,18,376.8709,CNY,4,2025-10-16,"2026-07-16 13:58:28"
4601,1,384,18,352.4977,CNY,5,2025-11-16,"2026-07-16 13:58:28"
4602,1,384,18,328.0945,CNY,6,2025-12-16,"2026-07-16 13:58:28"
4603,1,384,18,316.1168,CNY,7,2026-01-16,"2026-07-16 13:58:28"
4604,1,384,18,342.2713,CNY,8,2026-02-16,"2026-07-16 13:58:28"
4605,1,384,18,366.9581,CNY,9,2026-03-16,"2026-07-16 13:58:28"
4606,1,384,18,364.3254,CNY,10,2026-04-16,"2026-07-16 13:58:28"
4607,1,384,18,342.6486,CNY,11,2026-05-16,"2026-07-16 13:58:28"
4608,1,384,18,355.9056,CNY,12,2026-06-16,"2026-07-16 13:58:28"
4609,1,385,5,601.7425,CNY,1,2025-07-16,"2026-07-16 13:58:28"
4610,1,385,5,704.7613,CNY,2,2025-08-16,"2026-07-16 13:58:28"
4611,1,385,5,713.8284,CNY,3,2025-09-16,"2026-07-16 13:58:28"
4612,1,385,5,633.8037,CNY,4,2025-10-16,"2026-07-16 13:58:28"
4613,1,385,5,665.4447,CNY,5,2025-11-16,"2026-07-16 13:58:28"
4614,1,385,5,719.9841,CNY,6,2025-12-16,"2026-07-16 13:58:28"
4615,1,385,5,640.3905,CNY,7,2026-01-16,"2026-07-16 13:58:28"
4616,1,385,5,640.9715,CNY,8,2026-02-16,"2026-07-16 13:58:28"
4617,1,385,5,682.9204,CNY,9,2026-03-16,"2026-07-16 13:58:28"
4618,1,385,5,622.2273,CNY,10,2026-04-16,"2026-07-16 13:58:28"
4619,1,385,5,688.0251,CNY,11,2026-05-16,"2026-07-16 13:58:28"
4620,1,385,5,668.292,CNY,12,2026-06-16,"2026-07-16 13:58:28"
4621,1,386,3,689.1407,USD,1,2025-07-16,"2026-07-16 13:58:28"
4622,1,386,3,715.5715,USD,2,2025-08-16,"2026-07-16 13:58:28"
4623,1,386,3,614.026,USD,3,2025-09-16,"2026-07-16 13:58:28"
4624,1,386,3,608.307,USD,4,2025-10-16,"2026-07-16 13:58:28"
4625,1,386,3,700.3301,USD,5,2025-11-16,"2026-07-16 13:58:28"
4626,1,386,3,718.0599,USD,6,2025-12-16,"2026-07-16 13:58:28"
4627,1,386,3,631.1786,USD,7,2026-01-16,"2026-07-16 13:58:28"
4628,1,386,3,668.1792,USD,8,2026-02-16,"2026-07-16 13:58:28"
4629,1,386,3,688.3071,USD,9,2026-03-16,"2026-07-16 13:58:28"
4630,1,386,3,640.257,USD,10,2026-04-16,"2026-07-16 13:58:28"
4631,1,386,3,719.4954,USD,11,2026-05-16,"2026-07-16 13:58:28"
4632,1,386,3,702.3127,USD,12,2026-06-16,"2026-07-16 13:58:28"
4633,1,387,8,56.8786,CNY,1,2025-07-16,"2026-07-16 13:58:28"
4634,1,387,8,55.0208,CNY,2,2025-08-16,"2026-07-16 13:58:28"
4635,1,387,8,57.0701,CNY,3,2025-09-16,"2026-07-16 13:58:28"
4636,1,387,8,60.7723,CNY,4,2025-10-16,"2026-07-16 13:58:28"
4637,1,387,8,53.0246,CNY,5,2025-11-16,"2026-07-16 13:58:28"
4638,1,387,8,58.7078,CNY,6,2025-12-16,"2026-07-16 13:58:28"
4639,1,387,8,57.8738,CNY,7,2026-01-16,"2026-07-16 13:58:28"
4640,1,387,8,52.8521,CNY,8,2026-02-16,"2026-07-16 13:58:28"
4641,1,387,8,56.1793,CNY,9,2026-03-16,"2026-07-16 13:58:28"
4642,1,387,8,53.1806,CNY,10,2026-04-16,"2026-07-16 13:58:28"
4643,1,387,8,59.249,CNY,11,2026-05-16,"2026-07-16 13:58:28"
4644,1,387,8,56.0444,CNY,12,2026-06-16,"2026-07-16 13:58:28"
4645,1,388,16,886.9376,USD,1,2025-07-16,"2026-07-16 13:58:28"
4646,1,388,16,828.4105,USD,2,2025-08-16,"2026-07-16 13:58:28"
4647,1,388,16,828.5747,USD,3,2025-09-16,"2026-07-16 13:58:28"
4648,1,388,16,768.8262,USD,4,2025-10-16,"2026-07-16 13:58:28"
4649,1,388,16,795.0736,USD,5,2025-11-16,"2026-07-16 13:58:28"
4650,1,388,16,877.9134,USD,6,2025-12-16,"2026-07-16 13:58:28"
4651,1,388,16,869.3446,USD,7,2026-01-16,"2026-07-16 13:58:28"
4652,1,388,16,882.5615,USD,8,2026-02-16,"2026-07-16 13:58:28"
4653,1,388,16,849.7503,USD,9,2026-03-16,"2026-07-16 13:58:28"
4654,1,388,16,824.5093,USD,10,2026-04-16,"2026-07-16 13:58:28"
4655,1,388,16,911.1924,USD,11,2026-05-16,"2026-07-16 13:58:28"
4656,1,388,16,827.0583,USD,12,2026-06-16,"2026-07-16 13:58:28"
4657,1,389,1,250.1892,CNY,1,2025-07-16,"2026-07-16 13:58:28"
4658,1,389,1,254.1614,CNY,2,2025-08-16,"2026-07-16 13:58:28"
4659,1,389,1,291.1375,CNY,3,2025-09-16,"2026-07-16 13:58:28"
4660,1,389,1,289.6911,CNY,4,2025-10-16,"2026-07-16 13:58:28"
4661,1,389,1,280.6972,CNY,5,2025-11-16,"2026-07-16 13:58:28"
4662,1,389,1,262.6531,CNY,6,2025-12-16,"2026-07-16 13:58:28"
4663,1,389,1,245.3598,CNY,7,2026-01-16,"2026-07-16 13:58:28"
4664,1,389,1,290.3532,CNY,8,2026-02-16,"2026-07-16 13:58:28"
4665,1,389,1,240.0334,CNY,9,2026-03-16,"2026-07-16 13:58:28"
4666,1,389,1,251.6892,CNY,10,2026-04-16,"2026-07-16 13:58:28"
4667,1,389,1,245.2993,CNY,11,2026-05-16,"2026-07-16 13:58:28"
4668,1,389,1,278.6957,CNY,12,2026-06-16,"2026-07-16 13:58:28"
4669,1,390,19,658.7637,CNY,1,2025-07-16,"2026-07-16 13:58:28"
4670,1,390,19,627.3956,CNY,2,2025-08-16,"2026-07-16 13:58:28"
4671,1,390,19,684.3332,CNY,3,2025-09-16,"2026-07-16 13:58:28"
4672,1,390,19,684.8357,CNY,4,2025-10-16,"2026-07-16 13:58:28"
4673,1,390,19,664.8562,CNY,5,2025-11-16,"2026-07-16 13:58:28"
4674,1,390,19,656.2323,CNY,6,2025-12-16,"2026-07-16 13:58:28"
4675,1,390,19,639.2637,CNY,7,2026-01-16,"2026-07-16 13:58:28"
4676,1,390,19,596.2538,CNY,8,2026-02-16,"2026-07-16 13:58:28"
4677,1,390,19,616.2094,CNY,9,2026-03-16,"2026-07-16 13:58:28"
4678,1,390,19,597.5301,CNY,10,2026-04-16,"2026-07-16 13:58:28"
4679,1,390,19,697.5675,CNY,11,2026-05-16,"2026-07-16 13:58:28"
4680,1,390,19,666.2189,CNY,12,2026-06-16,"2026-07-16 13:58:28"
4681,1,391,9,800.2511,CNY,1,2025-07-16,"2026-07-16 13:58:28"
4682,1,391,9,801.8078,CNY,2,2025-08-16,"2026-07-16 13:58:28"
4683,1,391,9,770.314,CNY,3,2025-09-16,"2026-07-16 13:58:28"
4684,1,391,9,878.7394,CNY,4,2025-10-16,"2026-07-16 13:58:28"
4685,1,391,9,912.6596,CNY,5,2025-11-16,"2026-07-16 13:58:28"
4686,1,391,9,819.0544,CNY,6,2025-12-16,"2026-07-16 13:58:28"
4687,1,391,9,823.2604,CNY,7,2026-01-16,"2026-07-16 13:58:28"
4688,1,391,9,928.3949,CNY,8,2026-02-16,"2026-07-16 13:58:28"
4689,1,391,9,930.5648,CNY,9,2026-03-16,"2026-07-16 13:58:28"
4690,1,391,9,843.3548,CNY,10,2026-04-16,"2026-07-16 13:58:28"
4691,1,391,9,863.8433,CNY,11,2026-05-16,"2026-07-16 13:58:28"
4692,1,391,9,830.8658,CNY,12,2026-06-16,"2026-07-16 13:58:28"
4693,1,392,16,340.8751,CNY,1,2025-07-16,"2026-07-16 13:58:28"
4694,1,392,16,340.4633,CNY,2,2025-08-16,"2026-07-16 13:58:28"
4695,1,392,16,331.704,CNY,3,2025-09-16,"2026-07-16 13:58:28"
4696,1,392,16,309.3477,CNY,4,2025-10-16,"2026-07-16 13:58:28"
4697,1,392,16,337.289,CNY,5,2025-11-16,"2026-07-16 13:58:28"
4698,1,392,16,321.3933,CNY,6,2025-12-16,"2026-07-16 13:58:28"
4699,1,392,16,325.9677,CNY,7,2026-01-16,"2026-07-16 13:58:28"
4700,1,392,16,320.5998,CNY,8,2026-02-16,"2026-07-16 13:58:28"
4701,1,392,16,314.4918,CNY,9,2026-03-16,"2026-07-16 13:58:28"
4702,1,392,16,296.5067,CNY,10,2026-04-16,"2026-07-16 13:58:28"
4703,1,392,16,338.8233,CNY,11,2026-05-16,"2026-07-16 13:58:28"
4704,1,392,16,301.0648,CNY,12,2026-06-16,"2026-07-16 13:58:28"
4705,1,393,19,803.2856,CNY,1,2025-07-16,"2026-07-16 13:58:28"
4706,1,393,19,699.6077,CNY,2,2025-08-16,"2026-07-16 13:58:28"
4707,1,393,19,756.38,CNY,3,2025-09-16,"2026-07-16 13:58:28"
4708,1,393,19,790.4342,CNY,4,2025-10-16,"2026-07-16 13:58:28"
4709,1,393,19,676.4794,CNY,5,2025-11-16,"2026-07-16 13:58:28"
4710,1,393,19,805.9778,CNY,6,2025-12-16,"2026-07-16 13:58:28"
4711,1,393,19,778.6021,CNY,7,2026-01-16,"2026-07-16 13:58:28"
4712,1,393,19,677.1389,CNY,8,2026-02-16,"2026-07-16 13:58:28"
4713,1,393,19,679.6571,CNY,9,2026-03-16,"2026-07-16 13:58:28"
4714,1,393,19,785.5984,CNY,10,2026-04-16,"2026-07-16 13:58:28"
4715,1,393,19,693.9543,CNY,11,2026-05-16,"2026-07-16 13:58:28"
4716,1,393,19,715.246,CNY,12,2026-06-16,"2026-07-16 13:58:28"
4717,1,394,5,610.1951,USD,1,2025-07-16,"2026-07-16 13:58:28"
4718,1,394,5,599.538,USD,2,2025-08-16,"2026-07-16 13:58:28"
4719,1,394,5,632.0021,USD,3,2025-09-16,"2026-07-16 13:58:28"
4720,1,394,5,615.6299,USD,4,2025-10-16,"2026-07-16 13:58:28"
4721,1,394,5,615.8408,USD,5,2025-11-16,"2026-07-16 13:58:28"
4722,1,394,5,717.5784,USD,6,2025-12-16,"2026-07-16 13:58:28"
4723,1,394,5,704.3777,USD,7,2026-01-16,"2026-07-16 13:58:28"
4724,1,394,5,667.7803,USD,8,2026-02-16,"2026-07-16 13:58:28"
4725,1,394,5,671.1928,USD,9,2026-03-16,"2026-07-16 13:58:28"
4726,1,394,5,680.8212,USD,10,2026-04-16,"2026-07-16 13:58:28"
4727,1,394,5,669.3307,USD,11,2026-05-16,"2026-07-16 13:58:28"
4728,1,394,5,681.8276,USD,12,2026-06-16,"2026-07-16 13:58:28"
4729,1,395,10,459.8204,CNY,1,2025-07-16,"2026-07-16 13:58:28"
4730,1,395,10,508.1322,CNY,2,2025-08-16,"2026-07-16 13:58:28"
4731,1,395,10,457.9942,CNY,3,2025-09-16,"2026-07-16 13:58:28"
4732,1,395,10,553.2876,CNY,4,2025-10-16,"2026-07-16 13:58:28"
4733,1,395,10,511.7983,CNY,5,2025-11-16,"2026-07-16 13:58:28"
4734,1,395,10,493.3236,CNY,6,2025-12-16,"2026-07-16 13:58:28"
4735,1,395,10,536.2258,CNY,7,2026-01-16,"2026-07-16 13:58:28"
4736,1,395,10,508.1844,CNY,8,2026-02-16,"2026-07-16 13:58:28"
4737,1,395,10,527.8074,CNY,9,2026-03-16,"2026-07-16 13:58:28"
4738,1,395,10,467.6642,CNY,10,2026-04-16,"2026-07-16 13:58:28"
4739,1,395,10,471.7471,CNY,11,2026-05-16,"2026-07-16 13:58:28"
4740,1,395,10,539.9909,CNY,12,2026-06-16,"2026-07-16 13:58:28"
4741,1,396,13,601.6088,CNY,1,2025-07-16,"2026-07-16 13:58:28"
4742,1,396,13,683.6489,CNY,2,2025-08-16,"2026-07-16 13:58:28"
4743,1,396,13,607.9678,CNY,3,2025-09-16,"2026-07-16 13:58:28"
4744,1,396,13,630.0496,CNY,4,2025-10-16,"2026-07-16 13:58:28"
4745,1,396,13,578.0771,CNY,5,2025-11-16,"2026-07-16 13:58:28"
4746,1,396,13,672.4539,CNY,6,2025-12-16,"2026-07-16 13:58:28"
4747,1,396,13,566.4903,CNY,7,2026-01-16,"2026-07-16 13:58:28"
4748,1,396,13,650.7433,CNY,8,2026-02-16,"2026-07-16 13:58:28"
4749,1,396,13,664.9573,CNY,9,2026-03-16,"2026-07-16 13:58:28"
4750,1,396,13,577.333,CNY,10,2026-04-16,"2026-07-16 13:58:28"
4751,1,396,13,576.9474,CNY,11,2026-05-16,"2026-07-16 13:58:28"
4752,1,396,13,649.7671,CNY,12,2026-06-16,"2026-07-16 13:58:28"
4753,1,397,4,29.9412,CNY,1,2025-07-16,"2026-07-16 13:58:28"
4754,1,397,4,29.3431,CNY,2,2025-08-16,"2026-07-16 13:58:28"
4755,1,397,4,31.8217,CNY,3,2025-09-16,"2026-07-16 13:58:28"
4756,1,397,4,28.6104,CNY,4,2025-10-16,"2026-07-16 13:58:28"
4757,1,397,4,32.7753,CNY,5,2025-11-16,"2026-07-16 13:58:28"
4758,1,397,4,32.1872,CNY,6,2025-12-16,"2026-07-16 13:58:28"
4759,1,397,4,29.9255,CNY,7,2026-01-16,"2026-07-16 13:58:28"
4760,1,397,4,32.9156,CNY,8,2026-02-16,"2026-07-16 13:58:28"
4761,1,397,4,32.4607,CNY,9,2026-03-16,"2026-07-16 13:58:28"
4762,1,397,4,31.8992,CNY,10,2026-04-16,"2026-07-16 13:58:28"
4763,1,397,4,30.0437,CNY,11,2026-05-16,"2026-07-16 13:58:28"
4764,1,397,4,31.2794,CNY,12,2026-06-16,"2026-07-16 13:58:28"
4765,1,398,1,453.5696,USD,1,2025-07-16,"2026-07-16 13:58:28"
4766,1,398,1,459.1512,USD,2,2025-08-16,"2026-07-16 13:58:28"
4767,1,398,1,537.6557,USD,3,2025-09-16,"2026-07-16 13:58:28"
4768,1,398,1,534.4092,USD,4,2025-10-16,"2026-07-16 13:58:28"
4769,1,398,1,481.4971,USD,5,2025-11-16,"2026-07-16 13:58:28"
4770,1,398,1,507.4167,USD,6,2025-12-16,"2026-07-16 13:58:28"
4771,1,398,1,477.2258,USD,7,2026-01-16,"2026-07-16 13:58:28"
4772,1,398,1,450.9806,USD,8,2026-02-16,"2026-07-16 13:58:28"
4773,1,398,1,484.3784,USD,9,2026-03-16,"2026-07-16 13:58:28"
4774,1,398,1,462.3842,USD,10,2026-04-16,"2026-07-16 13:58:28"
4775,1,398,1,451.4738,USD,11,2026-05-16,"2026-07-16 13:58:28"
4776,1,398,1,531.7424,USD,12,2026-06-16,"2026-07-16 13:58:28"
4777,1,399,18,238.4166,CNY,1,2025-07-16,"2026-07-16 13:58:28"
4778,1,399,18,241.5605,CNY,2,2025-08-16,"2026-07-16 13:58:28"
4779,1,399,18,221.7258,CNY,3,2025-09-16,"2026-07-16 13:58:28"
4780,1,399,18,215.9303,CNY,4,2025-10-16,"2026-07-16 13:58:28"
4781,1,399,18,244.6926,CNY,5,2025-11-16,"2026-07-16 13:58:28"
4782,1,399,18,250.9036,CNY,6,2025-12-16,"2026-07-16 13:58:28"
4783,1,399,18,217.9683,CNY,7,2026-01-16,"2026-07-16 13:58:28"
4784,1,399,18,234.2791,CNY,8,2026-02-16,"2026-07-16 13:58:28"
4785,1,399,18,246.6055,CNY,9,2026-03-16,"2026-07-16 13:58:28"
4786,1,399,18,207.835,CNY,10,2026-04-16,"2026-07-16 13:58:28"
4787,1,399,18,206.2788,CNY,11,2026-05-16,"2026-07-16 13:58:28"
4788,1,399,18,214.3031,CNY,12,2026-06-16,"2026-07-16 13:58:28"
4789,1,400,19,583.9683,USD,1,2025-07-16,"2026-07-16 13:58:28"
4790,1,400,19,596.7939,USD,2,2025-08-16,"2026-07-16 13:58:28"
4791,1,400,19,620.6437,USD,3,2025-09-16,"2026-07-16 13:58:28"
4792,1,400,19,638.8983,USD,4,2025-10-16,"2026-07-16 13:58:28"
4793,1,400,19,544.1206,USD,5,2025-11-16,"2026-07-16 13:58:28"
4794,1,400,19,657.2049,USD,6,2025-12-16,"2026-07-16 13:58:28"
4795,1,400,19,631.8426,USD,7,2026-01-16,"2026-07-16 13:58:28"
4796,1,400,19,558.3288,USD,8,2026-02-16,"2026-07-16 13:58:28"
4797,1,400,19,641.13,USD,9,2026-03-16,"2026-07-16 13:58:28"
4798,1,400,19,648.343,USD,10,2026-04-16,"2026-07-16 13:58:28"
4799,1,400,19,657.941,USD,11,2026-05-16,"2026-07-16 13:58:28"
4800,1,400,19,558.0198,USD,12,2026-06-16,"2026-07-16 13:58:28"
4801,1,401,19,202.1612,CNY,1,2025-07-16,"2026-07-16 13:58:28"
4802,1,401,19,173.3975,CNY,2,2025-08-16,"2026-07-16 13:58:28"
4803,1,401,19,205.4346,CNY,3,2025-09-16,"2026-07-16 13:58:28"
4804,1,401,19,179.9835,CNY,4,2025-10-16,"2026-07-16 13:58:28"
4805,1,401,19,205.7134,CNY,5,2025-11-16,"2026-07-16 13:58:28"
4806,1,401,19,191.7549,CNY,6,2025-12-16,"2026-07-16 13:58:28"
4807,1,401,19,177.6293,CNY,7,2026-01-16,"2026-07-16 13:58:28"
4808,1,401,19,184.4117,CNY,8,2026-02-16,"2026-07-16 13:58:28"
4809,1,401,19,178.3952,CNY,9,2026-03-16,"2026-07-16 13:58:28"
4810,1,401,19,209.9791,CNY,10,2026-04-16,"2026-07-16 13:58:28"
4811,1,401,19,202.7742,CNY,11,2026-05-16,"2026-07-16 13:58:28"
4812,1,401,19,191.276,CNY,12,2026-06-16,"2026-07-16 13:58:28"
4813,1,402,17,26.8697,CNY,1,2025-07-16,"2026-07-16 13:58:28"
4814,1,402,17,28.1009,CNY,2,2025-08-16,"2026-07-16 13:58:28"
4815,1,402,17,25.2105,CNY,3,2025-09-16,"2026-07-16 13:58:28"
4816,1,402,17,27.6866,CNY,4,2025-10-16,"2026-07-16 13:58:28"
4817,1,402,17,28.9158,CNY,5,2025-11-16,"2026-07-16 13:58:28"
4818,1,402,17,27.7337,CNY,6,2025-12-16,"2026-07-16 13:58:28"
4819,1,402,17,25.6016,CNY,7,2026-01-16,"2026-07-16 13:58:28"
4820,1,402,17,26.9065,CNY,8,2026-02-16,"2026-07-16 13:58:28"
4821,1,402,17,29.2449,CNY,9,2026-03-16,"2026-07-16 13:58:28"
4822,1,402,17,27.3437,CNY,10,2026-04-16,"2026-07-16 13:58:28"
4823,1,402,17,29.7953,CNY,11,2026-05-16,"2026-07-16 13:58:28"
4824,1,402,17,28.0498,CNY,12,2026-06-16,"2026-07-16 13:58:28"
4825,1,403,7,505.8814,USD,1,2025-07-16,"2026-07-16 13:58:28"
4826,1,403,7,432.0981,USD,2,2025-08-16,"2026-07-16 13:58:28"
4827,1,403,7,493.4015,USD,3,2025-09-16,"2026-07-16 13:58:28"
4828,1,403,7,445.6219,USD,4,2025-10-16,"2026-07-16 13:58:28"
4829,1,403,7,450.7312,USD,5,2025-11-16,"2026-07-16 13:58:28"
4830,1,403,7,518.6637,USD,6,2025-12-16,"2026-07-16 13:58:28"
4831,1,403,7,456.0217,USD,7,2026-01-16,"2026-07-16 13:58:28"
4832,1,403,7,468.8716,USD,8,2026-02-16,"2026-07-16 13:58:28"
4833,1,403,7,430.3273,USD,9,2026-03-16,"2026-07-16 13:58:28"
4834,1,403,7,453.7496,USD,10,2026-04-16,"2026-07-16 13:58:28"
4835,1,403,7,446.4262,USD,11,2026-05-16,"2026-07-16 13:58:28"
4836,1,403,7,439.7482,USD,12,2026-06-16,"2026-07-16 13:58:28"
4837,1,404,17,458.1869,CNY,1,2025-07-16,"2026-07-16 13:58:28"
4838,1,404,17,482.9352,CNY,2,2025-08-16,"2026-07-16 13:58:28"
4839,1,404,17,443.5908,CNY,3,2025-09-16,"2026-07-16 13:58:28"
4840,1,404,17,460.8689,CNY,4,2025-10-16,"2026-07-16 13:58:28"
4841,1,404,17,458.525,CNY,5,2025-11-16,"2026-07-16 13:58:28"
4842,1,404,17,445.095,CNY,6,2025-12-16,"2026-07-16 13:58:28"
4843,1,404,17,417.2578,CNY,7,2026-01-16,"2026-07-16 13:58:28"
4844,1,404,17,473.1193,CNY,8,2026-02-16,"2026-07-16 13:58:28"
4845,1,404,17,425.5288,CNY,9,2026-03-16,"2026-07-16 13:58:28"
4846,1,404,17,424.6801,CNY,10,2026-04-16,"2026-07-16 13:58:28"
4847,1,404,17,469.7485,CNY,11,2026-05-16,"2026-07-16 13:58:28"
4848,1,404,17,470.6095,CNY,12,2026-06-16,"2026-07-16 13:58:28"
4849,1,405,14,22.7311,USD,1,2025-07-16,"2026-07-16 13:58:28"
4850,1,405,14,21.688,USD,2,2025-08-16,"2026-07-16 13:58:28"
4851,1,405,14,23.2276,USD,3,2025-09-16,"2026-07-16 13:58:28"
4852,1,405,14,20.2399,USD,4,2025-10-16,"2026-07-16 13:58:28"
4853,1,405,14,19.6406,USD,5,2025-11-16,"2026-07-16 13:58:28"
4854,1,405,14,22.1412,USD,6,2025-12-16,"2026-07-16 13:58:28"
4855,1,405,14,22.3608,USD,7,2026-01-16,"2026-07-16 13:58:28"
4856,1,405,14,22.4681,USD,8,2026-02-16,"2026-07-16 13:58:28"
4857,1,405,14,21.4577,USD,9,2026-03-16,"2026-07-16 13:58:28"
4858,1,405,14,20.5432,USD,10,2026-04-16,"2026-07-16 13:58:28"
4859,1,405,14,19.4738,USD,11,2026-05-16,"2026-07-16 13:58:28"
4860,1,405,14,19.8534,USD,12,2026-06-16,"2026-07-16 13:58:28"
4861,1,406,6,73.1693,CNY,1,2025-07-16,"2026-07-16 13:58:28"
4862,1,406,6,76.9343,CNY,2,2025-08-16,"2026-07-16 13:58:28"
4863,1,406,6,75.6367,CNY,3,2025-09-16,"2026-07-16 13:58:28"
4864,1,406,6,76.0588,CNY,4,2025-10-16,"2026-07-16 13:58:28"
4865,1,406,6,67.3173,CNY,5,2025-11-16,"2026-07-16 13:58:28"
4866,1,406,6,69.9961,CNY,6,2025-12-16,"2026-07-16 13:58:28"
4867,1,406,6,71.5825,CNY,7,2026-01-16,"2026-07-16 13:58:28"
4868,1,406,6,66.9865,CNY,8,2026-02-16,"2026-07-16 13:58:28"
4869,1,406,6,79.4242,CNY,9,2026-03-16,"2026-07-16 13:58:28"
4870,1,406,6,74.897,CNY,10,2026-04-16,"2026-07-16 13:58:28"
4871,1,406,6,78.8853,CNY,11,2026-05-16,"2026-07-16 13:58:28"
4872,1,406,6,73.1723,CNY,12,2026-06-16,"2026-07-16 13:58:28"
4873,1,407,3,534.3853,CNY,1,2025-07-16,"2026-07-16 13:58:28"
4874,1,407,3,526.6374,CNY,2,2025-08-16,"2026-07-16 13:58:28"
4875,1,407,3,576.2476,CNY,3,2025-09-16,"2026-07-16 13:58:28"
4876,1,407,3,507.1371,CNY,4,2025-10-16,"2026-07-16 13:58:28"
4877,1,407,3,539.1976,CNY,5,2025-11-16,"2026-07-16 13:58:28"
4878,1,407,3,557.7457,CNY,6,2025-12-16,"2026-07-16 13:58:28"
4879,1,407,3,510.1217,CNY,7,2026-01-16,"2026-07-16 13:58:28"
4880,1,407,3,516.9118,CNY,8,2026-02-16,"2026-07-16 13:58:28"
4881,1,407,3,568.2228,CNY,9,2026-03-16,"2026-07-16 13:58:28"
4882,1,407,3,547.2511,CNY,10,2026-04-16,"2026-07-16 13:58:28"
4883,1,407,3,568.0021,CNY,11,2026-05-16,"2026-07-16 13:58:28"
4884,1,407,3,594.6349,CNY,12,2026-06-16,"2026-07-16 13:58:28"
4885,1,408,3,624.5128,CNY,1,2025-07-16,"2026-07-16 13:58:28"
4886,1,408,3,735.0807,CNY,2,2025-08-16,"2026-07-16 13:58:28"
4887,1,408,3,654.1703,CNY,3,2025-09-16,"2026-07-16 13:58:28"
4888,1,408,3,678.623,CNY,4,2025-10-16,"2026-07-16 13:58:28"
4889,1,408,3,697.0569,CNY,5,2025-11-16,"2026-07-16 13:58:28"
4890,1,408,3,728.7134,CNY,6,2025-12-16,"2026-07-16 13:58:28"
4891,1,408,3,606.9772,CNY,7,2026-01-16,"2026-07-16 13:58:28"
4892,1,408,3,658.2603,CNY,8,2026-02-16,"2026-07-16 13:58:28"
4893,1,408,3,694.9968,CNY,9,2026-03-16,"2026-07-16 13:58:28"
4894,1,408,3,700.7587,CNY,10,2026-04-16,"2026-07-16 13:58:28"
4895,1,408,3,680.2624,CNY,11,2026-05-16,"2026-07-16 13:58:28"
4896,1,408,3,688.7965,CNY,12,2026-06-16,"2026-07-16 13:58:28"
4897,1,409,15,126.6885,CNY,1,2025-07-16,"2026-07-16 13:58:28"
4898,1,409,15,123.7378,CNY,2,2025-08-16,"2026-07-16 13:58:28"
4899,1,409,15,137.486,CNY,3,2025-09-16,"2026-07-16 13:58:28"
4900,1,409,15,142.6559,CNY,4,2025-10-16,"2026-07-16 13:58:28"
4901,1,409,15,144.6485,CNY,5,2025-11-16,"2026-07-16 13:58:28"
4902,1,409,15,139.8418,CNY,6,2025-12-16,"2026-07-16 13:58:28"
4903,1,409,15,130.2638,CNY,7,2026-01-16,"2026-07-16 13:58:28"
4904,1,409,15,143.6811,CNY,8,2026-02-16,"2026-07-16 13:58:28"
4905,1,409,15,141.3992,CNY,9,2026-03-16,"2026-07-16 13:58:28"
4906,1,409,15,144.9162,CNY,10,2026-04-16,"2026-07-16 13:58:28"
4907,1,409,15,126.1399,CNY,11,2026-05-16,"2026-07-16 13:58:28"
4908,1,409,15,131.2051,CNY,12,2026-06-16,"2026-07-16 13:58:28"
4909,1,410,3,799.8589,CNY,1,2025-07-16,"2026-07-16 13:58:28"
4910,1,410,3,849.035,CNY,2,2025-08-16,"2026-07-16 13:58:28"
4911,1,410,3,896.8369,CNY,3,2025-09-16,"2026-07-16 13:58:28"
4912,1,410,3,831.9866,CNY,4,2025-10-16,"2026-07-16 13:58:28"
4913,1,410,3,820.3252,CNY,5,2025-11-16,"2026-07-16 13:58:28"
4914,1,410,3,895.1707,CNY,6,2025-12-16,"2026-07-16 13:58:28"
4915,1,410,3,764.2147,CNY,7,2026-01-16,"2026-07-16 13:58:28"
4916,1,410,3,761.2598,CNY,8,2026-02-16,"2026-07-16 13:58:28"
4917,1,410,3,822.6025,CNY,9,2026-03-16,"2026-07-16 13:58:28"
4918,1,410,3,877.7198,CNY,10,2026-04-16,"2026-07-16 13:58:28"
4919,1,410,3,812.9021,CNY,11,2026-05-16,"2026-07-16 13:58:28"
4920,1,410,3,904.4655,CNY,12,2026-06-16,"2026-07-16 13:58:28"
4921,1,411,9,111.0642,USD,1,2025-07-16,"2026-07-16 13:58:28"
4922,1,411,9,91.6067,USD,2,2025-08-16,"2026-07-16 13:58:28"
4923,1,411,9,100.9926,USD,3,2025-09-16,"2026-07-16 13:58:28"
4924,1,411,9,98.5354,USD,4,2025-10-16,"2026-07-16 13:58:28"
4925,1,411,9,95.1346,USD,5,2025-11-16,"2026-07-16 13:58:28"
4926,1,411,9,101.2393,USD,6,2025-12-16,"2026-07-16 13:58:28"
4927,1,411,9,95.6051,USD,7,2026-01-16,"2026-07-16 13:58:28"
4928,1,411,9,108.0993,USD,8,2026-02-16,"2026-07-16 13:58:28"
4929,1,411,9,94.4777,USD,9,2026-03-16,"2026-07-16 13:58:28"
4930,1,411,9,102.7796,USD,10,2026-04-16,"2026-07-16 13:58:28"
4931,1,411,9,105.365,USD,11,2026-05-16,"2026-07-16 13:58:28"
4932,1,411,9,91.4164,USD,12,2026-06-16,"2026-07-16 13:58:28"
4933,1,412,11,450.1778,CNY,1,2025-07-16,"2026-07-16 13:58:28"
4934,1,412,11,418.4776,CNY,2,2025-08-16,"2026-07-16 13:58:28"
4935,1,412,11,433.1336,CNY,3,2025-09-16,"2026-07-16 13:58:28"
4936,1,412,11,437.8163,CNY,4,2025-10-16,"2026-07-16 13:58:28"
4937,1,412,11,447.4049,CNY,5,2025-11-16,"2026-07-16 13:58:28"
4938,1,412,11,497.8664,CNY,6,2025-12-16,"2026-07-16 13:58:28"
4939,1,412,11,477.5045,CNY,7,2026-01-16,"2026-07-16 13:58:28"
4940,1,412,11,469.6603,CNY,8,2026-02-16,"2026-07-16 13:58:28"
4941,1,412,11,439.4529,CNY,9,2026-03-16,"2026-07-16 13:58:28"
4942,1,412,11,452.2923,CNY,10,2026-04-16,"2026-07-16 13:58:28"
4943,1,412,11,430.5237,CNY,11,2026-05-16,"2026-07-16 13:58:28"
4944,1,412,11,421.9405,CNY,12,2026-06-16,"2026-07-16 13:58:28"
4945,1,413,3,280.4655,CNY,1,2025-07-16,"2026-07-16 13:58:28"
4946,1,413,3,252.1433,CNY,2,2025-08-16,"2026-07-16 13:58:28"
4947,1,413,3,261.6205,CNY,3,2025-09-16,"2026-07-16 13:58:28"
4948,1,413,3,286.08,CNY,4,2025-10-16,"2026-07-16 13:58:28"
4949,1,413,3,235.3482,CNY,5,2025-11-16,"2026-07-16 13:58:28"
4950,1,413,3,248.303,CNY,6,2025-12-16,"2026-07-16 13:58:28"
4951,1,413,3,286.3225,CNY,7,2026-01-16,"2026-07-16 13:58:28"
4952,1,413,3,263.6625,CNY,8,2026-02-16,"2026-07-16 13:58:28"
4953,1,413,3,283.8771,CNY,9,2026-03-16,"2026-07-16 13:58:28"
4954,1,413,3,279.7087,CNY,10,2026-04-16,"2026-07-16 13:58:28"
4955,1,413,3,238.7939,CNY,11,2026-05-16,"2026-07-16 13:58:28"
4956,1,413,3,274.1799,CNY,12,2026-06-16,"2026-07-16 13:58:28"
4957,1,414,19,700.2389,CNY,1,2025-07-16,"2026-07-16 13:58:28"
4958,1,414,19,664.7915,CNY,2,2025-08-16,"2026-07-16 13:58:28"
4959,1,414,19,656.1806,CNY,3,2025-09-16,"2026-07-16 13:58:28"
4960,1,414,19,593.3614,CNY,4,2025-10-16,"2026-07-16 13:58:28"
4961,1,414,19,630.9393,CNY,5,2025-11-16,"2026-07-16 13:58:28"
4962,1,414,19,625.5772,CNY,6,2025-12-16,"2026-07-16 13:58:28"
4963,1,414,19,676.3246,CNY,7,2026-01-16,"2026-07-16 13:58:28"
4964,1,414,19,693.1585,CNY,8,2026-02-16,"2026-07-16 13:58:28"
4965,1,414,19,591.3911,CNY,9,2026-03-16,"2026-07-16 13:58:28"
4966,1,414,19,707.9291,CNY,10,2026-04-16,"2026-07-16 13:58:28"
4967,1,414,19,620.2239,CNY,11,2026-05-16,"2026-07-16 13:58:28"
4968,1,414,19,636.7188,CNY,12,2026-06-16,"2026-07-16 13:58:28"
4969,1,415,19,153.8776,USD,1,2025-07-16,"2026-07-16 13:58:28"
4970,1,415,19,171.8563,USD,2,2025-08-16,"2026-07-16 13:58:28"
4971,1,415,19,163.9805,USD,3,2025-09-16,"2026-07-16 13:58:28"
4972,1,415,19,159.6834,USD,4,2025-10-16,"2026-07-16 13:58:28"
4973,1,415,19,164.1237,USD,5,2025-11-16,"2026-07-16 13:58:28"
4974,1,415,19,153.7109,USD,6,2025-12-16,"2026-07-16 13:58:28"
4975,1,415,19,157.8267,USD,7,2026-01-16,"2026-07-16 13:58:28"
4976,1,415,19,158.3714,USD,8,2026-02-16,"2026-07-16 13:58:28"
4977,1,415,19,159.0291,USD,9,2026-03-16,"2026-07-16 13:58:28"
4978,1,415,19,146.3812,USD,10,2026-04-16,"2026-07-16 13:58:28"
4979,1,415,19,156.3058,USD,11,2026-05-16,"2026-07-16 13:58:28"
4980,1,415,19,159.0538,USD,12,2026-06-16,"2026-07-16 13:58:28"
4981,1,416,9,267.9021,CNY,1,2025-07-16,"2026-07-16 13:58:28"
4982,1,416,9,257.5485,CNY,2,2025-08-16,"2026-07-16 13:58:28"
4983,1,416,9,298.1384,CNY,3,2025-09-16,"2026-07-16 13:58:28"
4984,1,416,9,290.5187,CNY,4,2025-10-16,"2026-07-16 13:58:28"
4985,1,416,9,290.7493,CNY,5,2025-11-16,"2026-07-16 13:58:28"
4986,1,416,9,292.6019,CNY,6,2025-12-16,"2026-07-16 13:58:28"
4987,1,416,9,290.9933,CNY,7,2026-01-16,"2026-07-16 13:58:28"
4988,1,416,9,270.1212,CNY,8,2026-02-16,"2026-07-16 13:58:28"
4989,1,416,9,303.0645,CNY,9,2026-03-16,"2026-07-16 13:58:28"
4990,1,416,9,274.8574,CNY,10,2026-04-16,"2026-07-16 13:58:28"
4991,1,416,9,268.0681,CNY,11,2026-05-16,"2026-07-16 13:58:28"
4992,1,416,9,286.7732,CNY,12,2026-06-16,"2026-07-16 13:58:28"
4993,1,417,2,488.4326,CNY,1,2025-07-16,"2026-07-16 13:58:28"
4994,1,417,2,482.5238,CNY,2,2025-08-16,"2026-07-16 13:58:28"
4995,1,417,2,466.894,CNY,3,2025-09-16,"2026-07-16 13:58:28"
4996,1,417,2,495.5903,CNY,4,2025-10-16,"2026-07-16 13:58:28"
4997,1,417,2,452.5354,CNY,5,2025-11-16,"2026-07-16 13:58:28"
4998,1,417,2,420.5232,CNY,6,2025-12-16,"2026-07-16 13:58:28"
4999,1,417,2,413.9651,CNY,7,2026-01-16,"2026-07-16 13:58:28"
5000,1,417,2,422.5218,CNY,8,2026-02-16,"2026-07-16 13:58:28"
5001,1,417,2,428.0734,CNY,9,2026-03-16,"2026-07-16 13:58:28"
5002,1,417,2,440.0364,CNY,10,2026-04-16,"2026-07-16 13:58:28"
5003,1,417,2,440.6236,CNY,11,2026-05-16,"2026-07-16 13:58:28"
5004,1,417,2,414.4928,CNY,12,2026-06-16,"2026-07-16 13:58:28"
5005,1,418,19,944.2611,USD,1,2025-07-16,"2026-07-16 13:58:28"
5006,1,418,19,875.0647,USD,2,2025-08-16,"2026-07-16 13:58:28"
5007,1,418,19,874.6177,USD,3,2025-09-16,"2026-07-16 13:58:28"
5008,1,418,19,934.3028,USD,4,2025-10-16,"2026-07-16 13:58:28"
5009,1,418,19,937.3012,USD,5,2025-11-16,"2026-07-16 13:58:28"
5010,1,418,19,849.3622,USD,6,2025-12-16,"2026-07-16 13:58:28"
5011,1,418,19,923.7706,USD,7,2026-01-16,"2026-07-16 13:58:28"
5012,1,418,19,910.7995,USD,8,2026-02-16,"2026-07-16 13:58:28"
5013,1,418,19,862.9801,USD,9,2026-03-16,"2026-07-16 13:58:28"
5014,1,418,19,869.8776,USD,10,2026-04-16,"2026-07-16 13:58:28"
5015,1,418,19,946.0002,USD,11,2026-05-16,"2026-07-16 13:58:28"
5016,1,418,19,934.3324,USD,12,2026-06-16,"2026-07-16 13:58:28"
5017,1,419,5,845.7486,CNY,1,2025-07-16,"2026-07-16 13:58:28"
5018,1,419,5,714.0899,CNY,2,2025-08-16,"2026-07-16 13:58:28"
5019,1,419,5,783.8439,CNY,3,2025-09-16,"2026-07-16 13:58:28"
5020,1,419,5,835.0221,CNY,4,2025-10-16,"2026-07-16 13:58:28"
5021,1,419,5,752.1508,CNY,5,2025-11-16,"2026-07-16 13:58:28"
5022,1,419,5,812.3107,CNY,6,2025-12-16,"2026-07-16 13:58:28"
5023,1,419,5,853.4673,CNY,7,2026-01-16,"2026-07-16 13:58:28"
5024,1,419,5,767.2312,CNY,8,2026-02-16,"2026-07-16 13:58:28"
5025,1,419,5,863.4313,CNY,9,2026-03-16,"2026-07-16 13:58:28"
5026,1,419,5,743.3129,CNY,10,2026-04-16,"2026-07-16 13:58:28"
5027,1,419,5,734.9219,CNY,11,2026-05-16,"2026-07-16 13:58:28"
5028,1,419,5,849.7612,CNY,12,2026-06-16,"2026-07-16 13:58:28"
5029,1,420,5,472.3271,CNY,1,2025-07-16,"2026-07-16 13:58:28"
5030,1,420,5,477.7831,CNY,2,2025-08-16,"2026-07-16 13:58:28"
5031,1,420,5,451.0951,CNY,3,2025-09-16,"2026-07-16 13:58:28"
5032,1,420,5,507.5339,CNY,4,2025-10-16,"2026-07-16 13:58:28"
5033,1,420,5,473.2768,CNY,5,2025-11-16,"2026-07-16 13:58:28"
5034,1,420,5,498.0861,CNY,6,2025-12-16,"2026-07-16 13:58:28"
5035,1,420,5,435.6137,CNY,7,2026-01-16,"2026-07-16 13:58:28"
5036,1,420,5,494.2434,CNY,8,2026-02-16,"2026-07-16 13:58:28"
5037,1,420,5,453.2531,CNY,9,2026-03-16,"2026-07-16 13:58:28"
5038,1,420,5,470.745,CNY,10,2026-04-16,"2026-07-16 13:58:28"
5039,1,420,5,443.516,CNY,11,2026-05-16,"2026-07-16 13:58:28"
5040,1,420,5,444.1644,CNY,12,2026-06-16,"2026-07-16 13:58:28"
5041,1,421,13,323.086,CNY,1,2025-07-16,"2026-07-16 13:58:28"
5042,1,421,13,307.0658,CNY,2,2025-08-16,"2026-07-16 13:58:28"
5043,1,421,13,355.1318,CNY,3,2025-09-16,"2026-07-16 13:58:28"
5044,1,421,13,342.1675,CNY,4,2025-10-16,"2026-07-16 13:58:28"
5045,1,421,13,328.423,CNY,5,2025-11-16,"2026-07-16 13:58:28"
5046,1,421,13,317.7299,CNY,6,2025-12-16,"2026-07-16 13:58:28"
5047,1,421,13,335.5028,CNY,7,2026-01-16,"2026-07-16 13:58:28"
5048,1,421,13,308.7531,CNY,8,2026-02-16,"2026-07-16 13:58:28"
5049,1,421,13,337.644,CNY,9,2026-03-16,"2026-07-16 13:58:28"
5050,1,421,13,311.1224,CNY,10,2026-04-16,"2026-07-16 13:58:28"
5051,1,421,13,351.1615,CNY,11,2026-05-16,"2026-07-16 13:58:28"
5052,1,421,13,296.1735,CNY,12,2026-06-16,"2026-07-16 13:58:28"
5053,1,422,11,380.1209,CNY,1,2025-07-16,"2026-07-16 13:58:28"
5054,1,422,11,361.6105,CNY,2,2025-08-16,"2026-07-16 13:58:28"
5055,1,422,11,376.7247,CNY,3,2025-09-16,"2026-07-16 13:58:28"
5056,1,422,11,356.1447,CNY,4,2025-10-16,"2026-07-16 13:58:28"
5057,1,422,11,412.1661,CNY,5,2025-11-16,"2026-07-16 13:58:28"
5058,1,422,11,362.5855,CNY,6,2025-12-16,"2026-07-16 13:58:28"
5059,1,422,11,379.842,CNY,7,2026-01-16,"2026-07-16 13:58:28"
5060,1,422,11,424.1988,CNY,8,2026-02-16,"2026-07-16 13:58:28"
5061,1,422,11,402.8057,CNY,9,2026-03-16,"2026-07-16 13:58:28"
5062,1,422,11,402.3244,CNY,10,2026-04-16,"2026-07-16 13:58:28"
5063,1,422,11,403.2302,CNY,11,2026-05-16,"2026-07-16 13:58:28"
5064,1,422,11,367.4673,CNY,12,2026-06-16,"2026-07-16 13:58:28"
5065,1,423,5,84.2282,USD,1,2025-07-16,"2026-07-16 13:58:28"
5066,1,423,5,87.1024,USD,2,2025-08-16,"2026-07-16 13:58:28"
5067,1,423,5,90.1877,USD,3,2025-09-16,"2026-07-16 13:58:28"
5068,1,423,5,81.6123,USD,4,2025-10-16,"2026-07-16 13:58:28"
5069,1,423,5,90.8149,USD,5,2025-11-16,"2026-07-16 13:58:28"
5070,1,423,5,94.145,USD,6,2025-12-16,"2026-07-16 13:58:28"
5071,1,423,5,93.9451,USD,7,2026-01-16,"2026-07-16 13:58:28"
5072,1,423,5,91.3352,USD,8,2026-02-16,"2026-07-16 13:58:28"
5073,1,423,5,90.3749,USD,9,2026-03-16,"2026-07-16 13:58:28"
5074,1,423,5,93.1671,USD,10,2026-04-16,"2026-07-16 13:58:28"
5075,1,423,5,94.0151,USD,11,2026-05-16,"2026-07-16 13:58:28"
5076,1,423,5,84.7941,USD,12,2026-06-16,"2026-07-16 13:58:28"
5077,1,424,14,647.1382,CNY,1,2025-07-16,"2026-07-16 13:58:28"
5078,1,424,14,639.7695,CNY,2,2025-08-16,"2026-07-16 13:58:28"
5079,1,424,14,583.5214,CNY,3,2025-09-16,"2026-07-16 13:58:28"
5080,1,424,14,643.4565,CNY,4,2025-10-16,"2026-07-16 13:58:28"
5081,1,424,14,570.3163,CNY,5,2025-11-16,"2026-07-16 13:58:28"
5082,1,424,14,563.65,CNY,6,2025-12-16,"2026-07-16 13:58:28"
5083,1,424,14,662.8784,CNY,7,2026-01-16,"2026-07-16 13:58:28"
5084,1,424,14,584.447,CNY,8,2026-02-16,"2026-07-16 13:58:28"
5085,1,424,14,652.866,CNY,9,2026-03-16,"2026-07-16 13:58:28"
5086,1,424,14,620.7076,CNY,10,2026-04-16,"2026-07-16 13:58:28"
5087,1,424,14,558.5645,CNY,11,2026-05-16,"2026-07-16 13:58:28"
5088,1,424,14,581.3524,CNY,12,2026-06-16,"2026-07-16 13:58:28"
5089,1,425,2,239.532,USD,1,2025-07-16,"2026-07-16 13:58:28"
5090,1,425,2,259.7592,USD,2,2025-08-16,"2026-07-16 13:58:28"
5091,1,425,2,231.7421,USD,3,2025-09-16,"2026-07-16 13:58:28"
5092,1,425,2,266.357,USD,4,2025-10-16,"2026-07-16 13:58:28"
5093,1,425,2,277.7771,USD,5,2025-11-16,"2026-07-16 13:58:28"
5094,1,425,2,249.3066,USD,6,2025-12-16,"2026-07-16 13:58:28"
5095,1,425,2,248.3069,USD,7,2026-01-16,"2026-07-16 13:58:28"
5096,1,425,2,242.447,USD,8,2026-02-16,"2026-07-16 13:58:28"
5097,1,425,2,271.1581,USD,9,2026-03-16,"2026-07-16 13:58:28"
5098,1,425,2,264.8471,USD,10,2026-04-16,"2026-07-16 13:58:28"
5099,1,425,2,254.4767,USD,11,2026-05-16,"2026-07-16 13:58:28"
5100,1,425,2,250.0301,USD,12,2026-06-16,"2026-07-16 13:58:28"
5101,1,426,4,585.0723,USD,1,2025-07-16,"2026-07-16 13:58:28"
5102,1,426,4,579.3843,USD,2,2025-08-16,"2026-07-16 13:58:28"
5103,1,426,4,530.081,USD,3,2025-09-16,"2026-07-16 13:58:28"
5104,1,426,4,608.7304,USD,4,2025-10-16,"2026-07-16 13:58:28"
5105,1,426,4,596.1031,USD,5,2025-11-16,"2026-07-16 13:58:28"
5106,1,426,4,604.1285,USD,6,2025-12-16,"2026-07-16 13:58:28"
5107,1,426,4,604.4669,USD,7,2026-01-16,"2026-07-16 13:58:28"
5108,1,426,4,536.2031,USD,8,2026-02-16,"2026-07-16 13:58:28"
5109,1,426,4,506.6367,USD,9,2026-03-16,"2026-07-16 13:58:28"
5110,1,426,4,598.4771,USD,10,2026-04-16,"2026-07-16 13:58:28"
5111,1,426,4,549.3117,USD,11,2026-05-16,"2026-07-16 13:58:28"
5112,1,426,4,528.0017,USD,12,2026-06-16,"2026-07-16 13:58:28"
5113,1,427,13,805.2931,CNY,1,2025-07-16,"2026-07-16 13:58:28"
5114,1,427,13,802.0292,CNY,2,2025-08-16,"2026-07-16 13:58:28"
5115,1,427,13,808.5006,CNY,3,2025-09-16,"2026-07-16 13:58:28"
5116,1,427,13,834.4341,CNY,4,2025-10-16,"2026-07-16 13:58:28"
5117,1,427,13,813.6757,CNY,5,2025-11-16,"2026-07-16 13:58:28"
5118,1,427,13,760.0608,CNY,6,2025-12-16,"2026-07-16 13:58:28"
5119,1,427,13,761.964,CNY,7,2026-01-16,"2026-07-16 13:58:28"
5120,1,427,13,855.3356,CNY,8,2026-02-16,"2026-07-16 13:58:28"
5121,1,427,13,822.3848,CNY,9,2026-03-16,"2026-07-16 13:58:28"
5122,1,427,13,755.9674,CNY,10,2026-04-16,"2026-07-16 13:58:28"
5123,1,427,13,775.6835,CNY,11,2026-05-16,"2026-07-16 13:58:28"
5124,1,427,13,784.0155,CNY,12,2026-06-16,"2026-07-16 13:58:28"
5125,1,428,3,496.7242,CNY,1,2025-07-16,"2026-07-16 13:58:28"
5126,1,428,3,455.5944,CNY,2,2025-08-16,"2026-07-16 13:58:28"
5127,1,428,3,434.9979,CNY,3,2025-09-16,"2026-07-16 13:58:28"
5128,1,428,3,519.243,CNY,4,2025-10-16,"2026-07-16 13:58:28"
5129,1,428,3,504.0542,CNY,5,2025-11-16,"2026-07-16 13:58:28"
5130,1,428,3,460.7792,CNY,6,2025-12-16,"2026-07-16 13:58:28"
5131,1,428,3,425.7641,CNY,7,2026-01-16,"2026-07-16 13:58:28"
5132,1,428,3,454.4457,CNY,8,2026-02-16,"2026-07-16 13:58:28"
5133,1,428,3,446.9961,CNY,9,2026-03-16,"2026-07-16 13:58:28"
5134,1,428,3,513.662,CNY,10,2026-04-16,"2026-07-16 13:58:28"
5135,1,428,3,446.7587,CNY,11,2026-05-16,"2026-07-16 13:58:28"
5136,1,428,3,447.2824,CNY,12,2026-06-16,"2026-07-16 13:58:28"
5137,1,429,17,803.9963,CNY,1,2025-07-16,"2026-07-16 13:58:28"
5138,1,429,17,867.3872,CNY,2,2025-08-16,"2026-07-16 13:58:28"
5139,1,429,17,887.8918,CNY,3,2025-09-16,"2026-07-16 13:58:28"
5140,1,429,17,803.6833,CNY,4,2025-10-16,"2026-07-16 13:58:28"
5141,1,429,17,955.8179,CNY,5,2025-11-16,"2026-07-16 13:58:28"
5142,1,429,17,924.3084,CNY,6,2025-12-16,"2026-07-16 13:58:28"
5143,1,429,17,901.9829,CNY,7,2026-01-16,"2026-07-16 13:58:28"
5144,1,429,17,916.3855,CNY,8,2026-02-16,"2026-07-16 13:58:28"
5145,1,429,17,865.5226,CNY,9,2026-03-16,"2026-07-16 13:58:28"
5146,1,429,17,867.7352,CNY,10,2026-04-16,"2026-07-16 13:58:28"
5147,1,429,17,847.6794,CNY,11,2026-05-16,"2026-07-16 13:58:28"
5148,1,429,17,908.6841,CNY,12,2026-06-16,"2026-07-16 13:58:28"
5149,1,430,13,429.4811,CNY,1,2025-07-16,"2026-07-16 13:58:28"
5150,1,430,13,431.4208,CNY,2,2025-08-16,"2026-07-16 13:58:28"
5151,1,430,13,411.5281,CNY,3,2025-09-16,"2026-07-16 13:58:28"
5152,1,430,13,423.1908,CNY,4,2025-10-16,"2026-07-16 13:58:28"
5153,1,430,13,404.9318,CNY,5,2025-11-16,"2026-07-16 13:58:28"
5154,1,430,13,404.4511,CNY,6,2025-12-16,"2026-07-16 13:58:28"
5155,1,430,13,406.8201,CNY,7,2026-01-16,"2026-07-16 13:58:28"
5156,1,430,13,470.5231,CNY,8,2026-02-16,"2026-07-16 13:58:28"
5157,1,430,13,464.3261,CNY,9,2026-03-16,"2026-07-16 13:58:28"
5158,1,430,13,420.2986,CNY,10,2026-04-16,"2026-07-16 13:58:28"
5159,1,430,13,453.3638,CNY,11,2026-05-16,"2026-07-16 13:58:28"
5160,1,430,13,424.8292,CNY,12,2026-06-16,"2026-07-16 13:58:28"
5161,1,431,19,389.5571,CNY,1,2025-07-16,"2026-07-16 13:58:28"
5162,1,431,19,414.0187,CNY,2,2025-08-16,"2026-07-16 13:58:28"
5163,1,431,19,393.0857,CNY,3,2025-09-16,"2026-07-16 13:58:28"
5164,1,431,19,403.6154,CNY,4,2025-10-16,"2026-07-16 13:58:28"
5165,1,431,19,398.2258,CNY,5,2025-11-16,"2026-07-16 13:58:28"
5166,1,431,19,378.3539,CNY,6,2025-12-16,"2026-07-16 13:58:28"
5167,1,431,19,456.9132,CNY,7,2026-01-16,"2026-07-16 13:58:28"
5168,1,431,19,411.8894,CNY,8,2026-02-16,"2026-07-16 13:58:28"
5169,1,431,19,390.2357,CNY,9,2026-03-16,"2026-07-16 13:58:28"
5170,1,431,19,455.9223,CNY,10,2026-04-16,"2026-07-16 13:58:28"
5171,1,431,19,385.3946,CNY,11,2026-05-16,"2026-07-16 13:58:28"
5172,1,431,19,425.8359,CNY,12,2026-06-16,"2026-07-16 13:58:28"
5173,1,432,11,612.5707,CNY,1,2025-07-16,"2026-07-16 13:58:28"
5174,1,432,11,595.9871,CNY,2,2025-08-16,"2026-07-16 13:58:28"
5175,1,432,11,616.3372,CNY,3,2025-09-16,"2026-07-16 13:58:28"
5176,1,432,11,635.397,CNY,4,2025-10-16,"2026-07-16 13:58:28"
5177,1,432,11,598.3978,CNY,5,2025-11-16,"2026-07-16 13:58:28"
5178,1,432,11,630.2916,CNY,6,2025-12-16,"2026-07-16 13:58:28"
5179,1,432,11,539.3311,CNY,7,2026-01-16,"2026-07-16 13:58:28"
5180,1,432,11,608.9728,CNY,8,2026-02-16,"2026-07-16 13:58:28"
5181,1,432,11,615.6673,CNY,9,2026-03-16,"2026-07-16 13:58:28"
5182,1,432,11,576.4101,CNY,10,2026-04-16,"2026-07-16 13:58:28"
5183,1,432,11,648.7614,CNY,11,2026-05-16,"2026-07-16 13:58:28"
5184,1,432,11,605.9309,CNY,12,2026-06-16,"2026-07-16 13:58:28"
5185,1,433,17,728.5634,CNY,1,2025-07-16,"2026-07-16 13:58:28"
5186,1,433,17,692.097,CNY,2,2025-08-16,"2026-07-16 13:58:28"
5187,1,433,17,783.4386,CNY,3,2025-09-16,"2026-07-16 13:58:28"
5188,1,433,17,802.9817,CNY,4,2025-10-16,"2026-07-16 13:58:28"
5189,1,433,17,709.3728,CNY,5,2025-11-16,"2026-07-16 13:58:28"
5190,1,433,17,796.5205,CNY,6,2025-12-16,"2026-07-16 13:58:28"
5191,1,433,17,737.655,CNY,7,2026-01-16,"2026-07-16 13:58:28"
5192,1,433,17,685.349,CNY,8,2026-02-16,"2026-07-16 13:58:28"
5193,1,433,17,714.1473,CNY,9,2026-03-16,"2026-07-16 13:58:28"
5194,1,433,17,713.694,CNY,10,2026-04-16,"2026-07-16 13:58:28"
5195,1,433,17,725.8138,CNY,11,2026-05-16,"2026-07-16 13:58:28"
5196,1,433,17,660.9972,CNY,12,2026-06-16,"2026-07-16 13:58:28"
5197,1,434,8,40.8888,CNY,1,2025-07-16,"2026-07-16 13:58:28"
5198,1,434,8,40.5116,CNY,2,2025-08-16,"2026-07-16 13:58:28"
5199,1,434,8,39.2543,CNY,3,2025-09-16,"2026-07-16 13:58:28"
5200,1,434,8,39.0544,CNY,4,2025-10-16,"2026-07-16 13:58:28"
5201,1,434,8,41.5498,CNY,5,2025-11-16,"2026-07-16 13:58:28"
5202,1,434,8,37.6175,CNY,6,2025-12-16,"2026-07-16 13:58:28"
5203,1,434,8,41.7104,CNY,7,2026-01-16,"2026-07-16 13:58:28"
5204,1,434,8,41.3811,CNY,8,2026-02-16,"2026-07-16 13:58:28"
5205,1,434,8,39.5338,CNY,9,2026-03-16,"2026-07-16 13:58:28"
5206,1,434,8,42.0221,CNY,10,2026-04-16,"2026-07-16 13:58:28"
5207,1,434,8,37.2935,CNY,11,2026-05-16,"2026-07-16 13:58:28"
5208,1,434,8,43.012,CNY,12,2026-06-16,"2026-07-16 13:58:28"
5209,1,435,19,436.4512,CNY,1,2025-07-16,"2026-07-16 13:58:28"
5210,1,435,19,413.9585,CNY,2,2025-08-16,"2026-07-16 13:58:28"
5211,1,435,19,453.6791,CNY,3,2025-09-16,"2026-07-16 13:58:28"
5212,1,435,19,475.6644,CNY,4,2025-10-16,"2026-07-16 13:58:28"
5213,1,435,19,443.4034,CNY,5,2025-11-16,"2026-07-16 13:58:28"
5214,1,435,19,479.8199,CNY,6,2025-12-16,"2026-07-16 13:58:28"
5215,1,435,19,467.2955,CNY,7,2026-01-16,"2026-07-16 13:58:28"
5216,1,435,19,461.9628,CNY,8,2026-02-16,"2026-07-16 13:58:28"
5217,1,435,19,418.8863,CNY,9,2026-03-16,"2026-07-16 13:58:28"
5218,1,435,19,451.0495,CNY,10,2026-04-16,"2026-07-16 13:58:28"
5219,1,435,19,414.7314,CNY,11,2026-05-16,"2026-07-16 13:58:28"
5220,1,435,19,434.028,CNY,12,2026-06-16,"2026-07-16 13:58:28"
5221,1,436,11,336.0342,CNY,1,2025-07-16,"2026-07-16 13:58:28"
5222,1,436,11,285.521,CNY,2,2025-08-16,"2026-07-16 13:58:28"
5223,1,436,11,300.5501,CNY,3,2025-09-16,"2026-07-16 13:58:28"
5224,1,436,11,327.3364,CNY,4,2025-10-16,"2026-07-16 13:58:28"
5225,1,436,11,337.1784,CNY,5,2025-11-16,"2026-07-16 13:58:28"
5226,1,436,11,315.5325,CNY,6,2025-12-16,"2026-07-16 13:58:28"
5227,1,436,11,302.4558,CNY,7,2026-01-16,"2026-07-16 13:58:28"
5228,1,436,11,315.8876,CNY,8,2026-02-16,"2026-07-16 13:58:28"
5229,1,436,11,297.6636,CNY,9,2026-03-16,"2026-07-16 13:58:28"
5230,1,436,11,296.3558,CNY,10,2026-04-16,"2026-07-16 13:58:28"
5231,1,436,11,336.8287,CNY,11,2026-05-16,"2026-07-16 13:58:28"
5232,1,436,11,323.6962,CNY,12,2026-06-16,"2026-07-16 13:58:28"
5233,1,437,7,404.5479,CNY,1,2025-07-16,"2026-07-16 13:58:28"
5234,1,437,7,396.2525,CNY,2,2025-08-16,"2026-07-16 13:58:28"
5235,1,437,7,412.5541,CNY,3,2025-09-16,"2026-07-16 13:58:28"
5236,1,437,7,401.3218,CNY,4,2025-10-16,"2026-07-16 13:58:28"
5237,1,437,7,477.4307,CNY,5,2025-11-16,"2026-07-16 13:58:28"
5238,1,437,7,419.3574,CNY,6,2025-12-16,"2026-07-16 13:58:28"
5239,1,437,7,429.2502,CNY,7,2026-01-16,"2026-07-16 13:58:28"
5240,1,437,7,410.5032,CNY,8,2026-02-16,"2026-07-16 13:58:28"
5241,1,437,7,472.6183,CNY,9,2026-03-16,"2026-07-16 13:58:28"
5242,1,437,7,404.9205,CNY,10,2026-04-16,"2026-07-16 13:58:28"
5243,1,437,7,461.9203,CNY,11,2026-05-16,"2026-07-16 13:58:28"
5244,1,437,7,463.087,CNY,12,2026-06-16,"2026-07-16 13:58:28"
5245,1,438,15,137.3499,CNY,1,2025-07-16,"2026-07-16 13:58:28"
5246,1,438,15,125.0252,CNY,2,2025-08-16,"2026-07-16 13:58:28"
5247,1,438,15,119.6875,CNY,3,2025-09-16,"2026-07-16 13:58:28"
5248,1,438,15,124.0656,CNY,4,2025-10-16,"2026-07-16 13:58:28"
5249,1,438,15,139.6004,CNY,5,2025-11-16,"2026-07-16 13:58:28"
5250,1,438,15,119.1927,CNY,6,2025-12-16,"2026-07-16 13:58:28"
5251,1,438,15,131.3404,CNY,7,2026-01-16,"2026-07-16 13:58:28"
5252,1,438,15,138.3876,CNY,8,2026-02-16,"2026-07-16 13:58:28"
5253,1,438,15,120.1485,CNY,9,2026-03-16,"2026-07-16 13:58:28"
5254,1,438,15,137.5696,CNY,10,2026-04-16,"2026-07-16 13:58:28"
5255,1,438,15,120.134,CNY,11,2026-05-16,"2026-07-16 13:58:28"
5256,1,438,15,134.1039,CNY,12,2026-06-16,"2026-07-16 13:58:28"
5257,1,439,13,327.8692,CNY,1,2025-07-16,"2026-07-16 13:58:28"
5258,1,439,13,328.5753,CNY,2,2025-08-16,"2026-07-16 13:58:28"
5259,1,439,13,336.3826,CNY,3,2025-09-16,"2026-07-16 13:58:28"
5260,1,439,13,375.9261,CNY,4,2025-10-16,"2026-07-16 13:58:28"
5261,1,439,13,339.3811,CNY,5,2025-11-16,"2026-07-16 13:58:28"
5262,1,439,13,317.8605,CNY,6,2025-12-16,"2026-07-16 13:58:28"
5263,1,439,13,319.8944,CNY,7,2026-01-16,"2026-07-16 13:58:28"
5264,1,439,13,327.0937,CNY,8,2026-02-16,"2026-07-16 13:58:28"
5265,1,439,13,347.2378,CNY,9,2026-03-16,"2026-07-16 13:58:28"
5266,1,439,13,365.89,CNY,10,2026-04-16,"2026-07-16 13:58:28"
5267,1,439,13,338.1227,CNY,11,2026-05-16,"2026-07-16 13:58:28"
5268,1,439,13,366.7591,CNY,12,2026-06-16,"2026-07-16 13:58:28"
5269,1,440,11,330.7496,CNY,1,2025-07-16,"2026-07-16 13:58:28"
5270,1,440,11,296.6427,CNY,2,2025-08-16,"2026-07-16 13:58:28"
5271,1,440,11,334.7367,CNY,3,2025-09-16,"2026-07-16 13:58:28"
5272,1,440,11,334.5805,CNY,4,2025-10-16,"2026-07-16 13:58:28"
5273,1,440,11,314.1356,CNY,5,2025-11-16,"2026-07-16 13:58:28"
5274,1,440,11,321.3354,CNY,6,2025-12-16,"2026-07-16 13:58:28"
5275,1,440,11,321.1205,CNY,7,2026-01-16,"2026-07-16 13:58:28"
5276,1,440,11,300.83,CNY,8,2026-02-16,"2026-07-16 13:58:28"
5277,1,440,11,315.6047,CNY,9,2026-03-16,"2026-07-16 13:58:28"
5278,1,440,11,298.1384,CNY,10,2026-04-16,"2026-07-16 13:58:28"
5279,1,440,11,325.2113,CNY,11,2026-05-16,"2026-07-16 13:58:28"
5280,1,440,11,301.9431,CNY,12,2026-06-16,"2026-07-16 13:58:28"
5281,1,441,7,124.7549,USD,1,2025-07-16,"2026-07-16 13:58:28"
5282,1,441,7,109.7758,USD,2,2025-08-16,"2026-07-16 13:58:28"
5283,1,441,7,122.2872,USD,3,2025-09-16,"2026-07-16 13:58:28"
5284,1,441,7,115.3795,USD,4,2025-10-16,"2026-07-16 13:58:28"
5285,1,441,7,130.0698,USD,5,2025-11-16,"2026-07-16 13:58:28"
5286,1,441,7,121.445,USD,6,2025-12-16,"2026-07-16 13:58:28"
5287,1,441,7,119.0347,USD,7,2026-01-16,"2026-07-16 13:58:28"
5288,1,441,7,113.1153,USD,8,2026-02-16,"2026-07-16 13:58:28"
5289,1,441,7,116.6101,USD,9,2026-03-16,"2026-07-16 13:58:28"
5290,1,441,7,117.2362,USD,10,2026-04-16,"2026-07-16 13:58:28"
5291,1,441,7,123.7703,USD,11,2026-05-16,"2026-07-16 13:58:28"
5292,1,441,7,109.8464,USD,12,2026-06-16,"2026-07-16 13:58:28"
5293,1,442,9,481.7841,CNY,1,2025-07-16,"2026-07-16 13:58:28"
5294,1,442,9,475.6195,CNY,2,2025-08-16,"2026-07-16 13:58:28"
5295,1,442,9,482.7534,CNY,3,2025-09-16,"2026-07-16 13:58:28"
5296,1,442,9,462.3064,CNY,4,2025-10-16,"2026-07-16 13:58:28"
5297,1,442,9,464.6966,CNY,5,2025-11-16,"2026-07-16 13:58:28"
5298,1,442,9,552.6322,CNY,6,2025-12-16,"2026-07-16 13:58:28"
5299,1,442,9,546.3039,CNY,7,2026-01-16,"2026-07-16 13:58:28"
5300,1,442,9,519.5394,CNY,8,2026-02-16,"2026-07-16 13:58:28"
5301,1,442,9,477.7409,CNY,9,2026-03-16,"2026-07-16 13:58:28"
5302,1,442,9,466.0542,CNY,10,2026-04-16,"2026-07-16 13:58:28"
5303,1,442,9,528.8726,CNY,11,2026-05-16,"2026-07-16 13:58:28"
5304,1,442,9,460.7778,CNY,12,2026-06-16,"2026-07-16 13:58:28"
5305,1,443,16,904.5703,USD,1,2025-07-16,"2026-07-16 13:58:28"
5306,1,443,16,760.364,USD,2,2025-08-16,"2026-07-16 13:58:28"
5307,1,443,16,912.0536,USD,3,2025-09-16,"2026-07-16 13:58:28"
5308,1,443,16,870.2697,USD,4,2025-10-16,"2026-07-16 13:58:28"
5309,1,443,16,781.1761,USD,5,2025-11-16,"2026-07-16 13:58:28"
5310,1,443,16,817.8567,USD,6,2025-12-16,"2026-07-16 13:58:28"
5311,1,443,16,800.5103,USD,7,2026-01-16,"2026-07-16 13:58:28"
5312,1,443,16,768.8956,USD,8,2026-02-16,"2026-07-16 13:58:28"
5313,1,443,16,868.4978,USD,9,2026-03-16,"2026-07-16 13:58:28"
5314,1,443,16,844.9011,USD,10,2026-04-16,"2026-07-16 13:58:28"
5315,1,443,16,801.7436,USD,11,2026-05-16,"2026-07-16 13:58:28"
5316,1,443,16,921.3324,USD,12,2026-06-16,"2026-07-16 13:58:28"
5317,1,444,8,390.0861,USD,1,2025-07-16,"2026-07-16 13:58:28"
5318,1,444,8,428.6177,USD,2,2025-08-16,"2026-07-16 13:58:28"
5319,1,444,8,411.7639,USD,3,2025-09-16,"2026-07-16 13:58:28"
5320,1,444,8,351.919,USD,4,2025-10-16,"2026-07-16 13:58:28"
5321,1,444,8,424.0367,USD,5,2025-11-16,"2026-07-16 13:58:28"
5322,1,444,8,383.8427,USD,6,2025-12-16,"2026-07-16 13:58:28"
5323,1,444,8,427.954,USD,7,2026-01-16,"2026-07-16 13:58:28"
5324,1,444,8,356.6408,USD,8,2026-02-16,"2026-07-16 13:58:28"
5325,1,444,8,370.7207,USD,9,2026-03-16,"2026-07-16 13:58:28"
5326,1,444,8,423.3059,USD,10,2026-04-16,"2026-07-16 13:58:28"
5327,1,444,8,412.5038,USD,11,2026-05-16,"2026-07-16 13:58:28"
5328,1,444,8,384.6578,USD,12,2026-06-16,"2026-07-16 13:58:28"
5329,1,445,4,327.2764,CNY,1,2025-07-16,"2026-07-16 13:58:28"
5330,1,445,4,328.5117,CNY,2,2025-08-16,"2026-07-16 13:58:28"
5331,1,445,4,322.4456,CNY,3,2025-09-16,"2026-07-16 13:58:28"
5332,1,445,4,328.9615,CNY,4,2025-10-16,"2026-07-16 13:58:28"
5333,1,445,4,327.1779,CNY,5,2025-11-16,"2026-07-16 13:58:28"
5334,1,445,4,335.4976,CNY,6,2025-12-16,"2026-07-16 13:58:28"
5335,1,445,4,304.1743,CNY,7,2026-01-16,"2026-07-16 13:58:28"
5336,1,445,4,353.5046,CNY,8,2026-02-16,"2026-07-16 13:58:28"
5337,1,445,4,315.848,CNY,9,2026-03-16,"2026-07-16 13:58:28"
5338,1,445,4,301.4073,CNY,10,2026-04-16,"2026-07-16 13:58:28"
5339,1,445,4,360.8704,CNY,11,2026-05-16,"2026-07-16 13:58:28"
5340,1,445,4,303.5611,CNY,12,2026-06-16,"2026-07-16 13:58:28"
5341,1,446,11,606.2684,USD,1,2025-07-16,"2026-07-16 13:58:28"
5342,1,446,11,549.2424,USD,2,2025-08-16,"2026-07-16 13:58:28"
5343,1,446,11,523.181,USD,3,2025-09-16,"2026-07-16 13:58:28"
5344,1,446,11,543.0136,USD,4,2025-10-16,"2026-07-16 13:58:28"
5345,1,446,11,564.6127,USD,5,2025-11-16,"2026-07-16 13:58:28"
5346,1,446,11,578.579,USD,6,2025-12-16,"2026-07-16 13:58:28"
5347,1,446,11,528.1541,USD,7,2026-01-16,"2026-07-16 13:58:28"
5348,1,446,11,599.7842,USD,8,2026-02-16,"2026-07-16 13:58:28"
5349,1,446,11,591.4007,USD,9,2026-03-16,"2026-07-16 13:58:28"
5350,1,446,11,542.7031,USD,10,2026-04-16,"2026-07-16 13:58:28"
5351,1,446,11,596.7584,USD,11,2026-05-16,"2026-07-16 13:58:28"
5352,1,446,11,603.0204,USD,12,2026-06-16,"2026-07-16 13:58:28"
5353,1,447,15,665.984,CNY,1,2025-07-16,"2026-07-16 13:58:28"
5354,1,447,15,661.9097,CNY,2,2025-08-16,"2026-07-16 13:58:28"
5355,1,447,15,659.841,CNY,3,2025-09-16,"2026-07-16 13:58:28"
5356,1,447,15,611.0953,CNY,4,2025-10-16,"2026-07-16 13:58:28"
5357,1,447,15,555.3949,CNY,5,2025-11-16,"2026-07-16 13:58:28"
5358,1,447,15,644.2711,CNY,6,2025-12-16,"2026-07-16 13:58:28"
5359,1,447,15,620.0486,CNY,7,2026-01-16,"2026-07-16 13:58:28"
5360,1,447,15,663.4095,CNY,8,2026-02-16,"2026-07-16 13:58:28"
5361,1,447,15,663.2618,CNY,9,2026-03-16,"2026-07-16 13:58:28"
5362,1,447,15,575.2244,CNY,10,2026-04-16,"2026-07-16 13:58:28"
5363,1,447,15,595.67,CNY,11,2026-05-16,"2026-07-16 13:58:28"
5364,1,447,15,563.9967,CNY,12,2026-06-16,"2026-07-16 13:58:28"
5365,1,448,19,404.6825,USD,1,2025-07-16,"2026-07-16 13:58:28"
5366,1,448,19,411.9163,USD,2,2025-08-16,"2026-07-16 13:58:28"
5367,1,448,19,424.4892,USD,3,2025-09-16,"2026-07-16 13:58:28"
5368,1,448,19,416.0726,USD,4,2025-10-16,"2026-07-16 13:58:28"
5369,1,448,19,459.6836,USD,5,2025-11-16,"2026-07-16 13:58:28"
5370,1,448,19,407.0383,USD,6,2025-12-16,"2026-07-16 13:58:28"
5371,1,448,19,396.8216,USD,7,2026-01-16,"2026-07-16 13:58:28"
5372,1,448,19,460.2944,USD,8,2026-02-16,"2026-07-16 13:58:28"
5373,1,448,19,429.36,USD,9,2026-03-16,"2026-07-16 13:58:28"
5374,1,448,19,417.7592,USD,10,2026-04-16,"2026-07-16 13:58:28"
5375,1,448,19,398.316,USD,11,2026-05-16,"2026-07-16 13:58:28"
5376,1,448,19,429.7125,USD,12,2026-06-16,"2026-07-16 13:58:28"
5377,1,449,3,537.8049,CNY,1,2025-07-16,"2026-07-16 13:58:28"
5378,1,449,3,517.2187,CNY,2,2025-08-16,"2026-07-16 13:58:28"
5379,1,449,3,483.1107,CNY,3,2025-09-16,"2026-07-16 13:58:28"
5380,1,449,3,568.2383,CNY,4,2025-10-16,"2026-07-16 13:58:28"
5381,1,449,3,485.4896,CNY,5,2025-11-16,"2026-07-16 13:58:28"
5382,1,449,3,479.1473,CNY,6,2025-12-16,"2026-07-16 13:58:28"
5383,1,449,3,494.1292,CNY,7,2026-01-16,"2026-07-16 13:58:28"
5384,1,449,3,481.2728,CNY,8,2026-02-16,"2026-07-16 13:58:28"
5385,1,449,3,522.2032,CNY,9,2026-03-16,"2026-07-16 13:58:28"
5386,1,449,3,475.8205,CNY,10,2026-04-16,"2026-07-16 13:58:28"
5387,1,449,3,512.7698,CNY,11,2026-05-16,"2026-07-16 13:58:28"
5388,1,449,3,526.4146,CNY,12,2026-06-16,"2026-07-16 13:58:28"
5389,1,450,5,303.7373,CNY,1,2025-07-16,"2026-07-16 13:58:28"
5390,1,450,5,314.7734,CNY,2,2025-08-16,"2026-07-16 13:58:28"
5391,1,450,5,266.9943,CNY,3,2025-09-16,"2026-07-16 13:58:28"
5392,1,450,5,320.7191,CNY,4,2025-10-16,"2026-07-16 13:58:28"
5393,1,450,5,273.4124,CNY,5,2025-11-16,"2026-07-16 13:58:28"
5394,1,450,5,297.2764,CNY,6,2025-12-16,"2026-07-16 13:58:28"
5395,1,450,5,291.8171,CNY,7,2026-01-16,"2026-07-16 13:58:28"
5396,1,450,5,281.1539,CNY,8,2026-02-16,"2026-07-16 13:58:28"
5397,1,450,5,314.4916,CNY,9,2026-03-16,"2026-07-16 13:58:28"
5398,1,450,5,269.0169,CNY,10,2026-04-16,"2026-07-16 13:58:28"
5399,1,450,5,310.1843,CNY,11,2026-05-16,"2026-07-16 13:58:28"
5400,1,450,5,322.9628,CNY,12,2026-06-16,"2026-07-16 13:58:28"
5401,1,451,1,263.2675,USD,1,2025-07-16,"2026-07-16 13:58:28"
5402,1,451,1,309.4338,USD,2,2025-08-16,"2026-07-16 13:58:28"
5403,1,451,1,298.9688,USD,3,2025-09-16,"2026-07-16 13:58:28"
5404,1,451,1,271.6027,USD,4,2025-10-16,"2026-07-16 13:58:28"
5405,1,451,1,283.5368,USD,5,2025-11-16,"2026-07-16 13:58:28"
5406,1,451,1,304.0729,USD,6,2025-12-16,"2026-07-16 13:58:28"
5407,1,451,1,307.9618,USD,7,2026-01-16,"2026-07-16 13:58:28"
5408,1,451,1,282.0884,USD,8,2026-02-16,"2026-07-16 13:58:28"
5409,1,451,1,296.0786,USD,9,2026-03-16,"2026-07-16 13:58:28"
5410,1,451,1,300.4762,USD,10,2026-04-16,"2026-07-16 13:58:28"
5411,1,451,1,256.2217,USD,11,2026-05-16,"2026-07-16 13:58:28"
5412,1,451,1,268.0007,USD,12,2026-06-16,"2026-07-16 13:58:28"
5413,1,452,8,20.7185,CNY,1,2025-07-16,"2026-07-16 13:58:28"
5414,1,452,8,21.165,CNY,2,2025-08-16,"2026-07-16 13:58:28"
5415,1,452,8,20.5891,CNY,3,2025-09-16,"2026-07-16 13:58:28"
5416,1,452,8,19.0365,CNY,4,2025-10-16,"2026-07-16 13:58:28"
5417,1,452,8,20.9186,CNY,5,2025-11-16,"2026-07-16 13:58:28"
5418,1,452,8,19.2797,CNY,6,2025-12-16,"2026-07-16 13:58:28"
5419,1,452,8,19.981,CNY,7,2026-01-16,"2026-07-16 13:58:28"
5420,1,452,8,20.2812,CNY,8,2026-02-16,"2026-07-16 13:58:28"
5421,1,452,8,21.6119,CNY,9,2026-03-16,"2026-07-16 13:58:28"
5422,1,452,8,17.9963,CNY,10,2026-04-16,"2026-07-16 13:58:28"
5423,1,452,8,18.6352,CNY,11,2026-05-16,"2026-07-16 13:58:28"
5424,1,452,8,18.5662,CNY,12,2026-06-16,"2026-07-16 13:58:28"
5425,1,453,19,282.5721,CNY,1,2025-07-16,"2026-07-16 13:58:28"
5426,1,453,19,330.9055,CNY,2,2025-08-16,"2026-07-16 13:58:28"
5427,1,453,19,278.4121,CNY,3,2025-09-16,"2026-07-16 13:58:28"
5428,1,453,19,315.9476,CNY,4,2025-10-16,"2026-07-16 13:58:28"
5429,1,453,19,328.1962,CNY,5,2025-11-16,"2026-07-16 13:58:28"
5430,1,453,19,299.9463,CNY,6,2025-12-16,"2026-07-16 13:58:28"
5431,1,453,19,319.2045,CNY,7,2026-01-16,"2026-07-16 13:58:28"
5432,1,453,19,334.4841,CNY,8,2026-02-16,"2026-07-16 13:58:28"
5433,1,453,19,315.3615,CNY,9,2026-03-16,"2026-07-16 13:58:28"
5434,1,453,19,294.9292,CNY,10,2026-04-16,"2026-07-16 13:58:28"
5435,1,453,19,314.1237,CNY,11,2026-05-16,"2026-07-16 13:58:28"
5436,1,453,19,292.5538,CNY,12,2026-06-16,"2026-07-16 13:58:28"
5437,1,454,2,228.156,CNY,1,2025-07-16,"2026-07-16 13:58:28"
5438,1,454,2,235.4298,CNY,2,2025-08-16,"2026-07-16 13:58:28"
5439,1,454,2,258.1475,CNY,3,2025-09-16,"2026-07-16 13:58:28"
5440,1,454,2,229.4857,CNY,4,2025-10-16,"2026-07-16 13:58:28"
5441,1,454,2,228.8186,CNY,5,2025-11-16,"2026-07-16 13:58:28"
5442,1,454,2,256.6719,CNY,6,2025-12-16,"2026-07-16 13:58:28"
5443,1,454,2,226.123,CNY,7,2026-01-16,"2026-07-16 13:58:28"
5444,1,454,2,261.7318,CNY,8,2026-02-16,"2026-07-16 13:58:28"
5445,1,454,2,226.3656,CNY,9,2026-03-16,"2026-07-16 13:58:28"
5446,1,454,2,235.5647,CNY,10,2026-04-16,"2026-07-16 13:58:28"
5447,1,454,2,243.9587,CNY,11,2026-05-16,"2026-07-16 13:58:28"
5448,1,454,2,231.6424,CNY,12,2026-06-16,"2026-07-16 13:58:28"
5449,1,455,5,768.4664,CNY,1,2025-07-16,"2026-07-16 13:58:28"
5450,1,455,5,762.4135,CNY,2,2025-08-16,"2026-07-16 13:58:28"
5451,1,455,5,755.9069,CNY,3,2025-09-16,"2026-07-16 13:58:28"
5452,1,455,5,716.9412,CNY,4,2025-10-16,"2026-07-16 13:58:28"
5453,1,455,5,769.5759,CNY,5,2025-11-16,"2026-07-16 13:58:28"
5454,1,455,5,683.5243,CNY,6,2025-12-16,"2026-07-16 13:58:28"
5455,1,455,5,694.2128,CNY,7,2026-01-16,"2026-07-16 13:58:28"
5456,1,455,5,714.8158,CNY,8,2026-02-16,"2026-07-16 13:58:28"
5457,1,455,5,736.2165,CNY,9,2026-03-16,"2026-07-16 13:58:28"
5458,1,455,5,680.6853,CNY,10,2026-04-16,"2026-07-16 13:58:28"
5459,1,455,5,670.2246,CNY,11,2026-05-16,"2026-07-16 13:58:28"
5460,1,455,5,798.1923,CNY,12,2026-06-16,"2026-07-16 13:58:28"
5461,1,456,20,47.2887,CNY,1,2025-07-16,"2026-07-16 13:58:28"
5462,1,456,20,49.6909,CNY,2,2025-08-16,"2026-07-16 13:58:28"
5463,1,456,20,52.2385,CNY,3,2025-09-16,"2026-07-16 13:58:28"
5464,1,456,20,55.8626,CNY,4,2025-10-16,"2026-07-16 13:58:28"
5465,1,456,20,54.7028,CNY,5,2025-11-16,"2026-07-16 13:58:28"
5466,1,456,20,54.8104,CNY,6,2025-12-16,"2026-07-16 13:58:28"
5467,1,456,20,49.7406,CNY,7,2026-01-16,"2026-07-16 13:58:28"
5468,1,456,20,46.7343,CNY,8,2026-02-16,"2026-07-16 13:58:28"
5469,1,456,20,52.9048,CNY,9,2026-03-16,"2026-07-16 13:58:28"
5470,1,456,20,52.1743,CNY,10,2026-04-16,"2026-07-16 13:58:28"
5471,1,456,20,55.8979,CNY,11,2026-05-16,"2026-07-16 13:58:28"
5472,1,456,20,56.4241,CNY,12,2026-06-16,"2026-07-16 13:58:28"
5473,1,457,6,712.3965,CNY,1,2025-07-16,"2026-07-16 13:58:28"
5474,1,457,6,842.7075,CNY,2,2025-08-16,"2026-07-16 13:58:28"
5475,1,457,6,814.5071,CNY,3,2025-09-16,"2026-07-16 13:58:28"
5476,1,457,6,758.0955,CNY,4,2025-10-16,"2026-07-16 13:58:28"
5477,1,457,6,801.8527,CNY,5,2025-11-16,"2026-07-16 13:58:28"
5478,1,457,6,702.0471,CNY,6,2025-12-16,"2026-07-16 13:58:28"
5479,1,457,6,808.919,CNY,7,2026-01-16,"2026-07-16 13:58:28"
5480,1,457,6,841.1157,CNY,8,2026-02-16,"2026-07-16 13:58:28"
5481,1,457,6,759.6173,CNY,9,2026-03-16,"2026-07-16 13:58:28"
5482,1,457,6,847.4196,CNY,10,2026-04-16,"2026-07-16 13:58:28"
5483,1,457,6,711.261,CNY,11,2026-05-16,"2026-07-16 13:58:28"
5484,1,457,6,713.2881,CNY,12,2026-06-16,"2026-07-16 13:58:28"
5485,1,458,5,435.4054,CNY,1,2025-07-16,"2026-07-16 13:58:28"
5486,1,458,5,371.3872,CNY,2,2025-08-16,"2026-07-16 13:58:28"
5487,1,458,5,435.0966,CNY,3,2025-09-16,"2026-07-16 13:58:28"
5488,1,458,5,363.5231,CNY,4,2025-10-16,"2026-07-16 13:58:28"
5489,1,458,5,383.6862,CNY,5,2025-11-16,"2026-07-16 13:58:28"
5490,1,458,5,379.0945,CNY,6,2025-12-16,"2026-07-16 13:58:28"
5491,1,458,5,418.4601,CNY,7,2026-01-16,"2026-07-16 13:58:28"
5492,1,458,5,428.3573,CNY,8,2026-02-16,"2026-07-16 13:58:28"
5493,1,458,5,392.2657,CNY,9,2026-03-16,"2026-07-16 13:58:28"
5494,1,458,5,395.3606,CNY,10,2026-04-16,"2026-07-16 13:58:28"
5495,1,458,5,385.3383,CNY,11,2026-05-16,"2026-07-16 13:58:28"
5496,1,458,5,405.2684,CNY,12,2026-06-16,"2026-07-16 13:58:28"
5497,1,459,16,809.2317,CNY,1,2025-07-16,"2026-07-16 13:58:28"
5498,1,459,16,843.5777,CNY,2,2025-08-16,"2026-07-16 13:58:28"
5499,1,459,16,793.562,CNY,3,2025-09-16,"2026-07-16 13:58:28"
5500,1,459,16,814.2009,CNY,4,2025-10-16,"2026-07-16 13:58:28"
5501,1,459,16,959.7926,CNY,5,2025-11-16,"2026-07-16 13:58:28"
5502,1,459,16,800.614,CNY,6,2025-12-16,"2026-07-16 13:58:28"
5503,1,459,16,808.3184,CNY,7,2026-01-16,"2026-07-16 13:58:28"
5504,1,459,16,901.2657,CNY,8,2026-02-16,"2026-07-16 13:58:28"
5505,1,459,16,841.7249,CNY,9,2026-03-16,"2026-07-16 13:58:28"
5506,1,459,16,807.8627,CNY,10,2026-04-16,"2026-07-16 13:58:28"
5507,1,459,16,851.3829,CNY,11,2026-05-16,"2026-07-16 13:58:28"
5508,1,459,16,855.8319,CNY,12,2026-06-16,"2026-07-16 13:58:28"
5509,1,460,20,170.1284,CNY,1,2025-07-16,"2026-07-16 13:58:28"
5510,1,460,20,175.9273,CNY,2,2025-08-16,"2026-07-16 13:58:28"
5511,1,460,20,173.7317,CNY,3,2025-09-16,"2026-07-16 13:58:28"
5512,1,460,20,158.8058,CNY,4,2025-10-16,"2026-07-16 13:58:28"
5513,1,460,20,165.6428,CNY,5,2025-11-16,"2026-07-16 13:58:28"
5514,1,460,20,171.0969,CNY,6,2025-12-16,"2026-07-16 13:58:28"
5515,1,460,20,179.2133,CNY,7,2026-01-16,"2026-07-16 13:58:28"
5516,1,460,20,171.9298,CNY,8,2026-02-16,"2026-07-16 13:58:28"
5517,1,460,20,177.5102,CNY,9,2026-03-16,"2026-07-16 13:58:28"
5518,1,460,20,147.6436,CNY,10,2026-04-16,"2026-07-16 13:58:28"
5519,1,460,20,157.3304,CNY,11,2026-05-16,"2026-07-16 13:58:28"
5520,1,460,20,148.0637,CNY,12,2026-06-16,"2026-07-16 13:58:28"
5521,1,461,19,288.2875,CNY,1,2025-07-16,"2026-07-16 13:58:28"
5522,1,461,19,307.7081,CNY,2,2025-08-16,"2026-07-16 13:58:28"
5523,1,461,19,272.5467,CNY,3,2025-09-16,"2026-07-16 13:58:28"
5524,1,461,19,300.7062,CNY,4,2025-10-16,"2026-07-16 13:58:28"
5525,1,461,19,312.2427,CNY,5,2025-11-16,"2026-07-16 13:58:28"
5526,1,461,19,307.8752,CNY,6,2025-12-16,"2026-07-16 13:58:28"
5527,1,461,19,266.8588,CNY,7,2026-01-16,"2026-07-16 13:58:28"
5528,1,461,19,279.2738,CNY,8,2026-02-16,"2026-07-16 13:58:28"
5529,1,461,19,275.9103,CNY,9,2026-03-16,"2026-07-16 13:58:28"
5530,1,461,19,274.0023,CNY,10,2026-04-16,"2026-07-16 13:58:28"
5531,1,461,19,313.5317,CNY,11,2026-05-16,"2026-07-16 13:58:28"
5532,1,461,19,293.7558,CNY,12,2026-06-16,"2026-07-16 13:58:28"
5533,1,462,20,650.6801,USD,1,2025-07-16,"2026-07-16 13:58:28"
5534,1,462,20,617.1312,USD,2,2025-08-16,"2026-07-16 13:58:28"
5535,1,462,20,658.1883,USD,3,2025-09-16,"2026-07-16 13:58:28"
5536,1,462,20,631.5659,USD,4,2025-10-16,"2026-07-16 13:58:28"
5537,1,462,20,636.6012,USD,5,2025-11-16,"2026-07-16 13:58:28"
5538,1,462,20,599.7978,USD,6,2025-12-16,"2026-07-16 13:58:28"
5539,1,462,20,638.322,USD,7,2026-01-16,"2026-07-16 13:58:28"
5540,1,462,20,615.9592,USD,8,2026-02-16,"2026-07-16 13:58:28"
5541,1,462,20,567.3751,USD,9,2026-03-16,"2026-07-16 13:58:28"
5542,1,462,20,546.3192,USD,10,2026-04-16,"2026-07-16 13:58:28"
5543,1,462,20,560.8671,USD,11,2026-05-16,"2026-07-16 13:58:28"
5544,1,462,20,611.6985,USD,12,2026-06-16,"2026-07-16 13:58:28"
5545,1,463,3,87.6529,CNY,1,2025-07-16,"2026-07-16 13:58:28"
5546,1,463,3,102.5501,CNY,2,2025-08-16,"2026-07-16 13:58:28"
5547,1,463,3,101.2878,CNY,3,2025-09-16,"2026-07-16 13:58:28"
5548,1,463,3,106.1327,CNY,4,2025-10-16,"2026-07-16 13:58:28"
5549,1,463,3,100.3557,CNY,5,2025-11-16,"2026-07-16 13:58:28"
5550,1,463,3,98.7579,CNY,6,2025-12-16,"2026-07-16 13:58:28"
5551,1,463,3,91.5398,CNY,7,2026-01-16,"2026-07-16 13:58:28"
5552,1,463,3,97.1718,CNY,8,2026-02-16,"2026-07-16 13:58:28"
5553,1,463,3,89.2232,CNY,9,2026-03-16,"2026-07-16 13:58:28"
5554,1,463,3,105.445,CNY,10,2026-04-16,"2026-07-16 13:58:28"
5555,1,463,3,99.6158,CNY,11,2026-05-16,"2026-07-16 13:58:28"
5556,1,463,3,98.9549,CNY,12,2026-06-16,"2026-07-16 13:58:28"
5557,1,464,4,533.1753,CNY,1,2025-07-16,"2026-07-16 13:58:28"
5558,1,464,4,545.1418,CNY,2,2025-08-16,"2026-07-16 13:58:28"
5559,1,464,4,599.6982,CNY,3,2025-09-16,"2026-07-16 13:58:28"
5560,1,464,4,618.4508,CNY,4,2025-10-16,"2026-07-16 13:58:28"
5561,1,464,4,524.5625,CNY,5,2025-11-16,"2026-07-16 13:58:28"
5562,1,464,4,589.3041,CNY,6,2025-12-16,"2026-07-16 13:58:28"
5563,1,464,4,519.0225,CNY,7,2026-01-16,"2026-07-16 13:58:28"
5564,1,464,4,574.5407,CNY,8,2026-02-16,"2026-07-16 13:58:28"
5565,1,464,4,524.4462,CNY,9,2026-03-16,"2026-07-16 13:58:28"
5566,1,464,4,604.76,CNY,10,2026-04-16,"2026-07-16 13:58:28"
5567,1,464,4,580.7671,CNY,11,2026-05-16,"2026-07-16 13:58:28"
5568,1,464,4,526.2638,CNY,12,2026-06-16,"2026-07-16 13:58:28"
5569,1,465,13,830.1629,CNY,1,2025-07-16,"2026-07-16 13:58:28"
5570,1,465,13,963.6309,CNY,2,2025-08-16,"2026-07-16 13:58:28"
5571,1,465,13,818.616,CNY,3,2025-09-16,"2026-07-16 13:58:28"
5572,1,465,13,890.3308,CNY,4,2025-10-16,"2026-07-16 13:58:28"
5573,1,465,13,818.7171,CNY,5,2025-11-16,"2026-07-16 13:58:28"
5574,1,465,13,801.7425,CNY,6,2025-12-16,"2026-07-16 13:58:28"
5575,1,465,13,930.0745,CNY,7,2026-01-16,"2026-07-16 13:58:28"
5576,1,465,13,911.0026,CNY,8,2026-02-16,"2026-07-16 13:58:28"
5577,1,465,13,839.0083,CNY,9,2026-03-16,"2026-07-16 13:58:28"
5578,1,465,13,854.4557,CNY,10,2026-04-16,"2026-07-16 13:58:28"
5579,1,465,13,905.7121,CNY,11,2026-05-16,"2026-07-16 13:58:28"
5580,1,465,13,805.3675,CNY,12,2026-06-16,"2026-07-16 13:58:28"
5581,1,466,16,794.0723,CNY,1,2025-07-16,"2026-07-16 13:58:28"
5582,1,466,16,693.9812,CNY,2,2025-08-16,"2026-07-16 13:58:28"
5583,1,466,16,729.8067,CNY,3,2025-09-16,"2026-07-16 13:58:28"
5584,1,466,16,739.3769,CNY,4,2025-10-16,"2026-07-16 13:58:28"
5585,1,466,16,787.1841,CNY,5,2025-11-16,"2026-07-16 13:58:28"
5586,1,466,16,789.2756,CNY,6,2025-12-16,"2026-07-16 13:58:28"
5587,1,466,16,779.7413,CNY,7,2026-01-16,"2026-07-16 13:58:28"
5588,1,466,16,686.8223,CNY,8,2026-02-16,"2026-07-16 13:58:28"
5589,1,466,16,815.9903,CNY,9,2026-03-16,"2026-07-16 13:58:28"
5590,1,466,16,810.2838,CNY,10,2026-04-16,"2026-07-16 13:58:28"
5591,1,466,16,809.8092,CNY,11,2026-05-16,"2026-07-16 13:58:28"
5592,1,466,16,702.4085,CNY,12,2026-06-16,"2026-07-16 13:58:28"
5593,1,467,3,538.644,CNY,1,2025-07-16,"2026-07-16 13:58:28"
5594,1,467,3,519.6407,CNY,2,2025-08-16,"2026-07-16 13:58:28"
5595,1,467,3,588.9671,CNY,3,2025-09-16,"2026-07-16 13:58:28"
5596,1,467,3,535.7657,CNY,4,2025-10-16,"2026-07-16 13:58:28"
5597,1,467,3,572.2131,CNY,5,2025-11-16,"2026-07-16 13:58:28"
5598,1,467,3,565.838,CNY,6,2025-12-16,"2026-07-16 13:58:28"
5599,1,467,3,542.7391,CNY,7,2026-01-16,"2026-07-16 13:58:28"
5600,1,467,3,497.3932,CNY,8,2026-02-16,"2026-07-16 13:58:28"
5601,1,467,3,495.2979,CNY,9,2026-03-16,"2026-07-16 13:58:28"
5602,1,467,3,563.9656,CNY,10,2026-04-16,"2026-07-16 13:58:28"
5603,1,467,3,539.7512,CNY,11,2026-05-16,"2026-07-16 13:58:28"
5604,1,467,3,563.0828,CNY,12,2026-06-16,"2026-07-16 13:58:28"
5605,1,468,13,533.5966,CNY,1,2025-07-16,"2026-07-16 13:58:28"
5606,1,468,13,494.9033,CNY,2,2025-08-16,"2026-07-16 13:58:28"
5607,1,468,13,552.0261,CNY,3,2025-09-16,"2026-07-16 13:58:28"
5608,1,468,13,470.5795,CNY,4,2025-10-16,"2026-07-16 13:58:28"
5609,1,468,13,468.7435,CNY,5,2025-11-16,"2026-07-16 13:58:28"
5610,1,468,13,516.1955,CNY,6,2025-12-16,"2026-07-16 13:58:28"
5611,1,468,13,544.7332,CNY,7,2026-01-16,"2026-07-16 13:58:28"
5612,1,468,13,517.4871,CNY,8,2026-02-16,"2026-07-16 13:58:28"
5613,1,468,13,552.0281,CNY,9,2026-03-16,"2026-07-16 13:58:28"
5614,1,468,13,558.5269,CNY,10,2026-04-16,"2026-07-16 13:58:28"
5615,1,468,13,514.0175,CNY,11,2026-05-16,"2026-07-16 13:58:28"
5616,1,468,13,553.3364,CNY,12,2026-06-16,"2026-07-16 13:58:28"
5617,1,469,13,167.5627,CNY,1,2025-07-16,"2026-07-16 13:58:28"
5618,1,469,13,147.0834,CNY,2,2025-08-16,"2026-07-16 13:58:28"
5619,1,469,13,158.192,CNY,3,2025-09-16,"2026-07-16 13:58:28"
5620,1,469,13,148.077,CNY,4,2025-10-16,"2026-07-16 13:58:28"
5621,1,469,13,169.669,CNY,5,2025-11-16,"2026-07-16 13:58:28"
5622,1,469,13,152.8537,CNY,6,2025-12-16,"2026-07-16 13:58:28"
5623,1,469,13,146.3928,CNY,7,2026-01-16,"2026-07-16 13:58:28"
5624,1,469,13,153.9201,CNY,8,2026-02-16,"2026-07-16 13:58:28"
5625,1,469,13,141.5086,CNY,9,2026-03-16,"2026-07-16 13:58:28"
5626,1,469,13,154.1475,CNY,10,2026-04-16,"2026-07-16 13:58:28"
5627,1,469,13,152.3339,CNY,11,2026-05-16,"2026-07-16 13:58:28"
5628,1,469,13,144.3048,CNY,12,2026-06-16,"2026-07-16 13:58:28"
5629,1,470,16,300.8635,CNY,1,2025-07-16,"2026-07-16 13:58:28"
5630,1,470,16,303.7196,CNY,2,2025-08-16,"2026-07-16 13:58:28"
5631,1,470,16,323.0661,CNY,3,2025-09-16,"2026-07-16 13:58:28"
5632,1,470,16,322.4439,CNY,4,2025-10-16,"2026-07-16 13:58:28"
5633,1,470,16,310.645,CNY,5,2025-11-16,"2026-07-16 13:58:28"
5634,1,470,16,334.7768,CNY,6,2025-12-16,"2026-07-16 13:58:28"
5635,1,470,16,316.9929,CNY,7,2026-01-16,"2026-07-16 13:58:28"
5636,1,470,16,327.8426,CNY,8,2026-02-16,"2026-07-16 13:58:28"
5637,1,470,16,298.9885,CNY,9,2026-03-16,"2026-07-16 13:58:28"
5638,1,470,16,328.5493,CNY,10,2026-04-16,"2026-07-16 13:58:28"
5639,1,470,16,336.6555,CNY,11,2026-05-16,"2026-07-16 13:58:28"
5640,1,470,16,342.4457,CNY,12,2026-06-16,"2026-07-16 13:58:28"
5641,1,471,11,76.886,CNY,1,2025-07-16,"2026-07-16 13:58:28"
5642,1,471,11,69.361,CNY,2,2025-08-16,"2026-07-16 13:58:28"
5643,1,471,11,71.3567,CNY,3,2025-09-16,"2026-07-16 13:58:28"
5644,1,471,11,76.8753,CNY,4,2025-10-16,"2026-07-16 13:58:28"
5645,1,471,11,76.9606,CNY,5,2025-11-16,"2026-07-16 13:58:28"
5646,1,471,11,68.7463,CNY,6,2025-12-16,"2026-07-16 13:58:28"
5647,1,471,11,66.7448,CNY,7,2026-01-16,"2026-07-16 13:58:28"
5648,1,471,11,69.8216,CNY,8,2026-02-16,"2026-07-16 13:58:28"
5649,1,471,11,75.4605,CNY,9,2026-03-16,"2026-07-16 13:58:28"
5650,1,471,11,66.9932,CNY,10,2026-04-16,"2026-07-16 13:58:28"
5651,1,471,11,72.0098,CNY,11,2026-05-16,"2026-07-16 13:58:28"
5652,1,471,11,77.5673,CNY,12,2026-06-16,"2026-07-16 13:58:28"
5653,1,472,13,749.808,CNY,1,2025-07-16,"2026-07-16 13:58:28"
5654,1,472,13,752.3069,CNY,2,2025-08-16,"2026-07-16 13:58:28"
5655,1,472,13,798.616,CNY,3,2025-09-16,"2026-07-16 13:58:28"
5656,1,472,13,766.6313,CNY,4,2025-10-16,"2026-07-16 13:58:28"
5657,1,472,13,806.8663,CNY,5,2025-11-16,"2026-07-16 13:58:28"
5658,1,472,13,734.3041,CNY,6,2025-12-16,"2026-07-16 13:58:28"
5659,1,472,13,746.9711,CNY,7,2026-01-16,"2026-07-16 13:58:28"
5660,1,472,13,795.9761,CNY,8,2026-02-16,"2026-07-16 13:58:28"
5661,1,472,13,738.8276,CNY,9,2026-03-16,"2026-07-16 13:58:28"
5662,1,472,13,773.4041,CNY,10,2026-04-16,"2026-07-16 13:58:28"
5663,1,472,13,757.832,CNY,11,2026-05-16,"2026-07-16 13:58:28"
5664,1,472,13,785.6171,CNY,12,2026-06-16,"2026-07-16 13:58:28"
5665,1,473,14,408.4922,CNY,1,2025-07-16,"2026-07-16 13:58:28"
5666,1,473,14,367.7672,CNY,2,2025-08-16,"2026-07-16 13:58:28"
5667,1,473,14,431.1635,CNY,3,2025-09-16,"2026-07-16 13:58:28"
5668,1,473,14,418.3307,CNY,4,2025-10-16,"2026-07-16 13:58:28"
5669,1,473,14,405.5814,CNY,5,2025-11-16,"2026-07-16 13:58:28"
5670,1,473,14,362.722,CNY,6,2025-12-16,"2026-07-16 13:58:28"
5671,1,473,14,411.2884,CNY,7,2026-01-16,"2026-07-16 13:58:28"
5672,1,473,14,401.3618,CNY,8,2026-02-16,"2026-07-16 13:58:28"
5673,1,473,14,435.6451,CNY,9,2026-03-16,"2026-07-16 13:58:28"
5674,1,473,14,364.6402,CNY,10,2026-04-16,"2026-07-16 13:58:28"
5675,1,473,14,439.8986,CNY,11,2026-05-16,"2026-07-16 13:58:28"
5676,1,473,14,426.2781,CNY,12,2026-06-16,"2026-07-16 13:58:28"
5677,1,474,7,695.2387,CNY,1,2025-07-16,"2026-07-16 13:58:28"
5678,1,474,7,666.0287,CNY,2,2025-08-16,"2026-07-16 13:58:28"
5679,1,474,7,713.2097,CNY,3,2025-09-16,"2026-07-16 13:58:28"
5680,1,474,7,649.2484,CNY,4,2025-10-16,"2026-07-16 13:58:28"
5681,1,474,7,614.8863,CNY,5,2025-11-16,"2026-07-16 13:58:28"
5682,1,474,7,629.2109,CNY,6,2025-12-16,"2026-07-16 13:58:28"
5683,1,474,7,600.9416,CNY,7,2026-01-16,"2026-07-16 13:58:28"
5684,1,474,7,668.6082,CNY,8,2026-02-16,"2026-07-16 13:58:28"
5685,1,474,7,693.1343,CNY,9,2026-03-16,"2026-07-16 13:58:28"
5686,1,474,7,724.8406,CNY,10,2026-04-16,"2026-07-16 13:58:28"
5687,1,474,7,655.8458,CNY,11,2026-05-16,"2026-07-16 13:58:28"
5688,1,474,7,676.5492,CNY,12,2026-06-16,"2026-07-16 13:58:28"
5689,1,475,6,129.0167,CNY,1,2025-07-16,"2026-07-16 13:58:28"
5690,1,475,6,130.6176,CNY,2,2025-08-16,"2026-07-16 13:58:28"
5691,1,475,6,130.3718,CNY,3,2025-09-16,"2026-07-16 13:58:28"
5692,1,475,6,126.0985,CNY,4,2025-10-16,"2026-07-16 13:58:28"
5693,1,475,6,126.9882,CNY,5,2025-11-16,"2026-07-16 13:58:28"
5694,1,475,6,123.3927,CNY,6,2025-12-16,"2026-07-16 13:58:28"
5695,1,475,6,113.2379,CNY,7,2026-01-16,"2026-07-16 13:58:28"
5696,1,475,6,115.9354,CNY,8,2026-02-16,"2026-07-16 13:58:28"
5697,1,475,6,115.1607,CNY,9,2026-03-16,"2026-07-16 13:58:28"
5698,1,475,6,129.5813,CNY,10,2026-04-16,"2026-07-16 13:58:28"
5699,1,475,6,132.3055,CNY,11,2026-05-16,"2026-07-16 13:58:28"
5700,1,475,6,135.8235,CNY,12,2026-06-16,"2026-07-16 13:58:28"
5701,1,476,10,716.1828,CNY,1,2025-07-16,"2026-07-16 13:58:28"
5702,1,476,10,741.6514,CNY,2,2025-08-16,"2026-07-16 13:58:28"
5703,1,476,10,704.5042,CNY,3,2025-09-16,"2026-07-16 13:58:28"
5704,1,476,10,726.9844,CNY,4,2025-10-16,"2026-07-16 13:58:28"
5705,1,476,10,761.6524,CNY,5,2025-11-16,"2026-07-16 13:58:28"
5706,1,476,10,778.7616,CNY,6,2025-12-16,"2026-07-16 13:58:28"
5707,1,476,10,753.6001,CNY,7,2026-01-16,"2026-07-16 13:58:28"
5708,1,476,10,650.2405,CNY,8,2026-02-16,"2026-07-16 13:58:28"
5709,1,476,10,719.7198,CNY,9,2026-03-16,"2026-07-16 13:58:28"
5710,1,476,10,784.9453,CNY,10,2026-04-16,"2026-07-16 13:58:28"
5711,1,476,10,725.9984,CNY,11,2026-05-16,"2026-07-16 13:58:28"
5712,1,476,10,723.1617,CNY,12,2026-06-16,"2026-07-16 13:58:28"
5713,1,477,15,131.3989,CNY,1,2025-07-16,"2026-07-16 13:58:28"
5714,1,477,15,133.9013,CNY,2,2025-08-16,"2026-07-16 13:58:28"
5715,1,477,15,126.372,CNY,3,2025-09-16,"2026-07-16 13:58:28"
5716,1,477,15,134.9356,CNY,4,2025-10-16,"2026-07-16 13:58:28"
5717,1,477,15,131.37,CNY,5,2025-11-16,"2026-07-16 13:58:28"
5718,1,477,15,128.0265,CNY,6,2025-12-16,"2026-07-16 13:58:28"
5719,1,477,15,123.7405,CNY,7,2026-01-16,"2026-07-16 13:58:28"
5720,1,477,15,125.7716,CNY,8,2026-02-16,"2026-07-16 13:58:28"
5721,1,477,15,140.3184,CNY,9,2026-03-16,"2026-07-16 13:58:28"
5722,1,477,15,129.964,CNY,10,2026-04-16,"2026-07-16 13:58:28"
5723,1,477,15,140.3891,CNY,11,2026-05-16,"2026-07-16 13:58:28"
5724,1,477,15,131.6,CNY,12,2026-06-16,"2026-07-16 13:58:28"
5725,1,478,15,711.2567,CNY,1,2025-07-16,"2026-07-16 13:58:28"
5726,1,478,15,698.2107,CNY,2,2025-08-16,"2026-07-16 13:58:28"
5727,1,478,15,673.9944,CNY,3,2025-09-16,"2026-07-16 13:58:28"
5728,1,478,15,800.4059,CNY,4,2025-10-16,"2026-07-16 13:58:28"
5729,1,478,15,733.5212,CNY,5,2025-11-16,"2026-07-16 13:58:28"
5730,1,478,15,777.7091,CNY,6,2025-12-16,"2026-07-16 13:58:28"
5731,1,478,15,691.8506,CNY,7,2026-01-16,"2026-07-16 13:58:28"
5732,1,478,15,744.0982,CNY,8,2026-02-16,"2026-07-16 13:58:28"
5733,1,478,15,731.8014,CNY,9,2026-03-16,"2026-07-16 13:58:28"
5734,1,478,15,730.1426,CNY,10,2026-04-16,"2026-07-16 13:58:28"
5735,1,478,15,792.1547,CNY,11,2026-05-16,"2026-07-16 13:58:28"
5736,1,478,15,760.3075,CNY,12,2026-06-16,"2026-07-16 13:58:28"
5737,1,479,12,191.7372,CNY,1,2025-07-16,"2026-07-16 13:58:28"
5738,1,479,12,191.3787,CNY,2,2025-08-16,"2026-07-16 13:58:28"
5739,1,479,12,173.8359,CNY,3,2025-09-16,"2026-07-16 13:58:28"
5740,1,479,12,195.4308,CNY,4,2025-10-16,"2026-07-16 13:58:28"
5741,1,479,12,169.2894,CNY,5,2025-11-16,"2026-07-16 13:58:28"
5742,1,479,12,169.8257,CNY,6,2025-12-16,"2026-07-16 13:58:28"
5743,1,479,12,184.8337,CNY,7,2026-01-16,"2026-07-16 13:58:28"
5744,1,479,12,168.9944,CNY,8,2026-02-16,"2026-07-16 13:58:28"
5745,1,479,12,162.2245,CNY,9,2026-03-16,"2026-07-16 13:58:28"
5746,1,479,12,178.2172,CNY,10,2026-04-16,"2026-07-16 13:58:28"
5747,1,479,12,173.0744,CNY,11,2026-05-16,"2026-07-16 13:58:28"
5748,1,479,12,176.6829,CNY,12,2026-06-16,"2026-07-16 13:58:28"
5749,1,480,5,604.216,CNY,1,2025-07-16,"2026-07-16 13:58:28"
5750,1,480,5,657.0324,CNY,2,2025-08-16,"2026-07-16 13:58:28"
5751,1,480,5,577.1982,CNY,3,2025-09-16,"2026-07-16 13:58:28"
5752,1,480,5,559.3059,CNY,4,2025-10-16,"2026-07-16 13:58:28"
5753,1,480,5,617.9757,CNY,5,2025-11-16,"2026-07-16 13:58:28"
5754,1,480,5,579.1669,CNY,6,2025-12-16,"2026-07-16 13:58:28"
5755,1,480,5,596.7106,CNY,7,2026-01-16,"2026-07-16 13:58:28"
5756,1,480,5,565.8121,CNY,8,2026-02-16,"2026-07-16 13:58:28"
5757,1,480,5,572.5564,CNY,9,2026-03-16,"2026-07-16 13:58:28"
5758,1,480,5,579.999,CNY,10,2026-04-16,"2026-07-16 13:58:28"
5759,1,480,5,567.1611,CNY,11,2026-05-16,"2026-07-16 13:58:28"
5760,1,480,5,656.2442,CNY,12,2026-06-16,"2026-07-16 13:58:28"
5761,1,481,2,685.9001,CNY,1,2025-07-16,"2026-07-16 13:58:28"
5762,1,481,2,730.6762,CNY,2,2025-08-16,"2026-07-16 13:58:28"
5763,1,481,2,690.3596,CNY,3,2025-09-16,"2026-07-16 13:58:28"
5764,1,481,2,703.51,CNY,4,2025-10-16,"2026-07-16 13:58:28"
5765,1,481,2,668.1185,CNY,5,2025-11-16,"2026-07-16 13:58:28"
5766,1,481,2,721.8212,CNY,6,2025-12-16,"2026-07-16 13:58:28"
5767,1,481,2,609.4981,CNY,7,2026-01-16,"2026-07-16 13:58:28"
5768,1,481,2,714.4932,CNY,8,2026-02-16,"2026-07-16 13:58:28"
5769,1,481,2,670.9275,CNY,9,2026-03-16,"2026-07-16 13:58:28"
5770,1,481,2,619.389,CNY,10,2026-04-16,"2026-07-16 13:58:28"
5771,1,481,2,692.8639,CNY,11,2026-05-16,"2026-07-16 13:58:28"
5772,1,481,2,606.2988,CNY,12,2026-06-16,"2026-07-16 13:58:28"
5773,1,482,9,41.0922,CNY,1,2025-07-16,"2026-07-16 13:58:28"
5774,1,482,9,42.936,CNY,2,2025-08-16,"2026-07-16 13:58:28"
5775,1,482,9,41.3445,CNY,3,2025-09-16,"2026-07-16 13:58:28"
5776,1,482,9,41.8923,CNY,4,2025-10-16,"2026-07-16 13:58:28"
5777,1,482,9,46.491,CNY,5,2025-11-16,"2026-07-16 13:58:28"
5778,1,482,9,46.3654,CNY,6,2025-12-16,"2026-07-16 13:58:28"
5779,1,482,9,41.6414,CNY,7,2026-01-16,"2026-07-16 13:58:28"
5780,1,482,9,38.7091,CNY,8,2026-02-16,"2026-07-16 13:58:28"
5781,1,482,9,46.2715,CNY,9,2026-03-16,"2026-07-16 13:58:28"
5782,1,482,9,44.2915,CNY,10,2026-04-16,"2026-07-16 13:58:28"
5783,1,482,9,42.0079,CNY,11,2026-05-16,"2026-07-16 13:58:28"
5784,1,482,9,44.0958,CNY,12,2026-06-16,"2026-07-16 13:58:28"
5785,1,483,14,133.0052,CNY,1,2025-07-16,"2026-07-16 13:58:28"
5786,1,483,14,150.0289,CNY,2,2025-08-16,"2026-07-16 13:58:28"
5787,1,483,14,128.6854,CNY,3,2025-09-16,"2026-07-16 13:58:28"
5788,1,483,14,138.7396,CNY,4,2025-10-16,"2026-07-16 13:58:28"
5789,1,483,14,148.5598,CNY,5,2025-11-16,"2026-07-16 13:58:28"
5790,1,483,14,135.4256,CNY,6,2025-12-16,"2026-07-16 13:58:28"
5791,1,483,14,146.4623,CNY,7,2026-01-16,"2026-07-16 13:58:28"
5792,1,483,14,149.2177,CNY,8,2026-02-16,"2026-07-16 13:58:28"
5793,1,483,14,143.8987,CNY,9,2026-03-16,"2026-07-16 13:58:28"
5794,1,483,14,128.833,CNY,10,2026-04-16,"2026-07-16 13:58:28"
5795,1,483,14,136.6193,CNY,11,2026-05-16,"2026-07-16 13:58:28"
5796,1,483,14,127.1612,CNY,12,2026-06-16,"2026-07-16 13:58:28"
5797,1,484,1,687.1785,USD,1,2025-07-16,"2026-07-16 13:58:28"
5798,1,484,1,704.4312,USD,2,2025-08-16,"2026-07-16 13:58:28"
5799,1,484,1,752.1309,USD,3,2025-09-16,"2026-07-16 13:58:28"
5800,1,484,1,661.22,USD,4,2025-10-16,"2026-07-16 13:58:28"
5801,1,484,1,785.0244,USD,5,2025-11-16,"2026-07-16 13:58:28"
5802,1,484,1,738.5853,USD,6,2025-12-16,"2026-07-16 13:58:28"
5803,1,484,1,727.79,USD,7,2026-01-16,"2026-07-16 13:58:28"
5804,1,484,1,690.1573,USD,8,2026-02-16,"2026-07-16 13:58:28"
5805,1,484,1,659.9879,USD,9,2026-03-16,"2026-07-16 13:58:28"
5806,1,484,1,725.9303,USD,10,2026-04-16,"2026-07-16 13:58:28"
5807,1,484,1,675.3805,USD,11,2026-05-16,"2026-07-16 13:58:28"
5808,1,484,1,772.8084,USD,12,2026-06-16,"2026-07-16 13:58:28"
5809,1,485,1,590.7347,CNY,1,2025-07-16,"2026-07-16 13:58:28"
5810,1,485,1,680.7031,CNY,2,2025-08-16,"2026-07-16 13:58:28"
5811,1,485,1,584.3148,CNY,3,2025-09-16,"2026-07-16 13:58:28"
5812,1,485,1,622.65,CNY,4,2025-10-16,"2026-07-16 13:58:28"
5813,1,485,1,665.4395,CNY,5,2025-11-16,"2026-07-16 13:58:28"
5814,1,485,1,656.3094,CNY,6,2025-12-16,"2026-07-16 13:58:28"
5815,1,485,1,672.9719,CNY,7,2026-01-16,"2026-07-16 13:58:28"
5816,1,485,1,630.0015,CNY,8,2026-02-16,"2026-07-16 13:58:28"
5817,1,485,1,636.9483,CNY,9,2026-03-16,"2026-07-16 13:58:28"
5818,1,485,1,657.9403,CNY,10,2026-04-16,"2026-07-16 13:58:28"
5819,1,485,1,632.4958,CNY,11,2026-05-16,"2026-07-16 13:58:28"
5820,1,485,1,647.2414,CNY,12,2026-06-16,"2026-07-16 13:58:28"
5821,1,486,5,619.392,CNY,1,2025-07-16,"2026-07-16 13:58:28"
5822,1,486,5,593.9365,CNY,2,2025-08-16,"2026-07-16 13:58:28"
5823,1,486,5,526.5278,CNY,3,2025-09-16,"2026-07-16 13:58:28"
5824,1,486,5,636.9724,CNY,4,2025-10-16,"2026-07-16 13:58:28"
5825,1,486,5,572.4257,CNY,5,2025-11-16,"2026-07-16 13:58:28"
5826,1,486,5,527.2641,CNY,6,2025-12-16,"2026-07-16 13:58:28"
5827,1,486,5,633.3682,CNY,7,2026-01-16,"2026-07-16 13:58:28"
5828,1,486,5,527.0403,CNY,8,2026-02-16,"2026-07-16 13:58:28"
5829,1,486,5,606.3497,CNY,9,2026-03-16,"2026-07-16 13:58:28"
5830,1,486,5,570.9817,CNY,10,2026-04-16,"2026-07-16 13:58:28"
5831,1,486,5,611.9395,CNY,11,2026-05-16,"2026-07-16 13:58:28"
5832,1,486,5,598.1192,CNY,12,2026-06-16,"2026-07-16 13:58:28"
5833,1,487,20,86.707,CNY,1,2025-07-16,"2026-07-16 13:58:28"
5834,1,487,20,79.6827,CNY,2,2025-08-16,"2026-07-16 13:58:28"
5835,1,487,20,92.9068,CNY,3,2025-09-16,"2026-07-16 13:58:28"
5836,1,487,20,89.4883,CNY,4,2025-10-16,"2026-07-16 13:58:28"
5837,1,487,20,77.4276,CNY,5,2025-11-16,"2026-07-16 13:58:28"
5838,1,487,20,87.2313,CNY,6,2025-12-16,"2026-07-16 13:58:28"
5839,1,487,20,94.447,CNY,7,2026-01-16,"2026-07-16 13:58:28"
5840,1,487,20,83.4361,CNY,8,2026-02-16,"2026-07-16 13:58:28"
5841,1,487,20,81.6536,CNY,9,2026-03-16,"2026-07-16 13:58:28"
5842,1,487,20,81.8497,CNY,10,2026-04-16,"2026-07-16 13:58:28"
5843,1,487,20,85.1285,CNY,11,2026-05-16,"2026-07-16 13:58:28"
5844,1,487,20,93.0455,CNY,12,2026-06-16,"2026-07-16 13:58:28"
5845,1,488,8,163.2517,CNY,1,2025-07-16,"2026-07-16 13:58:28"
5846,1,488,8,196.4795,CNY,2,2025-08-16,"2026-07-16 13:58:28"
5847,1,488,8,164.8607,CNY,3,2025-09-16,"2026-07-16 13:58:28"
5848,1,488,8,184.094,CNY,4,2025-10-16,"2026-07-16 13:58:28"
5849,1,488,8,188.794,CNY,5,2025-11-16,"2026-07-16 13:58:28"
5850,1,488,8,183.994,CNY,6,2025-12-16,"2026-07-16 13:58:28"
5851,1,488,8,193.3515,CNY,7,2026-01-16,"2026-07-16 13:58:28"
5852,1,488,8,188.248,CNY,8,2026-02-16,"2026-07-16 13:58:28"
5853,1,488,8,184.1509,CNY,9,2026-03-16,"2026-07-16 13:58:28"
5854,1,488,8,198.4128,CNY,10,2026-04-16,"2026-07-16 13:58:28"
5855,1,488,8,170.9319,CNY,11,2026-05-16,"2026-07-16 13:58:28"
5856,1,488,8,193.6584,CNY,12,2026-06-16,"2026-07-16 13:58:28"
5857,1,489,1,343.2963,CNY,1,2025-07-16,"2026-07-16 13:58:28"
5858,1,489,1,395.971,CNY,2,2025-08-16,"2026-07-16 13:58:28"
5859,1,489,1,377.3364,CNY,3,2025-09-16,"2026-07-16 13:58:28"
5860,1,489,1,403.4491,CNY,4,2025-10-16,"2026-07-16 13:58:28"
5861,1,489,1,352.2996,CNY,5,2025-11-16,"2026-07-16 13:58:28"
5862,1,489,1,367.9223,CNY,6,2025-12-16,"2026-07-16 13:58:28"
5863,1,489,1,394.1476,CNY,7,2026-01-16,"2026-07-16 13:58:28"
5864,1,489,1,409.613,CNY,8,2026-02-16,"2026-07-16 13:58:28"
5865,1,489,1,357.8393,CNY,9,2026-03-16,"2026-07-16 13:58:28"
5866,1,489,1,409.7437,CNY,10,2026-04-16,"2026-07-16 13:58:28"
5867,1,489,1,402.9043,CNY,11,2026-05-16,"2026-07-16 13:58:28"
5868,1,489,1,359.2391,CNY,12,2026-06-16,"2026-07-16 13:58:28"
5869,1,490,15,662.1988,USD,1,2025-07-16,"2026-07-16 13:58:28"
5870,1,490,15,753.2999,USD,2,2025-08-16,"2026-07-16 13:58:28"
5871,1,490,15,736.6474,USD,3,2025-09-16,"2026-07-16 13:58:28"
5872,1,490,15,682.1889,USD,4,2025-10-16,"2026-07-16 13:58:28"
5873,1,490,15,701.5894,USD,5,2025-11-16,"2026-07-16 13:58:28"
5874,1,490,15,763.6849,USD,6,2025-12-16,"2026-07-16 13:58:28"
5875,1,490,15,728.663,USD,7,2026-01-16,"2026-07-16 13:58:28"
5876,1,490,15,714.6618,USD,8,2026-02-16,"2026-07-16 13:58:28"
5877,1,490,15,682.685,USD,9,2026-03-16,"2026-07-16 13:58:28"
5878,1,490,15,660.0343,USD,10,2026-04-16,"2026-07-16 13:58:28"
5879,1,490,15,743.8069,USD,11,2026-05-16,"2026-07-16 13:58:28"
5880,1,490,15,705.5263,USD,12,2026-06-16,"2026-07-16 13:58:28"
5881,1,491,15,304.4101,CNY,1,2025-07-16,"2026-07-16 13:58:28"
5882,1,491,15,296.6165,CNY,2,2025-08-16,"2026-07-16 13:58:28"
5883,1,491,15,282.1057,CNY,3,2025-09-16,"2026-07-16 13:58:28"
5884,1,491,15,276.8563,CNY,4,2025-10-16,"2026-07-16 13:58:28"
5885,1,491,15,274.7996,CNY,5,2025-11-16,"2026-07-16 13:58:28"
5886,1,491,15,303.5325,CNY,6,2025-12-16,"2026-07-16 13:58:28"
5887,1,491,15,286.4746,CNY,7,2026-01-16,"2026-07-16 13:58:28"
5888,1,491,15,282.4504,CNY,8,2026-02-16,"2026-07-16 13:58:28"
5889,1,491,15,275.3712,CNY,9,2026-03-16,"2026-07-16 13:58:28"
5890,1,491,15,267.0006,CNY,10,2026-04-16,"2026-07-16 13:58:28"
5891,1,491,15,279.3835,CNY,11,2026-05-16,"2026-07-16 13:58:28"
5892,1,491,15,262.6934,CNY,12,2026-06-16,"2026-07-16 13:58:28"
5893,1,492,14,718.9082,USD,1,2025-07-16,"2026-07-16 13:58:28"
5894,1,492,14,679.5144,USD,2,2025-08-16,"2026-07-16 13:58:28"
5895,1,492,14,816.4272,USD,3,2025-09-16,"2026-07-16 13:58:28"
5896,1,492,14,761.8065,USD,4,2025-10-16,"2026-07-16 13:58:28"
5897,1,492,14,798.1166,USD,5,2025-11-16,"2026-07-16 13:58:28"
5898,1,492,14,739.0647,USD,6,2025-12-16,"2026-07-16 13:58:28"
5899,1,492,14,701.05,USD,7,2026-01-16,"2026-07-16 13:58:28"
5900,1,492,14,691.2142,USD,8,2026-02-16,"2026-07-16 13:58:28"
5901,1,492,14,761.6188,USD,9,2026-03-16,"2026-07-16 13:58:28"
5902,1,492,14,694.9521,USD,10,2026-04-16,"2026-07-16 13:58:28"
5903,1,492,14,738.3545,USD,11,2026-05-16,"2026-07-16 13:58:28"
5904,1,492,14,707.9545,USD,12,2026-06-16,"2026-07-16 13:58:28"
5905,1,493,15,236.1354,CNY,1,2025-07-16,"2026-07-16 13:58:28"
5906,1,493,15,212.9341,CNY,2,2025-08-16,"2026-07-16 13:58:28"
5907,1,493,15,204.1814,CNY,3,2025-09-16,"2026-07-16 13:58:28"
5908,1,493,15,215.2675,CNY,4,2025-10-16,"2026-07-16 13:58:28"
5909,1,493,15,204.2495,CNY,5,2025-11-16,"2026-07-16 13:58:28"
5910,1,493,15,206.1143,CNY,6,2025-12-16,"2026-07-16 13:58:28"
5911,1,493,15,235.1754,CNY,7,2026-01-16,"2026-07-16 13:58:28"
5912,1,493,15,218.4041,CNY,8,2026-02-16,"2026-07-16 13:58:28"
5913,1,493,15,217.3159,CNY,9,2026-03-16,"2026-07-16 13:58:28"
5914,1,493,15,206.9411,CNY,10,2026-04-16,"2026-07-16 13:58:28"
5915,1,493,15,226.1537,CNY,11,2026-05-16,"2026-07-16 13:58:28"
5916,1,493,15,213.3887,CNY,12,2026-06-16,"2026-07-16 13:58:28"
5917,1,494,4,419.4326,CNY,1,2025-07-16,"2026-07-16 13:58:28"
5918,1,494,4,414.9824,CNY,2,2025-08-16,"2026-07-16 13:58:28"
5919,1,494,4,419.5597,CNY,3,2025-09-16,"2026-07-16 13:58:28"
5920,1,494,4,384.6307,CNY,4,2025-10-16,"2026-07-16 13:58:28"
5921,1,494,4,415.7628,CNY,5,2025-11-16,"2026-07-16 13:58:28"
5922,1,494,4,403.9565,CNY,6,2025-12-16,"2026-07-16 13:58:28"
5923,1,494,4,389.2662,CNY,7,2026-01-16,"2026-07-16 13:58:28"
5924,1,494,4,408.8763,CNY,8,2026-02-16,"2026-07-16 13:58:28"
5925,1,494,4,421.698,CNY,9,2026-03-16,"2026-07-16 13:58:28"
5926,1,494,4,378.8064,CNY,10,2026-04-16,"2026-07-16 13:58:28"
5927,1,494,4,394.3148,CNY,11,2026-05-16,"2026-07-16 13:58:28"
5928,1,494,4,388.9973,CNY,12,2026-06-16,"2026-07-16 13:58:28"
5929,1,495,2,654.9839,CNY,1,2025-07-16,"2026-07-16 13:58:28"
5930,1,495,2,619.3994,CNY,2,2025-08-16,"2026-07-16 13:58:28"
5931,1,495,2,675.8383,CNY,3,2025-09-16,"2026-07-16 13:58:28"
5932,1,495,2,694.6035,CNY,4,2025-10-16,"2026-07-16 13:58:28"
5933,1,495,2,612.8445,CNY,5,2025-11-16,"2026-07-16 13:58:28"
5934,1,495,2,711.7063,CNY,6,2025-12-16,"2026-07-16 13:58:28"
5935,1,495,2,700.5488,CNY,7,2026-01-16,"2026-07-16 13:58:28"
5936,1,495,2,641.8409,CNY,8,2026-02-16,"2026-07-16 13:58:28"
5937,1,495,2,654.8109,CNY,9,2026-03-16,"2026-07-16 13:58:28"
5938,1,495,2,678.3026,CNY,10,2026-04-16,"2026-07-16 13:58:28"
5939,1,495,2,648.641,CNY,11,2026-05-16,"2026-07-16 13:58:28"
5940,1,495,2,664.8135,CNY,12,2026-06-16,"2026-07-16 13:58:28"
5941,1,496,7,393.394,CNY,1,2025-07-16,"2026-07-16 13:58:28"
5942,1,496,7,457.4753,CNY,2,2025-08-16,"2026-07-16 13:58:28"
5943,1,496,7,472.2875,CNY,3,2025-09-16,"2026-07-16 13:58:28"
5944,1,496,7,433.2595,CNY,4,2025-10-16,"2026-07-16 13:58:28"
5945,1,496,7,418.7297,CNY,5,2025-11-16,"2026-07-16 13:58:28"
5946,1,496,7,448.8742,CNY,6,2025-12-16,"2026-07-16 13:58:28"
5947,1,496,7,426.1521,CNY,7,2026-01-16,"2026-07-16 13:58:28"
5948,1,496,7,462.5837,CNY,8,2026-02-16,"2026-07-16 13:58:28"
5949,1,496,7,471.9871,CNY,9,2026-03-16,"2026-07-16 13:58:28"
5950,1,496,7,462.1849,CNY,10,2026-04-16,"2026-07-16 13:58:28"
5951,1,496,7,432.8446,CNY,11,2026-05-16,"2026-07-16 13:58:28"
5952,1,496,7,451.5266,CNY,12,2026-06-16,"2026-07-16 13:58:28"
5953,1,497,3,342.6409,CNY,1,2025-07-16,"2026-07-16 13:58:28"
5954,1,497,3,303.3722,CNY,2,2025-08-16,"2026-07-16 13:58:28"
5955,1,497,3,319.8756,CNY,3,2025-09-16,"2026-07-16 13:58:28"
5956,1,497,3,339.3437,CNY,4,2025-10-16,"2026-07-16 13:58:28"
5957,1,497,3,343.4718,CNY,5,2025-11-16,"2026-07-16 13:58:28"
5958,1,497,3,324.8844,CNY,6,2025-12-16,"2026-07-16 13:58:28"
5959,1,497,3,342.8929,CNY,7,2026-01-16,"2026-07-16 13:58:28"
5960,1,497,3,334.0592,CNY,8,2026-02-16,"2026-07-16 13:58:28"
5961,1,497,3,294.1033,CNY,9,2026-03-16,"2026-07-16 13:58:28"
5962,1,497,3,305.4565,CNY,10,2026-04-16,"2026-07-16 13:58:28"
5963,1,497,3,292.8343,CNY,11,2026-05-16,"2026-07-16 13:58:28"
5964,1,497,3,317.8322,CNY,12,2026-06-16,"2026-07-16 13:58:28"
5965,1,498,16,327.554,CNY,1,2025-07-16,"2026-07-16 13:58:28"
5966,1,498,16,389.2961,CNY,2,2025-08-16,"2026-07-16 13:58:28"
5967,1,498,16,345.0116,CNY,3,2025-09-16,"2026-07-16 13:58:28"
5968,1,498,16,370.7535,CNY,4,2025-10-16,"2026-07-16 13:58:28"
5969,1,498,16,339.2629,CNY,5,2025-11-16,"2026-07-16 13:58:28"
5970,1,498,16,371.7656,CNY,6,2025-12-16,"2026-07-16 13:58:28"
5971,1,498,16,354.8118,CNY,7,2026-01-16,"2026-07-16 13:58:28"
5972,1,498,16,335.5558,CNY,8,2026-02-16,"2026-07-16 13:58:28"
5973,1,498,16,372.8843,CNY,9,2026-03-16,"2026-07-16 13:58:28"
5974,1,498,16,324.9443,CNY,10,2026-04-16,"2026-07-16 13:58:28"
5975,1,498,16,322.0382,CNY,11,2026-05-16,"2026-07-16 13:58:28"
5976,1,498,16,344.0967,CNY,12,2026-06-16,"2026-07-16 13:58:28"
5977,1,499,19,564.3812,CNY,1,2025-07-16,"2026-07-16 13:58:28"
5978,1,499,19,598.295,CNY,2,2025-08-16,"2026-07-16 13:58:28"
5979,1,499,19,568.7036,CNY,3,2025-09-16,"2026-07-16 13:58:28"
5980,1,499,19,635.116,CNY,4,2025-10-16,"2026-07-16 13:58:28"
5981,1,499,19,643.2151,CNY,5,2025-11-16,"2026-07-16 13:58:28"
5982,1,499,19,568.746,CNY,6,2025-12-16,"2026-07-16 13:58:28"
5983,1,499,19,552.6181,CNY,7,2026-01-16,"2026-07-16 13:58:28"
5984,1,499,19,630.3324,CNY,8,2026-02-16,"2026-07-16 13:58:28"
5985,1,499,19,607.1875,CNY,9,2026-03-16,"2026-07-16 13:58:28"
5986,1,499,19,617.9084,CNY,10,2026-04-16,"2026-07-16 13:58:28"
5987,1,499,19,571.8335,CNY,11,2026-05-16,"2026-07-16 13:58:28"
5988,1,499,19,556.9123,CNY,12,2026-06-16,"2026-07-16 13:58:28"
5989,1,500,6,777.0111,CNY,1,2025-07-16,"2026-07-16 13:58:28"
5990,1,500,6,740.6867,CNY,2,2025-08-16,"2026-07-16 13:58:28"
5991,1,500,6,747.5786,CNY,3,2025-09-16,"2026-07-16 13:58:28"
5992,1,500,6,827.3557,CNY,4,2025-10-16,"2026-07-16 13:58:28"
5993,1,500,6,853.3521,CNY,5,2025-11-16,"2026-07-16 13:58:28"
5994,1,500,6,819.4517,CNY,6,2025-12-16,"2026-07-16 13:58:28"
5995,1,500,6,793.1411,CNY,7,2026-01-16,"2026-07-16 13:58:28"
5996,1,500,6,837.7032,CNY,8,2026-02-16,"2026-07-16 13:58:28"
5997,1,500,6,877.5642,CNY,9,2026-03-16,"2026-07-16 13:58:28"
5998,1,500,6,892.4812,CNY,10,2026-04-16,"2026-07-16 13:58:28"
5999,1,500,6,786.206,CNY,11,2026-05-16,"2026-07-16 13:58:28"
6000,1,500,6,894.4207,CNY,12,2026-06-16,"2026-07-16 13:58:28"
